"User ID","Feed ID","Post Type","Category","Liked","Shared","Viewed","Watch Time (sec)","Total Feed Views","Created At"
"6948f7c47cbb8cca3ea6ae0f","69cb90c7b003b2352ccd0c7e","video","Love","No","No","Yes",0,14,"2026-05-04 08:36:05"
"6948f7c47cbb8cca3ea6ae0f","69cb9077b003b2352cccfd70","image","Morning Spiritual","No","No","Yes",0,0,"2026-05-04 08:36:00"
"69ec4fc8a93571a9a71f5522","69ca5c34b003b2352cccda30","image","Education","No","No","Yes",0,0,"2026-04-25 05:25:01"
"69ec4fc8a93571a9a71f5522","69ca5cf2b003b2352ccce2ca","image","Motivation","No","No","Yes",0,0,"2026-04-25 05:25:01"
"69ec4fc8a93571a9a71f5522","69cb9077b003b2352cccfd70","image","Morning Spiritual","No","No","Yes",0,0,"2026-04-25 05:25:00"
"69ec4fc8a93571a9a71f5522","69cb905db003b2352cccf77b","image","Education","No","No","Yes",0,0,"2026-04-25 05:25:00"
"69ec4c53a93571a9a71f327f","69a02c6420120ebc1d3f6baf","video","Politics","No","No","Yes",0,6,"2026-04-25 05:20:30"
"69ec4e56a93571a9a71f4abf","69be79e6339099e2ee74a6be","image","Morning Spiritual","No","No","Yes",0,0,"2026-04-25 05:19:26"
"69ec4e56a93571a9a71f4abf","69be7a1a339099e2ee74add6","image","Motivation","No","No","Yes",0,0,"2026-04-25 05:19:26"
"69ec4e56a93571a9a71f4abf","69bd356f339099e2ee747774","image","Morning Spiritual","No","No","Yes",0,0,"2026-04-25 05:19:26"
"69ec4e56a93571a9a71f4abf","69be7aa2339099e2ee74bde3","image","Morning Spiritual","No","No","Yes",0,0,"2026-04-25 05:19:24"
"69ec4e56a93571a9a71f4abf","69be7a6b339099e2ee74b701","image","Education","No","No","Yes",0,0,"2026-04-25 05:19:24"
"69ec4e56a93571a9a71f4abf","69ca5038b003b2352cccb53f","image","Motivational Quotes","No","No","Yes",0,0,"2026-04-25 05:19:22"
"69ec4e56a93571a9a71f4abf","69ca4fd9b003b2352cccac87","image","Morning Spiritual","No","No","Yes",0,0,"2026-04-25 05:19:22"
"69ec4d19a93571a9a71f4052","69cb9077b003b2352cccfd70","image","Morning Spiritual","No","No","Yes",0,0,"2026-04-25 05:18:39"
"69ec4d19a93571a9a71f4052","69cb905db003b2352cccf77b","image","Education","No","No","Yes",0,0,"2026-04-25 05:18:39"
"69ec4d19a93571a9a71f4052","69ca5cf2b003b2352ccce2ca","image","Motivation","No","No","Yes",0,0,"2026-04-25 05:18:39"
"69ec4d19a93571a9a71f4052","69ca5c34b003b2352cccda30","image","Education","No","No","Yes",0,0,"2026-04-25 05:18:39"
"69ec4c54a93571a9a71f3285","69b7ebc5978429bc67dcd45b","image","Education","No","No","Yes",0,0,"2026-04-25 05:18:23"
"69ec4c54a93571a9a71f3285","69b9373f978429bc67dd3641","image","Morning Motivation","No","No","Yes",0,0,"2026-04-25 05:18:21"
"69ec4db6a93571a9a71f44a8","69be7a1a339099e2ee74add6","image","Motivation","No","No","Yes",0,0,"2026-04-25 05:18:20"
"69ec4c54a93571a9a71f3285","69b935c1978429bc67dd0071","image","Education","No","No","Yes",0,0,"2026-04-25 05:18:20"
"69ec4db6a93571a9a71f44a8","69be7a6b339099e2ee74b701","image","Education","No","No","Yes",0,0,"2026-04-25 05:18:19"
"69ec4c54a93571a9a71f3285","69b93621978429bc67dd0b6c","image","Motivation","No","No","Yes",0,0,"2026-04-25 05:18:19"
"69ec4c54a93571a9a71f3285","69b9364d978429bc67dd1251","image","Morning Spiritual","No","No","Yes",0,0,"2026-04-25 05:18:18"
"69ec4c54a93571a9a71f3285","69b936e6978429bc67dd2830","image","Education","No","No","Yes",0,0,"2026-04-25 05:18:15"
"69ec4c54a93571a9a71f3285","69b93690978429bc67dd1eeb","image","Morning Spiritual","No","No","Yes",0,0,"2026-04-25 05:18:15"
"69ec4db6a93571a9a71f44a8","69be7aa2339099e2ee74bde3","image","Morning Spiritual","No","No","Yes",0,0,"2026-04-25 05:18:15"
"69ec4c54a93571a9a71f3285","69b9366f978429bc67dd18c6","image","Morning Spiritual","No","No","Yes",0,0,"2026-04-25 05:18:15"
"69ec4c6fa93571a9a71f33e8","69ca5065b003b2352cccbdcd","video","Story","No","No","Yes",0,5,"2026-04-25 05:18:05"
"69ec4cbea93571a9a71f37c7","69cb909cb003b2352ccd0526","video","Story","No","No","Yes",0,9,"2026-04-25 05:17:55"
"69ec4e56a93571a9a71f4abf","69ca5c34b003b2352cccda30","image","Education","No","No","Yes",0,0,"2026-04-25 05:17:55"
"69ec4e56a93571a9a71f4abf","69cb905db003b2352cccf77b","image","Education","No","No","Yes",0,0,"2026-04-25 05:17:55"
"69ec4e56a93571a9a71f4abf","69ca5cf2b003b2352ccce2ca","image","Motivation","No","No","Yes",0,0,"2026-04-25 05:17:55"
"69ec4e56a93571a9a71f4abf","69cb9077b003b2352cccfd70","image","Morning Spiritual","No","No","Yes",0,0,"2026-04-25 05:17:55"
"69ec4e56a93571a9a71f4abf","69ca5b1ab003b2352cccd148","image","Motivational Quotes","No","No","Yes",0,0,"2026-04-25 05:17:55"
"69ec4db6a93571a9a71f44a8","69be7bbc339099e2ee74d80d","video","Movie","No","No","Yes",0,6,"2026-04-25 05:17:54"
"69ec4e3aa93571a9a71f4877","69cb90c7b003b2352ccd0c7e","video","Love","No","No","Yes",0,14,"2026-04-25 05:17:51"
"69ec4ca4a93571a9a71f3683","69ca4fd9b003b2352cccac87","image","Morning Spiritual","No","No","Yes",0,0,"2026-04-25 05:17:49"
"69ec4db6a93571a9a71f44a8","69ca4fd9b003b2352cccac87","image","Morning Spiritual","No","No","Yes",0,0,"2026-04-25 05:17:48"
"69ec4db6a93571a9a71f44a8","69ca5038b003b2352cccb53f","image","Motivational Quotes","No","No","Yes",0,0,"2026-04-25 05:17:46"
"69ec4c54a93571a9a71f3285","69ba9d15978429bc67dd69e5","image","Motivation","No","No","Yes",0,0,"2026-04-25 05:17:43"
"69ec4c54a93571a9a71f3285","69ba9cdc978429bc67dd61e2","image","Motivation","No","No","Yes",0,0,"2026-04-25 05:17:43"
"69ec4c6fa93571a9a71f33e8","69ca5b1ab003b2352cccd148","image","Motivational Quotes","No","No","Yes",0,0,"2026-04-25 05:17:36"
"69ec4c54a93571a9a71f3285","69ba9d45978429bc67dd709c","video","Love","No","No","Yes",0,2,"2026-04-25 05:17:34"
"69ec4cc1a93571a9a71f3826","69ca5c34b003b2352cccda30","image","Education","No","No","Yes",0,0,"2026-04-25 05:17:33"
"69ec4cc1a93571a9a71f3826","69ca5b1ab003b2352cccd148","image","Motivational Quotes","No","No","Yes",0,0,"2026-04-25 05:17:33"
"69ec4cbea93571a9a71f37c7","69cb90c7b003b2352ccd0c7e","video","Love","No","No","Yes",0,14,"2026-04-25 05:17:30"
"69ec4db6a93571a9a71f44a8","69ca5065b003b2352cccbdcd","video","Story","No","No","Yes",0,5,"2026-04-25 05:17:24"
"69ec4c53a93571a9a71f327f","69aab2b59f5522d51c188404","video","Birthday","No","No","Yes",0,2,"2026-04-25 05:17:20"
"69ec4cbea93571a9a71f37c7","69cb9077b003b2352cccfd70","image","Morning Spiritual","No","No","Yes",0,0,"2026-04-25 05:17:20"
"69ec4c54a93571a9a71f3285","69ba9d63978429bc67dd76b7","image","Morning Spiritual","No","No","Yes",0,0,"2026-04-25 05:17:14"
"69ec4c54a93571a9a71f3285","69ba9dd2978429bc67dd88ad","image","Education","No","No","Yes",0,0,"2026-04-25 05:17:10"
"69ec4c54a93571a9a71f3285","69ba9e00978429bc67dd8ef6","image","Motivation","No","No","Yes",0,0,"2026-04-25 05:17:08"
"69ec4c54a93571a9a71f3285","69ba9e1c978429bc67dd94b9","image","Morning Spiritual","No","No","Yes",0,0,"2026-04-25 05:17:07"
"69ec4c54a93571a9a71f3285","69bbe7bd978429bc67dda469","image","Family","No","No","Yes",0,0,"2026-04-25 05:17:04"
"69ec4deba93571a9a71f4505","69cb90c7b003b2352ccd0c7e","video","Love","No","No","Yes",0,14,"2026-04-25 05:17:01"
"69ec4c54a93571a9a71f3285","69bbe93a978429bc67ddac80","image","Life","No","No","Yes",0,0,"2026-04-25 05:17:01"
"69ec4db6a93571a9a71f44a8","69ca50cab003b2352cccc7a4","video","Love","No","No","Yes",0,3,"2026-04-25 05:16:54"
"69ec4c54a93571a9a71f3285","69bbe976978429bc67ddb347","image","Dad Emotional","No","No","Yes",0,0,"2026-04-25 05:16:53"
"69ec4c53a93571a9a71f327f","699c43e668244fd7fa646a47","video","Hard Work","No","No","Yes",0,3,"2026-04-25 05:16:49"
"69ec4db6a93571a9a71f44a8","69ca5b1ab003b2352cccd148","image","Motivational Quotes","No","No","Yes",0,0,"2026-04-25 05:16:46"
"69ec4deba93571a9a71f4505","69ca5c34b003b2352cccda30","image","Education","No","No","Yes",0,0,"2026-04-25 05:16:44"
"69ec4deba93571a9a71f4505","69ca5cf2b003b2352ccce2ca","image","Motivation","No","No","Yes",0,0,"2026-04-25 05:16:43"
"69ec4db6a93571a9a71f44a8","69ca5c34b003b2352cccda30","image","Education","No","No","Yes",0,0,"2026-04-25 05:16:43"
"69ec4cbea93571a9a71f37c7","69cb905db003b2352cccf77b","image","Education","No","No","Yes",0,0,"2026-04-25 05:16:42"
"69ec4deba93571a9a71f4505","69cb905db003b2352cccf77b","image","Education","No","No","Yes",0,0,"2026-04-25 05:16:42"
"69ec4deba93571a9a71f4505","69cb9077b003b2352cccfd70","image","Morning Spiritual","No","No","Yes",0,0,"2026-04-25 05:16:41"
"69ec4c54a93571a9a71f3285","69bbe9bf978429bc67ddbe1e","video","Movie","No","No","Yes",0,3,"2026-04-25 05:16:35"
"69ec4db6a93571a9a71f44a8","69ca5cf2b003b2352ccce2ca","image","Motivation","No","No","Yes",0,0,"2026-04-25 05:16:34"
"69ec4db6a93571a9a71f44a8","69cb905db003b2352cccf77b","image","Education","No","No","Yes",0,0,"2026-04-25 05:16:33"
"69ec4db6a93571a9a71f44a8","69cb9077b003b2352cccfd70","image","Morning Spiritual","No","No","Yes",0,0,"2026-04-25 05:16:32"
"69ec4cb5a93571a9a71f379e","69cb9077b003b2352cccfd70","image","Morning Spiritual","No","No","Yes",0,0,"2026-04-25 05:16:24"
"69ec4db6a93571a9a71f44a8","69cb909cb003b2352ccd0526","video","Story","No","No","Yes",0,9,"2026-04-25 05:15:59"
"69ec4c6fa93571a9a71f33e8","69ca5c34b003b2352cccda30","image","Education","No","No","Yes",0,0,"2026-04-25 05:15:46"
"69ec4c53a93571a9a71f327f","69b0128fa15626a04e9fc994","video","Motivation","No","No","Yes",0,2,"2026-04-25 05:15:44"
"69ec4c6fa93571a9a71f33e8","69ca5cf2b003b2352ccce2ca","image","Motivation","No","No","Yes",0,0,"2026-04-25 05:15:43"
"69ec4c53a93571a9a71f327f","69b15bcc6083ce3d0467a3f4","image","Motivation","Yes","No","Yes",0,0,"2026-04-25 05:15:34"
"69ec4c53a93571a9a71f327f","69b3fbeee30dbc2dfa93f07c","image","Motivation","No","No","Yes",0,0,"2026-04-25 05:15:21"
"69ec4cb5a93571a9a71f379e","69cb90c7b003b2352ccd0c7e","video","Love","No","No","Yes",0,14,"2026-04-25 05:15:04"
"69ec4c54a93571a9a71f3285","69bbe9e4978429bc67ddc4f9","image","Motivation","No","No","Yes",0,0,"2026-04-25 05:13:21"
"69ec4c54a93571a9a71f3285","69bbea59978429bc67ddd2c9","image","Education","No","No","Yes",0,0,"2026-04-25 05:13:13"
"69ec4c54a93571a9a71f3285","69bbea81978429bc67ddd921","video","Story","No","No","Yes",0,2,"2026-04-25 05:13:12"
"69ec4c53a93571a9a71f327f","69b53d18978429bc67dc25a1","image","Motivation","No","No","Yes",0,0,"2026-04-25 05:13:09"
"69ec4c53a93571a9a71f327f","69b55a00978429bc67dc6c22","image","Motivation","No","No","Yes",0,0,"2026-04-25 05:13:08"
"69ec4c53a93571a9a71f327f","69b540de978429bc67dc48f3","image","Motivation","No","No","Yes",0,0,"2026-04-25 05:13:08"
"69ec4c54a93571a9a71f3285","69bd33b4339099e2ee744dff","image","Motivation","No","No","Yes",0,0,"2026-04-25 05:13:07"
"69ec4c54a93571a9a71f3285","69bd33de339099e2ee74549d","image","Morning Spiritual","No","No","Yes",0,0,"2026-04-25 05:13:06"
"69ec4c54a93571a9a71f3285","69bd348e339099e2ee745c6d","image","Education","No","No","Yes",0,0,"2026-04-25 05:12:58"
"69ec4c54a93571a9a71f3285","69bd34bb339099e2ee746350","image","Life","No","No","Yes",0,0,"2026-04-25 05:12:57"
"69ec4c54a93571a9a71f3285","69bd3517339099e2ee747006","video","Love","No","No","Yes",0,3,"2026-04-25 05:12:44"
"69ec4c54a93571a9a71f3285","69be7a1a339099e2ee74add6","image","Motivation","No","No","Yes",0,0,"2026-04-25 05:12:32"
"69ec4c54a93571a9a71f3285","69be7a6b339099e2ee74b701","image","Education","No","No","Yes",0,0,"2026-04-25 05:12:31"
"69ec4c54a93571a9a71f3285","69be7bbc339099e2ee74d80d","video","Movie","No","No","Yes",0,6,"2026-04-25 05:12:27"
"69ec4c54a93571a9a71f3285","69be79e6339099e2ee74a6be","image","Morning Spiritual","No","No","Yes",0,0,"2026-04-25 05:12:23"
"69ec4c54a93571a9a71f3285","69bd356f339099e2ee747774","image","Morning Spiritual","No","No","Yes",0,0,"2026-04-25 05:12:23"
"69ec4c54a93571a9a71f3285","69be7aa2339099e2ee74bde3","image","Morning Spiritual","No","No","Yes",0,0,"2026-04-25 05:12:22"
"69ec4c54a93571a9a71f3285","69ca4fd9b003b2352cccac87","image","Morning Spiritual","No","No","Yes",0,0,"2026-04-25 05:12:07"
"69ec4c54a93571a9a71f3285","69ca5038b003b2352cccb53f","image","Motivational Quotes","No","No","Yes",0,0,"2026-04-25 05:12:06"
"69ec4ccfa93571a9a71f38db","69cb9077b003b2352cccfd70","image","Morning Spiritual","No","No","Yes",0,0,"2026-04-25 05:11:50"
"69ec4c58a93571a9a71f328c","69ca5b1ab003b2352cccd148","image","Motivational Quotes","No","No","Yes",0,0,"2026-04-25 05:11:42"
"69ec4c54a93571a9a71f3285","69ca5b1ab003b2352cccd148","image","Motivational Quotes","No","No","Yes",0,0,"2026-04-25 05:11:41"
"69ec4c58a93571a9a71f328c","69ca5c34b003b2352cccda30","image","Education","No","No","Yes",0,0,"2026-04-25 05:11:41"
"69ec4c58a93571a9a71f328c","69ca5cf2b003b2352ccce2ca","image","Motivation","No","No","Yes",0,0,"2026-04-25 05:11:36"
"69ec4c58a93571a9a71f328c","69cb905db003b2352cccf77b","image","Education","No","No","Yes",0,0,"2026-04-25 05:11:34"
"69ec4ccfa93571a9a71f38db","69cb90c7b003b2352ccd0c7e","video","Love","No","No","Yes",0,14,"2026-04-25 05:11:33"
"69ec4c58a93571a9a71f328c","69cb9077b003b2352cccfd70","image","Morning Spiritual","No","No","Yes",0,0,"2026-04-25 05:11:30"
"69ec4cc1a93571a9a71f3826","69ca5cf2b003b2352ccce2ca","image","Motivation","No","No","Yes",0,0,"2026-04-25 05:11:11"
"69ec4cc1a93571a9a71f3826","69cb905db003b2352cccf77b","image","Education","No","No","Yes",0,0,"2026-04-25 05:11:10"
"69ec4cc1a93571a9a71f3826","69cb90c7b003b2352ccd0c7e","video","Love","No","No","Yes",0,14,"2026-04-25 05:11:02"
"69ec4cc1a93571a9a71f3826","69cb9077b003b2352cccfd70","image","Morning Spiritual","No","No","Yes",0,0,"2026-04-25 05:11:02"
"69ec4ca4a93571a9a71f3683","69ca5038b003b2352cccb53f","image","Motivational Quotes","No","No","Yes",0,0,"2026-04-25 05:11:00"
"69ec4c53a93571a9a71f327f","69b7eb1b978429bc67dcbaf7","image","Motivation","Yes","No","Yes",0,0,"2026-04-25 05:10:56"
"69ec4c53a93571a9a71f327f","69b7eac9978429bc67dcb28b","image","Motivation","No","No","Yes",0,0,"2026-04-25 05:10:55"
"69ec4ca4a93571a9a71f3683","69ca5c34b003b2352cccda30","image","Education","No","No","Yes",0,0,"2026-04-25 05:10:53"
"69ec4ca4a93571a9a71f3683","69ca5b1ab003b2352cccd148","image","Motivational Quotes","No","No","Yes",0,0,"2026-04-25 05:10:53"
"69ec4ca4a93571a9a71f3683","69ca5cf2b003b2352ccce2ca","image","Motivation","No","No","Yes",0,0,"2026-04-25 05:10:52"
"69ec4c53a93571a9a71f327f","69b93621978429bc67dd0b6c","image","Motivation","No","No","Yes",0,0,"2026-04-25 05:10:52"
"69ec4ca4a93571a9a71f3683","69cb9077b003b2352cccfd70","image","Morning Spiritual","No","No","Yes",0,0,"2026-04-25 05:10:51"
"69ec4ca4a93571a9a71f3683","69cb905db003b2352cccf77b","image","Education","No","No","Yes",0,0,"2026-04-25 05:10:51"
"69ec4c53a93571a9a71f327f","69ba9cdc978429bc67dd61e2","image","Motivation","Yes","No","Yes",0,0,"2026-04-25 05:10:22"
"69ec4caaa93571a9a71f36db","69cb90c7b003b2352ccd0c7e","video","Love","No","No","Yes",0,14,"2026-04-25 05:10:21"
"69ec4c6fa93571a9a71f33e8","69cb909cb003b2352ccd0526","video","Story","No","No","Yes",0,9,"2026-04-25 05:09:47"
"69ec4c53a93571a9a71f327f","69ba9e00978429bc67dd8ef6","image","Motivation","No","No","Yes",0,0,"2026-04-25 05:09:47"
"69ec4c53a93571a9a71f327f","69ba9d15978429bc67dd69e5","image","Motivation","No","No","Yes",0,0,"2026-04-25 05:09:47"
"69ec4c53a93571a9a71f327f","69bbe9e4978429bc67ddc4f9","image","Motivation","No","No","Yes",0,0,"2026-04-25 05:09:46"
"69ec4c58a93571a9a71f328c","69cb90c7b003b2352ccd0c7e","video","Love","No","No","Yes",0,14,"2026-04-25 05:09:45"
"69ec4c53a93571a9a71f327f","69bd33b4339099e2ee744dff","image","Motivation","No","No","Yes",0,0,"2026-04-25 05:09:45"
"69ec4c53a93571a9a71f327f","69ca5cf2b003b2352ccce2ca","image","Motivation","Yes","No","Yes",0,0,"2026-04-25 05:09:44"
"69ec4c53a93571a9a71f327f","69be7a1a339099e2ee74add6","image","Motivation","No","No","Yes",0,0,"2026-04-25 05:09:42"
"69ec4c53a93571a9a71f327f","69ca5b1ab003b2352cccd148","image","Motivational Quotes","No","No","Yes",0,0,"2026-04-25 05:09:40"
"69ec4c54a93571a9a71f3285","69ca5c34b003b2352cccda30","image","Education","No","No","Yes",0,0,"2026-04-25 05:09:39"
"69ec4c6fa93571a9a71f33e8","69cb9077b003b2352cccfd70","image","Morning Spiritual","No","No","Yes",0,0,"2026-04-25 05:09:38"
"69ec4c6fa93571a9a71f33e8","69cb905db003b2352cccf77b","image","Education","No","No","Yes",0,0,"2026-04-25 05:09:38"
"69ec4c54a93571a9a71f3285","69ca5cf2b003b2352ccce2ca","image","Motivation","No","No","Yes",0,0,"2026-04-25 05:09:37"
"69ec4c6fa93571a9a71f33e8","69cb90c7b003b2352ccd0c7e","video","Love","No","No","Yes",0,14,"2026-04-25 05:09:36"
"69ec4c54a93571a9a71f3285","69cb905db003b2352cccf77b","image","Education","No","No","Yes",0,0,"2026-04-25 05:09:34"
"69ec4c53a93571a9a71f327f","69cb90c7b003b2352ccd0c7e","video","Love","Yes","No","No",0,14,"2026-04-25 05:09:30"
"69ec4c54a93571a9a71f3285","69cb9077b003b2352cccfd70","image","Morning Spiritual","No","No","Yes",0,0,"2026-04-25 05:09:30"
"69ec4c53a93571a9a71f327f","69cb909cb003b2352ccd0526","video","Story","Yes","No","No",0,9,"2026-04-25 05:09:28"
"69ec4c54a93571a9a71f3285","69cb909cb003b2352ccd0526","video","Story","No","No","Yes",0,9,"2026-04-25 05:09:25"
"69ec4c53a93571a9a71f327f","69ca5c34b003b2352cccda30","image","Education","No","No","Yes",0,0,"2026-04-25 05:09:24"
"69ec4c53a93571a9a71f327f","69cb905db003b2352cccf77b","image","Education","No","No","Yes",0,0,"2026-04-25 05:09:23"
"69ec4c53a93571a9a71f327f","69cb9077b003b2352cccfd70","image","Morning Spiritual","No","No","Yes",0,0,"2026-04-25 05:09:23"
"69be394d339099e2ee74998e","69bd33de339099e2ee74549d","image","Morning Spiritual","No","No","Yes",0,0,"2026-04-21 05:13:36"
"69be394d339099e2ee74998e","69bd33b4339099e2ee744dff","image","Motivation","No","No","Yes",0,0,"2026-04-21 05:13:36"
"69be394d339099e2ee74998e","69bbea59978429bc67ddd2c9","image","Education","No","No","Yes",0,0,"2026-04-21 05:13:36"
"699eda3720120ebc1d3e73fa","69cb909cb003b2352ccd0526","video","Story","No","Yes","No",0,9,"2026-04-17 14:33:25"
"68f9c645a19761a5faf0ef8e","69cb909cb003b2352ccd0526","video","Story","No","No","Yes",0,9,"2026-04-17 10:49:35"
"690054c6fb26e417408f72a7","69ca5038b003b2352cccb53f","image","Motivational Quotes","No","No","Yes",0,0,"2026-04-17 08:45:17"
"690054c6fb26e417408f72a7","69cb9077b003b2352cccfd70","image","Morning Spiritual","No","No","Yes",0,0,"2026-04-17 08:44:56"
"690054c6fb26e417408f72a7","69cb905db003b2352cccf77b","image","Education","No","No","Yes",0,0,"2026-04-17 08:44:56"
"690054c6fb26e417408f72a7","69ca5cf2b003b2352ccce2ca","image","Motivation","No","No","Yes",0,0,"2026-04-17 08:44:56"
"690054c6fb26e417408f72a7","69ca5c34b003b2352cccda30","image","Education","No","No","Yes",0,0,"2026-04-17 08:44:56"
"690054c6fb26e417408f72a7","69ca5b1ab003b2352cccd148","image","Motivational Quotes","No","No","Yes",0,0,"2026-04-17 08:44:56"
"691474336f3817fc8d6a0c12","69ba9d15978429bc67dd69e5","image","Motivation","No","No","Yes",0,0,"2026-04-16 15:39:55"
"691474336f3817fc8d6a0c12","69ba9cdc978429bc67dd61e2","image","Motivation","No","No","Yes",0,0,"2026-04-16 15:39:55"
"691474336f3817fc8d6a0c12","69bbe93a978429bc67ddac80","image","Life","No","No","Yes",0,0,"2026-04-16 15:39:54"
"691474336f3817fc8d6a0c12","69bbe7bd978429bc67dda469","image","Family","No","No","Yes",0,0,"2026-04-16 15:39:54"
"691474336f3817fc8d6a0c12","69ba9e00978429bc67dd8ef6","image","Motivation","No","No","Yes",0,0,"2026-04-16 15:39:54"
"691474336f3817fc8d6a0c12","69ba9e1c978429bc67dd94b9","image","Morning Spiritual","No","No","Yes",0,0,"2026-04-16 15:39:54"
"691474336f3817fc8d6a0c12","69ba9dd2978429bc67dd88ad","image","Education","No","No","Yes",0,0,"2026-04-16 15:39:54"
"691474336f3817fc8d6a0c12","69ba9d63978429bc67dd76b7","image","Morning Spiritual","No","No","Yes",0,0,"2026-04-16 15:39:54"
"691474336f3817fc8d6a0c12","69bbe976978429bc67ddb347","image","Dad Emotional","No","No","Yes",0,0,"2026-04-16 15:39:53"
"691474336f3817fc8d6a0c12","69bd34bb339099e2ee746350","image","Life","No","No","Yes",0,0,"2026-04-16 15:39:52"
"691474336f3817fc8d6a0c12","69bd348e339099e2ee745c6d","image","Education","No","No","Yes",0,0,"2026-04-16 15:39:52"
"691474336f3817fc8d6a0c12","69bd33de339099e2ee74549d","image","Morning Spiritual","No","No","Yes",0,0,"2026-04-16 15:39:52"
"691474336f3817fc8d6a0c12","69bd33b4339099e2ee744dff","image","Motivation","No","No","Yes",0,0,"2026-04-16 15:39:52"
"691474336f3817fc8d6a0c12","69bbea59978429bc67ddd2c9","image","Education","No","No","Yes",0,0,"2026-04-16 15:39:52"
"691474336f3817fc8d6a0c12","69bbe9e4978429bc67ddc4f9","image","Motivation","No","No","Yes",0,0,"2026-04-16 15:39:52"
"691474336f3817fc8d6a0c12","69be7a1a339099e2ee74add6","image","Motivation","No","No","Yes",0,0,"2026-04-16 15:39:51"
"691474336f3817fc8d6a0c12","69bd356f339099e2ee747774","image","Morning Spiritual","No","No","Yes",0,0,"2026-04-16 15:39:51"
"691474336f3817fc8d6a0c12","69be79e6339099e2ee74a6be","image","Morning Spiritual","No","No","Yes",0,0,"2026-04-16 15:39:51"
"691474336f3817fc8d6a0c12","69ca5038b003b2352cccb53f","image","Motivational Quotes","No","No","Yes",0,0,"2026-04-16 15:39:50"
"691474336f3817fc8d6a0c12","69ca4fd9b003b2352cccac87","image","Morning Spiritual","No","No","Yes",0,0,"2026-04-16 15:39:50"
"691474336f3817fc8d6a0c12","69be7aa2339099e2ee74bde3","image","Morning Spiritual","No","No","Yes",0,0,"2026-04-16 15:39:50"
"691474336f3817fc8d6a0c12","69be7a6b339099e2ee74b701","image","Education","No","No","Yes",0,0,"2026-04-16 15:39:50"
"691474336f3817fc8d6a0c12","69ca5b1ab003b2352cccd148","image","Motivational Quotes","No","No","Yes",0,0,"2026-04-16 15:39:47"
"691474336f3817fc8d6a0c12","69ca5cf2b003b2352ccce2ca","image","Motivation","No","No","Yes",0,0,"2026-04-16 15:39:47"
"691474336f3817fc8d6a0c12","69ca5c34b003b2352cccda30","image","Education","No","No","Yes",0,0,"2026-04-16 15:39:47"
"691474336f3817fc8d6a0c12","69cb9077b003b2352cccfd70","image","Morning Spiritual","No","No","Yes",0,0,"2026-04-16 15:39:47"
"691474336f3817fc8d6a0c12","69cb905db003b2352cccf77b","image","Education","No","No","Yes",0,0,"2026-04-16 15:39:47"
"69df1abfa93571a9a71e9dc1","69b9366f978429bc67dd18c6","image","Morning Spiritual","No","No","Yes",0,0,"2026-04-15 06:46:53"
"69df1abfa93571a9a71e9dc1","69b9364d978429bc67dd1251","image","Morning Spiritual","No","No","Yes",0,0,"2026-04-15 06:46:53"
"69df1abfa93571a9a71e9dc1","69b935c1978429bc67dd0071","image","Education","No","No","Yes",0,0,"2026-04-15 06:46:53"
"69df1abfa93571a9a71e9dc1","69b93621978429bc67dd0b6c","image","Motivation","No","No","Yes",0,0,"2026-04-15 06:46:53"
"69df1abfa93571a9a71e9dc1","69b9373f978429bc67dd3641","image","Morning Motivation","No","No","Yes",0,0,"2026-04-15 06:46:52"
"69df1abfa93571a9a71e9dc1","69b936e6978429bc67dd2830","image","Education","No","No","Yes",0,0,"2026-04-15 06:46:52"
"69df1abfa93571a9a71e9dc1","69b93690978429bc67dd1eeb","image","Morning Spiritual","No","No","Yes",0,0,"2026-04-15 06:46:52"
"69df1abfa93571a9a71e9dc1","69ba9cdc978429bc67dd61e2","image","Motivation","No","No","Yes",0,0,"2026-04-15 06:46:51"
"69df1abfa93571a9a71e9dc1","69ba9d15978429bc67dd69e5","image","Motivation","No","No","Yes",0,0,"2026-04-15 06:46:51"
"69df1abfa93571a9a71e9dc1","69cb909cb003b2352ccd0526","video","Story","No","No","Yes",0,9,"2026-04-15 06:46:41"
"69df1abfa93571a9a71e9dc1","69bd33de339099e2ee74549d","image","Morning Spiritual","No","No","Yes",0,0,"2026-04-15 05:11:58"
"69df1abfa93571a9a71e9dc1","69bbea59978429bc67ddd2c9","image","Education","No","No","Yes",0,0,"2026-04-15 05:11:58"
"69df1abfa93571a9a71e9dc1","69bd33b4339099e2ee744dff","image","Motivation","No","No","Yes",0,0,"2026-04-15 05:11:58"
"69df1abfa93571a9a71e9dc1","69bbe9e4978429bc67ddc4f9","image","Motivation","No","No","Yes",0,0,"2026-04-15 05:11:58"
"69df1abfa93571a9a71e9dc1","69bbe976978429bc67ddb347","image","Dad Emotional","No","No","Yes",0,0,"2026-04-15 05:11:58"
"69df1abfa93571a9a71e9dc1","69bbe93a978429bc67ddac80","image","Life","No","No","Yes",0,0,"2026-04-15 05:11:58"
"69df1abfa93571a9a71e9dc1","69ba9e1c978429bc67dd94b9","image","Morning Spiritual","No","No","Yes",0,0,"2026-04-15 05:11:58"
"69df1abfa93571a9a71e9dc1","69ba9e00978429bc67dd8ef6","image","Motivation","No","No","Yes",0,0,"2026-04-15 05:11:58"
"69df1abfa93571a9a71e9dc1","69bbe7bd978429bc67dda469","image","Family","No","No","Yes",0,0,"2026-04-15 05:11:58"
"69df1abfa93571a9a71e9dc1","69ba9dd2978429bc67dd88ad","image","Education","No","No","Yes",0,0,"2026-04-15 05:11:58"
"69df1abfa93571a9a71e9dc1","69ba9d63978429bc67dd76b7","image","Morning Spiritual","No","No","Yes",0,0,"2026-04-15 05:11:58"
"69df1abfa93571a9a71e9dc1","69bd348e339099e2ee745c6d","image","Education","No","No","Yes",0,0,"2026-04-15 05:11:56"
"69df1abfa93571a9a71e9dc1","69bd34bb339099e2ee746350","image","Life","No","No","Yes",0,0,"2026-04-15 05:11:56"
"69df1abfa93571a9a71e9dc1","69be7aa2339099e2ee74bde3","image","Morning Spiritual","No","No","Yes",0,0,"2026-04-15 05:11:51"
"69df1abfa93571a9a71e9dc1","69be7a6b339099e2ee74b701","image","Education","No","No","Yes",0,0,"2026-04-15 05:11:51"
"69df1abfa93571a9a71e9dc1","69be7a1a339099e2ee74add6","image","Motivation","No","No","Yes",0,0,"2026-04-15 05:11:51"
"69df1abfa93571a9a71e9dc1","69be79e6339099e2ee74a6be","image","Morning Spiritual","No","No","Yes",0,0,"2026-04-15 05:11:51"
"69df1abfa93571a9a71e9dc1","69bd356f339099e2ee747774","image","Morning Spiritual","No","No","Yes",0,0,"2026-04-15 05:11:51"
"69df1abfa93571a9a71e9dc1","69ca4fd9b003b2352cccac87","image","Morning Spiritual","No","No","Yes",0,0,"2026-04-15 05:11:50"
"69df1abfa93571a9a71e9dc1","69ca5038b003b2352cccb53f","image","Motivational Quotes","No","No","Yes",0,0,"2026-04-15 05:11:49"
"69df1abfa93571a9a71e9dc1","69cb90c7b003b2352ccd0c7e","video","Love","No","No","Yes",0,14,"2026-04-15 05:11:46"
"69df1abfa93571a9a71e9dc1","69ca5c34b003b2352cccda30","image","Education","No","No","Yes",0,0,"2026-04-15 04:57:57"
"69df1abfa93571a9a71e9dc1","69cb905db003b2352cccf77b","image","Education","No","No","Yes",0,0,"2026-04-15 04:57:57"
"69df1abfa93571a9a71e9dc1","69cb9077b003b2352cccfd70","image","Morning Spiritual","No","No","Yes",0,0,"2026-04-15 04:57:57"
"69df1abfa93571a9a71e9dc1","69ca5cf2b003b2352ccce2ca","image","Motivation","No","No","Yes",0,0,"2026-04-15 04:57:57"
"69df1abfa93571a9a71e9dc1","69ca5b1ab003b2352cccd148","image","Motivational Quotes","No","No","Yes",0,0,"2026-04-15 04:57:57"
"68f9c645a19761a5faf0ef8e","69cb90c7b003b2352ccd0c7e","video","Love","No","No","Yes",0,14,"2026-04-09 14:22:55"
"68f9c645a19761a5faf0ef8e","69bbea1a978429bc67ddcb7c","video","Motivation","No","No","Yes",0,3,"2026-04-09 14:22:18"
"68f9c645a19761a5faf0ef8e","69bbea81978429bc67ddd921","video","Story","No","No","Yes",0,2,"2026-04-09 14:22:11"
"68f9c645a19761a5faf0ef8e","69bd3517339099e2ee747006","video","Love","No","No","Yes",0,3,"2026-04-09 14:21:56"
"68f9c645a19761a5faf0ef8e","69be79e6339099e2ee74a6be","image","Morning Spiritual","No","No","Yes",0,0,"2026-04-09 14:21:35"
"68f9c645a19761a5faf0ef8e","69be7a1a339099e2ee74add6","image","Motivation","No","No","Yes",0,0,"2026-04-09 14:21:30"
"68f9c645a19761a5faf0ef8e","69be7a6b339099e2ee74b701","image","Education","No","No","Yes",0,0,"2026-04-09 14:21:28"
"68f9c645a19761a5faf0ef8e","69be7aa2339099e2ee74bde3","image","Morning Spiritual","No","No","Yes",0,0,"2026-04-09 14:21:27"
"68f9c645a19761a5faf0ef8e","69be7bbc339099e2ee74d80d","video","Movie","No","No","Yes",0,6,"2026-04-09 14:21:21"
"68f9c645a19761a5faf0ef8e","69ca4fd9b003b2352cccac87","image","Morning Spiritual","No","No","Yes",0,0,"2026-04-09 14:21:12"
"68f9c645a19761a5faf0ef8e","69ca5038b003b2352cccb53f","image","Motivational Quotes","No","No","Yes",0,0,"2026-04-09 14:21:10"
"68f9c645a19761a5faf0ef8e","69ca5065b003b2352cccbdcd","video","Story","No","No","Yes",0,5,"2026-04-09 14:21:09"
"68f9c645a19761a5faf0ef8e","699055e72f05ad3205f38d44","video","God","No","No","Yes",0,1,"2026-04-09 14:20:35"
"68f9c645a19761a5faf0ef8e","699055e72f05ad3205f38e7e","video","God","No","No","Yes",0,2,"2026-04-09 14:20:19"
"68f9c645a19761a5faf0ef8e","69ca50cab003b2352cccc7a4","video","Love","No","No","Yes",0,3,"2026-04-09 14:20:04"
"6909ef4b3c6874ef786b2267","69cb9077b003b2352cccfd70","image","Morning Spiritual","No","No","Yes",0,0,"2026-04-07 10:13:43"
"6909ef4b3c6874ef786b2267","69ca5cf2b003b2352ccce2ca","image","Motivation","No","No","Yes",0,0,"2026-04-07 10:13:43"
"6909ef4b3c6874ef786b2267","69ca5c34b003b2352cccda30","image","Education","No","No","Yes",0,0,"2026-04-07 10:13:43"
"6909ef4b3c6874ef786b2267","69cb905db003b2352cccf77b","image","Education","No","No","Yes",0,0,"2026-04-07 10:13:43"
"6909ef4b3c6874ef786b2267","69ca5b1ab003b2352cccd148","image","Motivational Quotes","No","No","Yes",0,0,"2026-04-07 10:13:43"
"68f9c645a19761a5faf0ef8e","69cb9077b003b2352cccfd70","image","Morning Spiritual","No","No","Yes",0,0,"2026-04-05 10:19:52"
"68f9c645a19761a5faf0ef8e","69ca5b1ab003b2352cccd148","image","Motivational Quotes","No","No","Yes",0,0,"2026-04-05 10:19:52"
"68f9c645a19761a5faf0ef8e","69ca5c34b003b2352cccda30","image","Education","No","No","Yes",0,0,"2026-04-05 10:19:52"
"68f9c645a19761a5faf0ef8e","69cb905db003b2352cccf77b","image","Education","No","No","Yes",0,0,"2026-04-05 10:19:52"
"68f9c645a19761a5faf0ef8e","69ca5cf2b003b2352ccce2ca","image","Motivation","No","No","Yes",0,0,"2026-04-05 10:19:52"
"6971b16261e0d7dbd6161e6d","6999a32f68244fd7fa6309ac","image","Family","No","No","Yes",0,0,"2026-04-05 04:53:29"
"6971b16261e0d7dbd6161e6d","699d992e20120ebc1d3e1e3c","image","Family","No","No","Yes",0,0,"2026-04-05 04:53:28"
"6971b16261e0d7dbd6161e6d","69a6db935ef8e384ace3681f","image","Family, Dad Emotional","No","No","Yes",0,0,"2026-04-05 04:53:27"
"6971b16261e0d7dbd6161e6d","69a8258add91f4caaf215568","image","Family","No","No","Yes",0,0,"2026-04-05 04:53:26"
"6971b16261e0d7dbd6161e6d","69b2ac226083ce3d04683650","image","Family","No","No","Yes",0,0,"2026-04-05 04:53:25"
"6971b16261e0d7dbd6161e6d","69aec131a31cdb63daf17579","image","Family","No","No","Yes",0,0,"2026-04-05 04:53:25"
"6971b16261e0d7dbd6161e6d","69b5406f978429bc67dc3b43","image","Family","No","No","Yes",0,0,"2026-04-05 04:53:21"
"6971b16261e0d7dbd6161e6d","69b3fc22e30dbc2dfa93fe63","image","Family","No","No","Yes",0,0,"2026-04-05 04:53:21"
"6971b16261e0d7dbd6161e6d","69b7eb45978429bc67dcc1fd","image","Family","No","No","Yes",0,0,"2026-04-05 04:53:20"
"6971b16261e0d7dbd6161e6d","69bbe7bd978429bc67dda469","image","Family","No","No","Yes",0,0,"2026-04-05 04:53:09"
"6971b16261e0d7dbd6161e6d","69bd348e339099e2ee745c6d","image","Education","No","No","Yes",0,0,"2026-04-05 04:52:57"
"6971b16261e0d7dbd6161e6d","69be7aa2339099e2ee74bde3","image","Morning Spiritual","No","No","Yes",0,0,"2026-04-05 04:52:56"
"6971b16261e0d7dbd6161e6d","69bd33de339099e2ee74549d","image","Morning Spiritual","No","No","Yes",0,0,"2026-04-05 04:52:52"
"6971b16261e0d7dbd6161e6d","69bd34bb339099e2ee746350","image","Life","No","No","Yes",0,0,"2026-04-05 04:52:50"
"6971b16261e0d7dbd6161e6d","69aace0b9f5522d51c195a43","image","Story","No","No","Yes",0,0,"2026-04-05 04:52:49"
"6971b16261e0d7dbd6161e6d","69bd356f339099e2ee747774","image","Morning Spiritual","No","No","Yes",0,0,"2026-04-05 04:52:48"
"6971b16261e0d7dbd6161e6d","69aace0b9f5522d51c195b9f","image","Story","No","No","Yes",0,0,"2026-04-05 04:52:47"
"6971b16261e0d7dbd6161e6d","69b00004a15626a04e9f0abe","image","Life","No","No","Yes",0,0,"2026-04-05 04:52:46"
"6971b16261e0d7dbd6161e6d","69aace0b9f5522d51c195a4d","image","Story","No","No","Yes",0,0,"2026-04-05 04:52:45"
"6971b16261e0d7dbd6161e6d","69aace0b9f5522d51c195ba8","image","Story","No","No","Yes",0,0,"2026-04-05 04:52:44"
"6971b16261e0d7dbd6161e6d","69be7bbc339099e2ee74d80d","video","Movie","No","No","Yes",0,6,"2026-04-05 04:52:37"
"6971b16261e0d7dbd6161e6d","69ca4fd9b003b2352cccac87","image","Morning Spiritual","No","No","Yes",0,0,"2026-04-05 04:52:30"
"6971b16261e0d7dbd6161e6d","69ca5038b003b2352cccb53f","image","Motivational Quotes","No","No","Yes",0,0,"2026-04-05 04:52:27"
"6971b16261e0d7dbd6161e6d","69ca50cab003b2352cccc7a4","video","Love","No","No","Yes",0,3,"2026-04-05 04:52:20"
"6971b16261e0d7dbd6161e6d","69ca5b1ab003b2352cccd148","image","Motivational Quotes","No","No","Yes",0,0,"2026-04-05 04:52:15"
"6971b16261e0d7dbd6161e6d","69ca5c34b003b2352cccda30","image","Education","No","No","Yes",0,0,"2026-04-05 04:52:14"
"6971b16261e0d7dbd6161e6d","69cb905db003b2352cccf77b","image","Education","No","No","Yes",0,0,"2026-04-05 04:51:58"
"6971b16261e0d7dbd6161e6d","69ca5cf2b003b2352ccce2ca","image","Motivation","No","No","Yes",0,0,"2026-04-05 04:51:58"
"6971b16261e0d7dbd6161e6d","69cb9077b003b2352cccfd70","image","Morning Spiritual","No","No","Yes",0,0,"2026-04-05 04:51:57"
"69d13ae7f7fa5079386d93f9","69cb905db003b2352cccf77b","image","Education","Yes","No","Yes",0,0,"2026-04-04 17:42:48"
"69d13ae7f7fa5079386d93f9","69cb9077b003b2352cccfd70","image","Morning Spiritual","Yes","No","Yes",0,0,"2026-04-04 17:42:46"
"69d13ae7f7fa5079386d93f9","69bbe976978429bc67ddb347","image","Dad Emotional","No","No","Yes",0,0,"2026-04-04 17:40:31"
"69d13ae7f7fa5079386d93f9","69bd35aa339099e2ee7480a4","video","Story","No","No","Yes",0,1,"2026-04-04 17:39:28"
"69d13ae7f7fa5079386d93f9","69cb909cb003b2352ccd0526","video","Story","No","No","Yes",0,9,"2026-04-04 17:37:25"
"6963193187338f9095e3051f","69ca4fd9b003b2352cccac87","image","Morning Spiritual","No","No","Yes",0,0,"2026-04-04 16:37:00"
"6963193187338f9095e3051f","69ca5038b003b2352cccb53f","image","Motivational Quotes","No","No","Yes",0,0,"2026-04-04 16:36:59"
"6963193187338f9095e3051f","69ca5b1ab003b2352cccd148","image","Motivational Quotes","No","No","Yes",0,0,"2026-04-04 16:36:39"
"6963193187338f9095e3051f","69ca5c34b003b2352cccda30","image","Education","No","No","Yes",0,0,"2026-04-04 16:36:38"
"6963193187338f9095e3051f","69ca5cf2b003b2352ccce2ca","image","Motivation","No","No","Yes",0,0,"2026-04-04 16:36:36"
"6963193187338f9095e3051f","69cb905db003b2352cccf77b","image","Education","No","No","Yes",0,0,"2026-04-04 16:36:35"
"6963193187338f9095e3051f","69cb9077b003b2352cccfd70","image","Morning Spiritual","No","No","Yes",0,0,"2026-04-04 16:36:34"
"6963193187338f9095e3051f","69cb909cb003b2352ccd0526","video","Story","No","No","Yes",0,9,"2026-04-04 16:36:33"
"6963193187338f9095e3051f","69cb90c7b003b2352ccd0c7e","video","Love","No","No","Yes",0,14,"2026-04-04 16:36:26"
"69d13ae7f7fa5079386d93f9","69ca5065b003b2352cccbdcd","video","Story","No","No","Yes",0,5,"2026-04-04 16:31:47"
"69d13ae7f7fa5079386d93f9","69be7bbc339099e2ee74d80d","video","Movie","No","No","Yes",0,6,"2026-04-04 16:31:32"
"69d13ae7f7fa5079386d93f9","69aec270a31cdb63daf1a12e","image","Motivation","No","No","Yes",0,0,"2026-04-04 16:27:20"
"69d13ae7f7fa5079386d93f9","69affa28a15626a04e9ecc95","image","Education","No","No","Yes",0,0,"2026-04-04 16:27:20"
"69d13ae7f7fa5079386d93f9","69b5404f978429bc67dc3500","image","Education","No","No","Yes",0,0,"2026-04-04 16:27:20"
"69d13ae7f7fa5079386d93f9","69aec160a31cdb63daf17bf5","image","Life","No","No","Yes",0,0,"2026-04-04 16:27:20"
"69d13ae7f7fa5079386d93f9","69b7eb1b978429bc67dcbaf7","image","Motivation","No","No","Yes",0,0,"2026-04-04 16:27:19"
"69d13ae7f7fa5079386d93f9","69b55a00978429bc67dc6c22","image","Motivation","No","No","Yes",0,0,"2026-04-04 16:27:19"
"69d13ae7f7fa5079386d93f9","69b7eac9978429bc67dcb28b","image","Motivation","No","No","Yes",0,0,"2026-04-04 16:27:19"
"69d13ae7f7fa5079386d93f9","69b54093978429bc67dc41d6","image","Education","No","No","Yes",0,0,"2026-04-04 16:27:15"
"69d13ae7f7fa5079386d93f9","69b5406f978429bc67dc3b43","image","Family","No","No","Yes",0,0,"2026-04-04 16:27:15"
"69d13ae7f7fa5079386d93f9","69b53d18978429bc67dc25a1","image","Motivation","No","No","Yes",0,0,"2026-04-04 16:27:15"
"69d13ae7f7fa5079386d93f9","69b7eb45978429bc67dcc1fd","image","Family","No","No","Yes",0,0,"2026-04-04 16:27:14"
"69d13ae7f7fa5079386d93f9","69b540de978429bc67dc48f3","image","Motivation","No","No","Yes",0,0,"2026-04-04 16:27:11"
"69d13ae7f7fa5079386d93f9","69b012b6a15626a04e9fd1ca","image","Womens Day","No","No","Yes",0,0,"2026-04-04 16:27:11"
"69d13ae7f7fa5079386d93f9","69ae9f66a31cdb63daf1442d","image","Education","No","No","Yes",0,0,"2026-04-04 16:27:11"
"69d13ae7f7fa5079386d93f9","69aec217a31cdb63daf19543","image","Morning Spiritual","No","No","Yes",0,0,"2026-04-04 16:27:11"
"69d13ae7f7fa5079386d93f9","69bbe9e4978429bc67ddc4f9","image","Motivation","No","No","Yes",0,0,"2026-04-04 16:27:10"
"69d13ae7f7fa5079386d93f9","69aec23fa31cdb63daf19aa5","image","Morning Spiritual","No","No","Yes",0,0,"2026-04-04 16:27:06"
"69d13ae7f7fa5079386d93f9","69aec1efa31cdb63daf18f27","image","Education","No","No","Yes",0,0,"2026-04-04 16:27:06"
"69d13ae7f7fa5079386d93f9","69a974cbc4168e65407a1a8b","image","Education","No","No","Yes",0,0,"2026-04-04 16:27:00"
"69d13ae7f7fa5079386d93f9","69aace0b9f5522d51c195ba8","image","Story","No","No","Yes",0,0,"2026-04-04 16:26:50"
"69d13ae7f7fa5079386d93f9","69aace0b9f5522d51c195a4d","image","Story","No","No","Yes",0,0,"2026-04-04 16:26:50"
"69d13ae7f7fa5079386d93f9","69aace0b9f5522d51c195b9f","image","Story","No","No","Yes",0,0,"2026-04-04 16:26:50"
"69d13ae7f7fa5079386d93f9","69aace0b9f5522d51c195a43","image","Story","No","No","Yes",0,0,"2026-04-04 16:26:50"
"69d13ae7f7fa5079386d93f9","69b00004a15626a04e9f0abe","image","Life","No","No","Yes",0,0,"2026-04-04 16:26:49"
"69d13ae7f7fa5079386d93f9","69b7ebc5978429bc67dcd45b","image","Education","No","Yes","Yes",0,0,"2026-04-04 16:25:19"
"69d13ae7f7fa5079386d93f9","69b7eb96978429bc67dcce9d","image","Movie","No","No","Yes",0,0,"2026-04-04 16:25:12"
"69d13ae7f7fa5079386d93f9","69b7eb6a978429bc67dcc7bb","image","Movie","No","No","Yes",0,0,"2026-04-04 16:25:12"
"69d13ae7f7fa5079386d93f9","69b93621978429bc67dd0b6c","image","Motivation","No","No","Yes",0,0,"2026-04-04 16:25:07"
"69d13ae7f7fa5079386d93f9","69b935c1978429bc67dd0071","image","Education","No","No","Yes",0,0,"2026-04-04 16:25:07"
"69d13ae7f7fa5079386d93f9","69ba9d15978429bc67dd69e5","image","Motivation","No","No","Yes",0,0,"2026-04-04 16:25:05"
"69d13ae7f7fa5079386d93f9","69ba9cdc978429bc67dd61e2","image","Motivation","No","No","Yes",0,0,"2026-04-04 16:25:05"
"69d13ae7f7fa5079386d93f9","69b9373f978429bc67dd3641","image","Morning Motivation","No","No","Yes",0,0,"2026-04-04 16:25:05"
"69d13ae7f7fa5079386d93f9","69b936e6978429bc67dd2830","image","Education","No","No","Yes",0,0,"2026-04-04 16:25:05"
"69d13ae7f7fa5079386d93f9","69b93690978429bc67dd1eeb","image","Morning Spiritual","No","No","Yes",0,0,"2026-04-04 16:25:05"
"69d13ae7f7fa5079386d93f9","69b9366f978429bc67dd18c6","image","Morning Spiritual","No","No","Yes",0,0,"2026-04-04 16:25:05"
"69d13ae7f7fa5079386d93f9","69b9364d978429bc67dd1251","image","Morning Spiritual","No","No","Yes",0,0,"2026-04-04 16:25:05"
"69d13ae7f7fa5079386d93f9","69ba9dd2978429bc67dd88ad","image","Education","No","No","Yes",0,0,"2026-04-04 16:24:58"
"69d13ae7f7fa5079386d93f9","69ba9d63978429bc67dd76b7","image","Morning Spiritual","No","No","Yes",0,0,"2026-04-04 16:24:58"
"69d13ae7f7fa5079386d93f9","69bbe93a978429bc67ddac80","image","Life","No","No","Yes",0,0,"2026-04-04 16:24:57"
"69d13ae7f7fa5079386d93f9","69bbe7bd978429bc67dda469","image","Family","No","No","Yes",0,0,"2026-04-04 16:24:57"
"69d13ae7f7fa5079386d93f9","69ba9e1c978429bc67dd94b9","image","Morning Spiritual","No","No","Yes",0,0,"2026-04-04 16:24:57"
"69d13ae7f7fa5079386d93f9","69ba9e00978429bc67dd8ef6","image","Motivation","No","No","Yes",0,0,"2026-04-04 16:24:57"
"69d13ae7f7fa5079386d93f9","69bd33b4339099e2ee744dff","image","Motivation","No","No","Yes",0,0,"2026-04-04 16:24:36"
"69d13ae7f7fa5079386d93f9","69bd33de339099e2ee74549d","image","Morning Spiritual","No","No","Yes",0,0,"2026-04-04 16:24:36"
"69d13ae7f7fa5079386d93f9","69bbea59978429bc67ddd2c9","image","Education","No","No","Yes",0,0,"2026-04-04 16:24:36"
"69d13ae7f7fa5079386d93f9","69be7a1a339099e2ee74add6","image","Motivation","No","No","Yes",0,0,"2026-04-04 16:24:35"
"69d13ae7f7fa5079386d93f9","69bd356f339099e2ee747774","image","Morning Spiritual","No","No","Yes",0,0,"2026-04-04 16:24:35"
"69d13ae7f7fa5079386d93f9","69be79e6339099e2ee74a6be","image","Morning Spiritual","No","No","Yes",0,0,"2026-04-04 16:24:35"
"69d13ae7f7fa5079386d93f9","69bd34bb339099e2ee746350","image","Life","No","No","Yes",0,0,"2026-04-04 16:24:35"
"69d13ae7f7fa5079386d93f9","69bd348e339099e2ee745c6d","image","Education","No","No","Yes",0,0,"2026-04-04 16:24:35"
"69d13ae7f7fa5079386d93f9","69be7aa2339099e2ee74bde3","image","Morning Spiritual","No","No","Yes",0,0,"2026-04-04 16:24:34"
"69d13ae7f7fa5079386d93f9","69be7a6b339099e2ee74b701","image","Education","No","No","Yes",0,0,"2026-04-04 16:24:34"
"69d13ae7f7fa5079386d93f9","69ca4fd9b003b2352cccac87","image","Morning Spiritual","No","No","Yes",0,0,"2026-04-04 16:24:18"
"69d13ae7f7fa5079386d93f9","69ca5038b003b2352cccb53f","image","Motivational Quotes","No","No","Yes",0,0,"2026-04-04 16:24:14"
"69d13ae7f7fa5079386d93f9","69ca5cf2b003b2352ccce2ca","image","Motivation","No","No","Yes",0,0,"2026-04-04 16:24:01"
"69d13ae7f7fa5079386d93f9","69ca5c34b003b2352cccda30","image","Education","No","No","Yes",0,0,"2026-04-04 16:24:01"
"69d13ae7f7fa5079386d93f9","69ca5b1ab003b2352cccd148","image","Motivational Quotes","No","No","Yes",0,0,"2026-04-04 16:24:01"
"699eda3720120ebc1d3e73fa","69ca5065b003b2352cccbdcd","video","Story","No","No","Yes",0,5,"2026-04-02 16:33:27"
"69ca0deeb003b2352ccc9cb7","69a80d89dd91f4caaf20f173","image","Motivational Quotes","No","No","Yes",0,0,"2026-04-02 10:44:55"
"69ca0deeb003b2352ccc9cb7","69aec217a31cdb63daf19543","image","Morning Spiritual","No","No","Yes",0,0,"2026-04-02 10:44:50"
"69ca0deeb003b2352ccc9cb7","69b012b6a15626a04e9fd1ca","image","Womens Day","No","No","Yes",0,0,"2026-04-02 10:44:49"
"69ca0deeb003b2352ccc9cb7","69a81154dd91f4caaf212249","video","Love","No","No","Yes",0,3,"2026-04-02 10:41:50"
"69ca0deeb003b2352ccc9cb7","69aec23fa31cdb63daf19aa5","image","Morning Spiritual","No","No","Yes",0,0,"2026-04-02 10:41:34"
"69ca0deeb003b2352ccc9cb7","69aacdd29f5522d51c194db9","video","Movie","No","No","Yes",0,3,"2026-04-02 10:41:02"
"69ca0deeb003b2352ccc9cb7","69a80db6dd91f4caaf20f74f","image","Morning Spiritual","No","No","Yes",0,0,"2026-04-02 10:40:53"
"69ca0deeb003b2352ccc9cb7","69a80ce9dd91f4caaf20e27d","image","Story","No","No","Yes",0,0,"2026-04-02 10:40:51"
"69ca0deeb003b2352ccc9cb7","69a8258add91f4caaf215568","image","Family","No","No","Yes",0,0,"2026-04-02 10:40:49"
"69ca0deeb003b2352ccc9cb7","69a80ff8dd91f4caaf21198c","image","Life","No","No","Yes",0,0,"2026-04-02 10:40:49"
"69ca0deeb003b2352ccc9cb7","69a80e66dd91f4caaf2104d3","image","Morning Spiritual","No","No","Yes",0,0,"2026-04-02 10:40:41"
"69ca0deeb003b2352ccc9cb7","69a80ec6dd91f4caaf210b65","image","Morning Spiritual","No","No","Yes",0,0,"2026-04-02 10:40:41"
"69ca0deeb003b2352ccc9cb7","69aace0b9f5522d51c195a43","image","Story","No","No","Yes",0,0,"2026-04-02 10:40:40"
"69ca0deeb003b2352ccc9cb7","69aace0b9f5522d51c195ba8","image","Story","No","No","Yes",0,0,"2026-04-02 10:40:35"
"69ca0deeb003b2352ccc9cb7","69aace0b9f5522d51c195a4d","image","Story","No","No","Yes",0,0,"2026-04-02 10:40:35"
"69ca0deeb003b2352ccc9cb7","69b00004a15626a04e9f0abe","image","Life","No","No","Yes",0,0,"2026-04-02 10:40:35"
"69ca0deeb003b2352ccc9cb7","69a82631dd91f4caaf2168f4","image","Motivational Quotes","No","No","Yes",0,0,"2026-04-02 10:40:35"
"69ca0deeb003b2352ccc9cb7","69aace0b9f5522d51c195b9f","image","Story","No","No","Yes",0,0,"2026-04-02 10:40:35"
"69ca0deeb003b2352ccc9cb7","69a80f0edd91f4caaf2112c2","image","Movie","No","No","Yes",0,0,"2026-04-02 10:40:35"
"69ca0deeb003b2352ccc9cb7","69a6db935ef8e384ace3681f","image","Family, Dad Emotional","No","No","Yes",0,0,"2026-04-02 10:40:35"
"69ca0deeb003b2352ccc9cb7","69cb909cb003b2352ccd0526","video","Story","No","No","Yes",0,9,"2026-04-02 10:33:08"
"699eda3720120ebc1d3e73fa","69be7bbc339099e2ee74d80d","video","Movie","No","No","Yes",0,6,"2026-04-02 06:10:18"
"699eda3720120ebc1d3e73fa","69cb9077b003b2352cccfd70","image","Morning Spiritual","No","No","Yes",0,0,"2026-04-02 06:05:09"
"69be394d339099e2ee74998e","69ba9cdc978429bc67dd61e2","image","Motivation","No","No","Yes",0,0,"2026-04-02 05:56:53"
"69be394d339099e2ee74998e","69ba9d15978429bc67dd69e5","image","Motivation","No","No","Yes",0,0,"2026-04-02 05:56:53"
"69be394d339099e2ee74998e","69bbe7bd978429bc67dda469","image","Family","No","No","Yes",0,0,"2026-04-02 05:56:06"
"69be394d339099e2ee74998e","69bbe93a978429bc67ddac80","image","Life","No","No","Yes",0,0,"2026-04-02 05:56:06"
"69be394d339099e2ee74998e","69ba9e1c978429bc67dd94b9","image","Morning Spiritual","No","No","Yes",0,0,"2026-04-02 05:56:06"
"69be394d339099e2ee74998e","69ba9e00978429bc67dd8ef6","image","Motivation","No","No","Yes",0,0,"2026-04-02 05:56:06"
"69be394d339099e2ee74998e","69ba9dd2978429bc67dd88ad","image","Education","No","No","Yes",0,0,"2026-04-02 05:56:06"
"69be394d339099e2ee74998e","69ba9d63978429bc67dd76b7","image","Morning Spiritual","No","No","Yes",0,0,"2026-04-02 05:56:06"
"69be394d339099e2ee74998e","69bbe976978429bc67ddb347","image","Dad Emotional","No","No","Yes",0,0,"2026-04-02 05:56:05"
"69be394d339099e2ee74998e","69bd34bb339099e2ee746350","image","Life","No","No","Yes",0,0,"2026-04-02 05:56:03"
"69be394d339099e2ee74998e","69bbe9e4978429bc67ddc4f9","image","Motivation","No","No","Yes",0,0,"2026-04-02 05:56:03"
"69be394d339099e2ee74998e","69bd348e339099e2ee745c6d","image","Education","No","No","Yes",0,0,"2026-04-02 05:56:03"
"69be394d339099e2ee74998e","69be7aa2339099e2ee74bde3","image","Morning Spiritual","No","No","Yes",0,0,"2026-04-02 05:55:59"
"69be394d339099e2ee74998e","69be7a6b339099e2ee74b701","image","Education","No","No","Yes",0,0,"2026-04-02 05:55:59"
"69be394d339099e2ee74998e","69be7a1a339099e2ee74add6","image","Motivation","No","No","Yes",0,0,"2026-04-02 05:55:59"
"69be394d339099e2ee74998e","69be79e6339099e2ee74a6be","image","Morning Spiritual","No","No","Yes",0,0,"2026-04-02 05:55:59"
"69be394d339099e2ee74998e","69bd356f339099e2ee747774","image","Morning Spiritual","No","No","Yes",0,0,"2026-04-02 05:55:59"
"69be394d339099e2ee74998e","69ca5038b003b2352cccb53f","image","Motivational Quotes","No","No","Yes",0,0,"2026-04-02 05:55:58"
"69be394d339099e2ee74998e","69ca4fd9b003b2352cccac87","image","Morning Spiritual","No","No","Yes",0,0,"2026-04-02 05:55:58"
"69ca0deeb003b2352ccc9cb7","69ba9d45978429bc67dd709c","video","Love","No","No","Yes",0,2,"2026-04-02 05:50:14"
"69ca0deeb003b2352ccc9cb7","69bbe9bf978429bc67ddbe1e","video","Movie","No","No","Yes",0,3,"2026-04-02 05:48:30"
"69ca0deeb003b2352ccc9cb7","699858c4325fe4eba7028e0d","image","Education","No","No","Yes",0,0,"2026-04-02 05:38:04"
"69ca0deeb003b2352ccc9cb7","69984c41325fe4eba701f135","image","Education","No","No","Yes",0,0,"2026-04-02 05:38:04"
"69ca0deeb003b2352ccc9cb7","69a974cbc4168e65407a1a8b","image","Education","No","No","Yes",0,0,"2026-04-02 05:38:03"
"69ca0deeb003b2352ccc9cb7","69a5845f4a0445ee94cf8a74","image","Education","No","No","Yes",0,0,"2026-04-02 05:38:03"
"69ca0deeb003b2352ccc9cb7","69a2c8f6a242e8a28ac2d925","image","Education","No","No","Yes",0,0,"2026-04-02 05:38:03"
"69ca0deeb003b2352ccc9cb7","69a82711dd91f4caaf216fae","image","Education","No","No","Yes",0,0,"2026-04-02 05:38:03"
"69ca0deeb003b2352ccc9cb7","69a80e03dd91f4caaf20fea1","image","Education","No","No","Yes",0,0,"2026-04-02 05:38:03"
"69ca0deeb003b2352ccc9cb7","699c51dc68244fd7fa64af65","image","Education","No","No","Yes",0,0,"2026-04-02 05:38:03"
"69ca0deeb003b2352ccc9cb7","6999a43c68244fd7fa6320ac","image","Education","No","No","Yes",0,0,"2026-04-02 05:38:03"
"69ca0deeb003b2352ccc9cb7","69aacc609f5522d51c192f7e","image","Education","No","No","Yes",0,0,"2026-04-02 05:38:02"
"69ca0deeb003b2352ccc9cb7","69b2ab3d6083ce3d04682583","image","Education","No","No","Yes",0,0,"2026-04-02 05:37:56"
"69ca0deeb003b2352ccc9cb7","69affa28a15626a04e9ecc95","image","Education","No","No","Yes",0,0,"2026-04-02 05:37:56"
"69ca0deeb003b2352ccc9cb7","69aec1efa31cdb63daf18f27","image","Education","No","No","Yes",0,0,"2026-04-02 05:37:56"
"69ca0deeb003b2352ccc9cb7","69ae9f66a31cdb63daf1442d","image","Education","No","No","Yes",0,0,"2026-04-02 05:37:56"
"69ca0deeb003b2352ccc9cb7","69b2abd36083ce3d046830af","image","Education","No","No","Yes",0,0,"2026-04-02 05:37:54"
"69ca0deeb003b2352ccc9cb7","69b53d18978429bc67dc25a1","image","Motivation","No","No","Yes",0,0,"2026-04-02 05:37:45"
"69ca0deeb003b2352ccc9cb7","69b54093978429bc67dc41d6","image","Education","No","No","Yes",0,0,"2026-04-02 05:37:43"
"69ca0deeb003b2352ccc9cb7","69b55a00978429bc67dc6c22","image","Motivation","No","No","Yes",0,0,"2026-04-02 05:37:43"
"69ca0deeb003b2352ccc9cb7","69b540de978429bc67dc48f3","image","Motivation","No","No","Yes",0,0,"2026-04-02 05:37:43"
"69ca0deeb003b2352ccc9cb7","69b5406f978429bc67dc3b43","image","Family","No","No","Yes",0,0,"2026-04-02 05:37:43"
"69ca0deeb003b2352ccc9cb7","69b5404f978429bc67dc3500","image","Education","No","No","Yes",0,0,"2026-04-02 05:37:43"
"69ca0deeb003b2352ccc9cb7","69b7eb1b978429bc67dcbaf7","image","Motivation","No","No","Yes",0,0,"2026-04-02 05:37:42"
"69ca0deeb003b2352ccc9cb7","69b7eb45978429bc67dcc1fd","image","Family","No","No","Yes",0,0,"2026-04-02 05:37:42"
"69ca0deeb003b2352ccc9cb7","69b7eac9978429bc67dcb28b","image","Motivation","No","No","Yes",0,0,"2026-04-02 05:37:42"
"69ca0deeb003b2352ccc9cb7","69b7e8d0978429bc67dc9191","image","Morning Spiritual","No","No","Yes",0,0,"2026-04-02 05:37:42"
"69ca0deeb003b2352ccc9cb7","69b7ea74978429bc67dca651","image","Life","No","No","Yes",0,0,"2026-04-02 05:37:42"
"69ca0deeb003b2352ccc9cb7","69b7e9f1978429bc67dc9715","image","Morning Spiritual","No","No","Yes",0,0,"2026-04-02 05:37:42"
"69ca0deeb003b2352ccc9cb7","69b7ea3b978429bc67dc9ff9","image","Life","No","No","Yes",0,0,"2026-04-02 05:37:42"
"69ca0deeb003b2352ccc9cb7","69b7eb96978429bc67dcce9d","image","Movie","No","No","Yes",0,0,"2026-04-02 05:37:40"
"69ca0deeb003b2352ccc9cb7","69b7eb6a978429bc67dcc7bb","image","Movie","No","No","Yes",0,0,"2026-04-02 05:37:40"
"69ca0deeb003b2352ccc9cb7","69b7ebc5978429bc67dcd45b","image","Education","No","No","Yes",0,0,"2026-04-02 05:37:40"
"69ca0deeb003b2352ccc9cb7","69b935c1978429bc67dd0071","image","Education","No","No","Yes",0,0,"2026-04-02 05:37:39"
"69ca0deeb003b2352ccc9cb7","69b93621978429bc67dd0b6c","image","Motivation","No","No","Yes",0,0,"2026-04-02 05:37:39"
"69ca0deeb003b2352ccc9cb7","69b9373f978429bc67dd3641","image","Morning Motivation","No","No","Yes",0,0,"2026-04-02 05:37:38"
"69ca0deeb003b2352ccc9cb7","69b936e6978429bc67dd2830","image","Education","No","No","Yes",0,0,"2026-04-02 05:37:38"
"69ca0deeb003b2352ccc9cb7","69b93690978429bc67dd1eeb","image","Morning Spiritual","No","No","Yes",0,0,"2026-04-02 05:37:38"
"69ca0deeb003b2352ccc9cb7","69b9364d978429bc67dd1251","image","Morning Spiritual","No","No","Yes",0,0,"2026-04-02 05:37:38"
"69ca0deeb003b2352ccc9cb7","69b9366f978429bc67dd18c6","image","Morning Spiritual","No","No","Yes",0,0,"2026-04-02 05:37:38"
"69ca0deeb003b2352ccc9cb7","69ba9d15978429bc67dd69e5","image","Motivation","No","No","Yes",0,0,"2026-04-02 05:37:36"
"69ca0deeb003b2352ccc9cb7","69ba9cdc978429bc67dd61e2","image","Motivation","No","No","Yes",0,0,"2026-04-02 05:37:36"
"69ca0deeb003b2352ccc9cb7","69ba9e00978429bc67dd8ef6","image","Motivation","No","No","Yes",0,0,"2026-04-02 05:37:35"
"69ca0deeb003b2352ccc9cb7","69ba9e1c978429bc67dd94b9","image","Morning Spiritual","No","No","Yes",0,0,"2026-04-02 05:37:35"
"69ca0deeb003b2352ccc9cb7","69ba9dd2978429bc67dd88ad","image","Education","No","No","Yes",0,0,"2026-04-02 05:37:35"
"69ca0deeb003b2352ccc9cb7","69ba9d63978429bc67dd76b7","image","Morning Spiritual","No","No","Yes",0,0,"2026-04-02 05:37:35"
"69ca0deeb003b2352ccc9cb7","69bbe93a978429bc67ddac80","image","Life","No","No","Yes",0,0,"2026-04-02 05:37:34"
"69ca0deeb003b2352ccc9cb7","69bbe7bd978429bc67dda469","image","Family","No","No","Yes",0,0,"2026-04-02 05:37:34"
"69ca0deeb003b2352ccc9cb7","69bbe976978429bc67ddb347","image","Dad Emotional","No","No","Yes",0,0,"2026-04-02 05:37:32"
"69ca0deeb003b2352ccc9cb7","69ca4fd9b003b2352cccac87","image","Morning Spiritual","No","No","Yes",0,0,"2026-04-02 05:37:23"
"69ca0deeb003b2352ccc9cb7","69ca5038b003b2352cccb53f","image","Motivational Quotes","No","No","Yes",0,0,"2026-04-02 05:37:23"
"69ca0deeb003b2352ccc9cb7","69cb905db003b2352cccf77b","image","Education","No","No","Yes",0,0,"2026-04-02 05:37:01"
"69ca0deeb003b2352ccc9cb7","69ca5cf2b003b2352ccce2ca","image","Motivation","No","No","Yes",0,0,"2026-04-02 05:37:01"
"69ca0deeb003b2352ccc9cb7","69ca5c34b003b2352cccda30","image","Education","No","No","Yes",0,0,"2026-04-02 05:37:01"
"69ca0deeb003b2352ccc9cb7","69cb9077b003b2352cccfd70","image","Morning Spiritual","No","No","Yes",0,0,"2026-04-02 05:37:01"
"69ca0deeb003b2352ccc9cb7","69ca5b1ab003b2352cccd148","image","Motivational Quotes","No","No","Yes",0,0,"2026-04-02 05:37:01"
"6948e9307cbb8cca3ea6a685","69cb9077b003b2352cccfd70","image","Morning Spiritual","No","No","Yes",0,0,"2026-04-01 16:00:13"
"6948e9307cbb8cca3ea6a685","69cb905db003b2352cccf77b","image","Education","No","No","Yes",0,0,"2026-04-01 16:00:13"
"695dfd7a8cf3b03f831c7362","69ca5b1ab003b2352cccd148","image","Motivational Quotes","No","No","Yes",0,0,"2026-04-01 15:18:00"
"695dfd7a8cf3b03f831c7362","69ca5c34b003b2352cccda30","image","Education","No","No","Yes",0,0,"2026-04-01 15:17:57"
"695dfd7a8cf3b03f831c7362","69ca5cf2b003b2352ccce2ca","image","Motivation","No","No","Yes",0,0,"2026-04-01 15:17:54"
"695dfd7a8cf3b03f831c7362","69cb905db003b2352cccf77b","image","Education","No","No","Yes",0,0,"2026-04-01 15:17:47"
"695dfd7a8cf3b03f831c7362","69cb9077b003b2352cccfd70","image","Morning Spiritual","No","No","Yes",0,0,"2026-04-01 15:17:38"
"695dfd7a8cf3b03f831c7362","69cb90c7b003b2352ccd0c7e","video","Love","No","No","Yes",0,14,"2026-04-01 15:17:35"
"69be394d339099e2ee74998e","69ca5b1ab003b2352cccd148","image","Motivational Quotes","No","No","Yes",0,0,"2026-04-01 12:33:40"
"69be394d339099e2ee74998e","69cb905db003b2352cccf77b","image","Education","No","No","Yes",0,0,"2026-04-01 12:33:40"
"69be394d339099e2ee74998e","69cb9077b003b2352cccfd70","image","Morning Spiritual","No","No","Yes",0,0,"2026-04-01 12:33:40"
"69be394d339099e2ee74998e","69ca5c34b003b2352cccda30","image","Education","No","No","Yes",0,0,"2026-04-01 12:33:40"
"69be394d339099e2ee74998e","69ca5cf2b003b2352ccce2ca","image","Motivation","No","No","Yes",0,0,"2026-04-01 12:33:40"
"6933ece9c2d8b8efc857cbb2","69cb9077b003b2352cccfd70","image","Morning Spiritual","No","No","Yes",0,0,"2026-04-01 04:56:28"
"698dd20d2ffac2141d74101a","69cb9077b003b2352cccfd70","image","Morning Spiritual","No","No","Yes",0,0,"2026-03-31 09:16:03"
"698dd20d2ffac2141d74101a","69cb905db003b2352cccf77b","image","Education","No","No","Yes",0,0,"2026-03-31 09:16:03"
"699eda3720120ebc1d3e73fa","69ca5cf2b003b2352ccce2ca","image","Motivation","Yes","No","Yes",0,0,"2026-03-30 13:16:12"
"699eda3720120ebc1d3e73fa","69ca5b1ab003b2352cccd148","image","Motivational Quotes","No","No","Yes",0,0,"2026-03-30 13:16:12"
"699eda3720120ebc1d3e73fa","69ca5038b003b2352cccb53f","image","Motivational Quotes","No","No","Yes",0,0,"2026-03-30 13:16:12"
"699eda3720120ebc1d3e73fa","69ca4fd9b003b2352cccac87","image","Morning Spiritual","No","No","Yes",0,0,"2026-03-30 13:16:12"
"698dd20d2ffac2141d74101a","69ca5c34b003b2352cccda30","image","Education","No","No","Yes",0,0,"2026-03-30 11:40:04"
"698dd20d2ffac2141d74101a","69ca5cf2b003b2352ccce2ca","image","Motivation","No","No","Yes",0,0,"2026-03-30 11:40:04"
"698dd20d2ffac2141d74101a","69ca5b1ab003b2352cccd148","image","Motivational Quotes","No","No","Yes",0,0,"2026-03-30 11:16:44"
"698dd20d2ffac2141d74101a","69ca4fd9b003b2352cccac87","image","Morning Spiritual","No","No","Yes",0,0,"2026-03-30 10:33:58"
"698dd20d2ffac2141d74101a","69ca5038b003b2352cccb53f","image","Motivational Quotes","No","No","Yes",0,0,"2026-03-30 10:33:58"
"69ca0deeb003b2352ccc9cb7","69bd356f339099e2ee747774","image","Morning Spiritual","No","No","Yes",0,0,"2026-03-30 05:47:05"
"69ca0deeb003b2352ccc9cb7","69bd34bb339099e2ee746350","image","Life","No","No","Yes",0,0,"2026-03-30 05:47:05"
"69ca0deeb003b2352ccc9cb7","69bd348e339099e2ee745c6d","image","Education","No","No","Yes",0,0,"2026-03-30 05:47:05"
"69ca0deeb003b2352ccc9cb7","69bd33de339099e2ee74549d","image","Morning Spiritual","No","No","Yes",0,0,"2026-03-30 05:47:05"
"69ca0deeb003b2352ccc9cb7","69bd33b4339099e2ee744dff","image","Motivation","No","No","Yes",0,0,"2026-03-30 05:47:05"
"69ca0deeb003b2352ccc9cb7","69bbea59978429bc67ddd2c9","image","Education","No","No","Yes",0,0,"2026-03-30 05:47:05"
"69ca0deeb003b2352ccc9cb7","69bbe9e4978429bc67ddc4f9","image","Motivation","No","No","Yes",0,0,"2026-03-30 05:47:05"
"69ca0deeb003b2352ccc9cb7","69be7aa2339099e2ee74bde3","image","Morning Spiritual","No","No","Yes",0,0,"2026-03-30 05:45:37"
"69ca0deeb003b2352ccc9cb7","69be79e6339099e2ee74a6be","image","Morning Spiritual","No","No","Yes",0,0,"2026-03-30 05:45:37"
"69ca0deeb003b2352ccc9cb7","69be7a6b339099e2ee74b701","image","Education","No","No","Yes",0,0,"2026-03-30 05:45:37"
"69ca0deeb003b2352ccc9cb7","69be7a1a339099e2ee74add6","image","Motivation","No","No","Yes",0,0,"2026-03-30 05:45:37"
"6933ece9c2d8b8efc857cbb2","69bd356f339099e2ee747774","image","Morning Spiritual","No","No","Yes",0,0,"2026-03-28 13:27:23"
"6933ece9c2d8b8efc857cbb2","69bd34bb339099e2ee746350","image","Life","No","No","Yes",0,0,"2026-03-28 13:27:23"
"6933ece9c2d8b8efc857cbb2","69be79e6339099e2ee74a6be","image","Morning Spiritual","No","No","Yes",0,0,"2026-03-28 13:27:18"
"6933ece9c2d8b8efc857cbb2","69be7aa2339099e2ee74bde3","image","Morning Spiritual","No","No","Yes",0,0,"2026-03-28 13:27:17"
"6933ece9c2d8b8efc857cbb2","69be7a6b339099e2ee74b701","image","Education","No","No","Yes",0,0,"2026-03-28 13:27:17"
"6933ece9c2d8b8efc857cbb2","69be7a1a339099e2ee74add6","image","Motivation","No","No","Yes",0,0,"2026-03-28 13:27:17"
"690054c6fb26e417408f72a7","69bd3517339099e2ee747006","video","Love","No","No","Yes",0,3,"2026-03-28 11:19:08"
"690054c6fb26e417408f72a7","69bd356f339099e2ee747774","image","Morning Spiritual","No","No","Yes",0,0,"2026-03-28 11:19:04"
"690054c6fb26e417408f72a7","69be79e6339099e2ee74a6be","image","Morning Spiritual","No","No","Yes",0,0,"2026-03-28 11:19:00"
"690054c6fb26e417408f72a7","69be7a1a339099e2ee74add6","image","Motivation","No","No","Yes",0,0,"2026-03-28 11:18:59"
"690054c6fb26e417408f72a7","69aab8d59f5522d51c18df20","video","Greetings","No","No","Yes",0,2,"2026-03-28 04:38:25"
"690054c6fb26e417408f72a7","69aab13c9f5522d51c1847b5","video","Birthday","No","No","Yes",0,1,"2026-03-28 04:38:08"
"690054c6fb26e417408f72a7","69be7aa2339099e2ee74bde3","image","Morning Spiritual","No","No","Yes",0,0,"2026-03-28 04:37:31"
"690054c6fb26e417408f72a7","69be7a6b339099e2ee74b701","image","Education","No","No","Yes",0,0,"2026-03-28 04:37:31"
"6909ef4b3c6874ef786b2267","69be7aa2339099e2ee74bde3","image","Morning Spiritual","No","No","Yes",0,0,"2026-03-26 10:45:35"
"6909ef4b3c6874ef786b2267","69be7a1a339099e2ee74add6","image","Motivation","No","No","Yes",0,0,"2026-03-26 10:45:35"
"6909ef4b3c6874ef786b2267","69be7a6b339099e2ee74b701","image","Education","No","No","Yes",0,0,"2026-03-26 10:45:35"
"6909ef4b3c6874ef786b2267","69be79e6339099e2ee74a6be","image","Morning Spiritual","No","No","Yes",0,0,"2026-03-26 10:45:35"
"69621907023660029f683a8c","69bd34bb339099e2ee746350","image","Life","No","No","Yes",0,0,"2026-03-25 04:34:44"
"69621907023660029f683a8c","69bd356f339099e2ee747774","image","Morning Spiritual","No","No","Yes",0,0,"2026-03-25 04:34:43"
"69621907023660029f683a8c","69be7a1a339099e2ee74add6","image","Motivation","No","No","Yes",0,0,"2026-03-25 04:33:30"
"69621907023660029f683a8c","69be79e6339099e2ee74a6be","image","Morning Spiritual","No","No","Yes",0,0,"2026-03-25 04:33:30"
"69621907023660029f683a8c","69be7a6b339099e2ee74b701","image","Education","No","No","Yes",0,0,"2026-03-25 04:33:30"
"69621907023660029f683a8c","69be7aa2339099e2ee74bde3","image","Morning Spiritual","No","No","Yes",0,0,"2026-03-25 04:33:30"
"6962195af2bf79bf72c5c504","69bd348e339099e2ee745c6d","image","Education","No","Yes","No",0,0,"2026-03-23 10:10:14"
"699eda3720120ebc1d3e73fa","69be7ad9339099e2ee74c691","video","Story","No","No","Yes",0,3,"2026-03-23 08:40:51"
"698dd20d2ffac2141d74101a","69be7ad9339099e2ee74c691","video","Story","No","No","Yes",0,3,"2026-03-21 11:32:26"
"699eda3720120ebc1d3e73fa","69be7aa2339099e2ee74bde3","image","Morning Spiritual","No","No","Yes",0,0,"2026-03-21 11:28:10"
"699eda3720120ebc1d3e73fa","69be79e6339099e2ee74a6be","image","Morning Spiritual","No","No","Yes",0,0,"2026-03-21 11:28:10"
"699eda3720120ebc1d3e73fa","69be7a6b339099e2ee74b701","image","Education","No","No","Yes",0,0,"2026-03-21 11:28:10"
"699eda3720120ebc1d3e73fa","69be7a1a339099e2ee74add6","image","Motivation","No","No","Yes",0,0,"2026-03-21 11:28:10"
"698dd20d2ffac2141d74101a","69be7a6b339099e2ee74b701","image","Education","No","No","Yes",0,0,"2026-03-21 11:06:49"
"698dd20d2ffac2141d74101a","69be7aa2339099e2ee74bde3","image","Morning Spiritual","No","No","Yes",0,0,"2026-03-21 11:06:47"
"698dd20d2ffac2141d74101a","69be79e6339099e2ee74a6be","image","Morning Spiritual","No","No","Yes",0,0,"2026-03-21 11:00:13"
"698dd20d2ffac2141d74101a","69be7a1a339099e2ee74add6","image","Motivation","No","No","Yes",0,0,"2026-03-21 11:00:13"
"698ed1a92ffac2141d743243","69bd356f339099e2ee747774","image","Morning Spiritual","No","No","Yes",0,0,"2026-03-21 07:24:16"
"698ed1a92ffac2141d743243","69bd348e339099e2ee745c6d","image","Education","No","No","Yes",0,0,"2026-03-21 07:24:16"
"698ed1a92ffac2141d743243","69bd33b4339099e2ee744dff","image","Motivation","No","No","Yes",0,0,"2026-03-21 07:24:16"
"698ed1a92ffac2141d743243","69bd34bb339099e2ee746350","image","Life","No","No","Yes",0,0,"2026-03-21 07:24:16"
"698ed1a92ffac2141d743243","69bd33de339099e2ee74549d","image","Morning Spiritual","No","No","Yes",0,0,"2026-03-21 07:24:16"
"699964b1325fe4eba702b12b","69ba9dd2978429bc67dd88ad","image","Education","No","No","Yes",0,0,"2026-03-21 06:08:33"
"699964b1325fe4eba702b12b","69ba9e00978429bc67dd8ef6","image","Motivation","No","No","Yes",0,0,"2026-03-21 06:08:30"
"699964b1325fe4eba702b12b","69bbe7bd978429bc67dda469","image","Family","No","No","Yes",0,0,"2026-03-21 06:08:27"
"699964b1325fe4eba702b12b","69ba9e1c978429bc67dd94b9","image","Morning Spiritual","No","No","Yes",0,0,"2026-03-21 06:08:27"
"699964b1325fe4eba702b12b","69bbe93a978429bc67ddac80","image","Life","Yes","No","Yes",0,0,"2026-03-21 06:08:25"
"699964b1325fe4eba702b12b","69bbe976978429bc67ddb347","image","Dad Emotional","No","No","Yes",0,0,"2026-03-21 06:08:18"
"699964b1325fe4eba702b12b","69bbe9e4978429bc67ddc4f9","image","Motivation","No","No","Yes",0,0,"2026-03-21 06:08:13"
"699964b1325fe4eba702b12b","69bbea59978429bc67ddd2c9","image","Education","No","No","Yes",0,0,"2026-03-21 06:08:11"
"699964b1325fe4eba702b12b","69bd33b4339099e2ee744dff","image","Motivation","No","No","Yes",0,0,"2026-03-21 06:08:03"
"699964b1325fe4eba702b12b","69bd348e339099e2ee745c6d","image","Education","No","No","Yes",0,0,"2026-03-21 06:08:01"
"699964b1325fe4eba702b12b","69bd33de339099e2ee74549d","image","Morning Spiritual","No","No","Yes",0,0,"2026-03-21 06:08:01"
"699964b1325fe4eba702b12b","69bd34bb339099e2ee746350","image","Life","No","No","Yes",0,0,"2026-03-21 06:08:00"
"699964b1325fe4eba702b12b","69bd356f339099e2ee747774","image","Morning Spiritual","No","No","Yes",0,0,"2026-03-21 06:07:56"
"68f9c645a19761a5faf0ef8e","69bbea59978429bc67ddd2c9","image","Education","No","No","Yes",0,0,"2026-03-20 13:14:10"
"68f9c645a19761a5faf0ef8e","69bbe9e4978429bc67ddc4f9","image","Motivation","No","No","Yes",0,0,"2026-03-20 13:14:10"
"68f9c645a19761a5faf0ef8e","69bd356f339099e2ee747774","image","Morning Spiritual","No","Yes","Yes",0,0,"2026-03-20 13:06:49"
"68f9c645a19761a5faf0ef8e","69bd33de339099e2ee74549d","image","Morning Spiritual","No","No","Yes",0,0,"2026-03-20 13:06:49"
"68f9c645a19761a5faf0ef8e","69bd34bb339099e2ee746350","image","Life","No","No","Yes",0,0,"2026-03-20 13:06:49"
"68f9c645a19761a5faf0ef8e","69bd348e339099e2ee745c6d","image","Education","No","No","Yes",0,0,"2026-03-20 13:06:49"
"68f9c645a19761a5faf0ef8e","69bd33b4339099e2ee744dff","image","Motivation","No","No","Yes",0,0,"2026-03-20 13:06:49"
"699eda3720120ebc1d3e73fa","69bd35aa339099e2ee7480a4","video","Story","Yes","No","No",0,1,"2026-03-20 12:33:46"
"699eda3720120ebc1d3e73fa","69bd33de339099e2ee74549d","image","Morning Spiritual","No","No","Yes",0,0,"2026-03-20 12:27:08"
"699eda3720120ebc1d3e73fa","69bd33b4339099e2ee744dff","image","Motivation","No","No","Yes",0,0,"2026-03-20 12:27:08"
"699eda3720120ebc1d3e73fa","69bd34bb339099e2ee746350","image","Life","No","No","Yes",0,0,"2026-03-20 12:27:06"
"699eda3720120ebc1d3e73fa","69bd356f339099e2ee747774","image","Morning Spiritual","No","No","Yes",0,0,"2026-03-20 12:26:59"
"698dd20d2ffac2141d74101a","69bd34bb339099e2ee746350","image","Life","No","No","Yes",0,0,"2026-03-20 11:55:35"
"698dd20d2ffac2141d74101a","69bd33de339099e2ee74549d","image","Morning Spiritual","No","No","Yes",0,0,"2026-03-20 11:55:35"
"698dd20d2ffac2141d74101a","69bd348e339099e2ee745c6d","image","Education","No","No","Yes",0,0,"2026-03-20 11:55:35"
"698dd20d2ffac2141d74101a","69bd356f339099e2ee747774","image","Morning Spiritual","No","No","Yes",0,0,"2026-03-20 11:55:35"
"698dd20d2ffac2141d74101a","69bd33b4339099e2ee744dff","image","Motivation","No","No","Yes",0,0,"2026-03-20 11:55:35"
"699eda3720120ebc1d3e73fa","69aab2b59f5522d51c188404","video","Birthday","No","No","Yes",0,2,"2026-03-20 08:33:32"
"699eda3720120ebc1d3e73fa","69aab15a9f5522d51c184ce4","video","Birthday","No","No","Yes",0,1,"2026-03-20 08:33:26"
"699eda3720120ebc1d3e73fa","69bbe9bf978429bc67ddbe1e","video","Movie","No","No","Yes",0,3,"2026-03-20 08:32:33"
"699eda3720120ebc1d3e73fa","69bbea1a978429bc67ddcb7c","video","Motivation","No","No","Yes",0,3,"2026-03-20 08:27:38"
"699eda3720120ebc1d3e73fa","69b93690978429bc67dd1eeb","image","Morning Spiritual","No","No","Yes",0,0,"2026-03-20 08:26:13"
"699eda3720120ebc1d3e73fa","69b9366f978429bc67dd18c6","image","Morning Spiritual","No","No","Yes",0,0,"2026-03-20 08:26:13"
"699eda3720120ebc1d3e73fa","69b9364d978429bc67dd1251","image","Morning Spiritual","No","No","Yes",0,0,"2026-03-20 08:26:13"
"699eda3720120ebc1d3e73fa","69b93621978429bc67dd0b6c","image","Motivation","No","No","Yes",0,0,"2026-03-20 08:26:13"
"699eda3720120ebc1d3e73fa","69ba9cdc978429bc67dd61e2","image","Motivation","No","No","Yes",0,0,"2026-03-20 08:25:58"
"699eda3720120ebc1d3e73fa","69b9373f978429bc67dd3641","image","Morning Motivation","No","No","Yes",0,0,"2026-03-20 08:25:58"
"699eda3720120ebc1d3e73fa","69ba9d63978429bc67dd76b7","image","Morning Spiritual","No","No","Yes",0,0,"2026-03-20 08:25:46"
"699eda3720120ebc1d3e73fa","69ba9d15978429bc67dd69e5","image","Motivation","No","No","Yes",0,0,"2026-03-20 08:25:46"
"699eda3720120ebc1d3e73fa","69bbe976978429bc67ddb347","image","Dad Emotional","No","No","Yes",0,0,"2026-03-20 08:25:35"
"699eda3720120ebc1d3e73fa","69bbe9e4978429bc67ddc4f9","image","Motivation","No","No","Yes",0,0,"2026-03-20 08:25:35"
"699eda3720120ebc1d3e73fa","69bbe93a978429bc67ddac80","image","Life","No","No","Yes",0,0,"2026-03-20 08:25:35"
"699eda3720120ebc1d3e73fa","69bbe7bd978429bc67dda469","image","Family","No","No","Yes",0,0,"2026-03-20 08:25:35"
"699eda3720120ebc1d3e73fa","69ba9e1c978429bc67dd94b9","image","Morning Spiritual","No","No","Yes",0,0,"2026-03-20 08:25:35"
"699eda3720120ebc1d3e73fa","69ba9e00978429bc67dd8ef6","image","Motivation","No","No","Yes",0,0,"2026-03-20 08:25:35"
"699eda3720120ebc1d3e73fa","69bbea81978429bc67ddd921","video","Story","No","Yes","No",0,2,"2026-03-20 05:31:17"
"698dd20d2ffac2141d74101a","69bbea59978429bc67ddd2c9","image","Education","No","No","Yes",0,0,"2026-03-19 12:21:47"
"698dd20d2ffac2141d74101a","69bbe7bd978429bc67dda469","image","Family","No","No","Yes",0,0,"2026-03-19 12:20:48"
"698dd20d2ffac2141d74101a","69bbe9e4978429bc67ddc4f9","image","Motivation","No","No","Yes",0,0,"2026-03-19 12:20:48"
"698dd20d2ffac2141d74101a","69bbe93a978429bc67ddac80","image","Life","No","No","Yes",0,0,"2026-03-19 12:20:48"
"698dd20d2ffac2141d74101a","69bbe976978429bc67ddb347","image","Dad Emotional","No","No","Yes",0,0,"2026-03-19 12:20:48"
"68f9c645a19761a5faf0ef8e","69b9373f978429bc67dd3641","image","Morning Motivation","No","No","Yes",0,0,"2026-03-18 19:21:27"
"68f9c645a19761a5faf0ef8e","69ba9cdc978429bc67dd61e2","image","Motivation","No","No","Yes",0,0,"2026-03-18 19:21:18"
"68f9c645a19761a5faf0ef8e","69ba9e1c978429bc67dd94b9","image","Morning Spiritual","No","No","Yes",0,0,"2026-03-18 19:21:17"
"68f9c645a19761a5faf0ef8e","69ba9dd2978429bc67dd88ad","image","Education","No","No","Yes",0,0,"2026-03-18 19:21:17"
"68f9c645a19761a5faf0ef8e","69ba9d63978429bc67dd76b7","image","Morning Spiritual","No","No","Yes",0,0,"2026-03-18 19:21:17"
"68f9c645a19761a5faf0ef8e","69ba9d15978429bc67dd69e5","image","Motivation","No","No","Yes",0,0,"2026-03-18 19:21:17"
"68f9c645a19761a5faf0ef8e","69ba9e00978429bc67dd8ef6","image","Motivation","No","No","Yes",0,0,"2026-03-18 19:21:17"
"698dd20d2ffac2141d74101a","69ba9d15978429bc67dd69e5","image","Motivation","No","No","Yes",0,0,"2026-03-18 12:44:30"
"698dd20d2ffac2141d74101a","69ba9cdc978429bc67dd61e2","image","Motivation","No","No","Yes",0,0,"2026-03-18 12:44:29"
"698dd20d2ffac2141d74101a","69ba9d63978429bc67dd76b7","image","Morning Spiritual","No","No","Yes",0,0,"2026-03-18 12:44:29"
"698dd20d2ffac2141d74101a","69ba9e00978429bc67dd8ef6","image","Motivation","No","No","Yes",0,0,"2026-03-18 12:44:22"
"698dd20d2ffac2141d74101a","69ba9e1c978429bc67dd94b9","image","Morning Spiritual","No","No","Yes",0,0,"2026-03-18 12:44:22"
"698dd20d2ffac2141d74101a","69ba9dd2978429bc67dd88ad","image","Education","No","No","Yes",0,0,"2026-03-18 12:44:22"
"6909ef4b3c6874ef786b2267","69984f7c325fe4eba7027295","image","Family","No","Yes","No",0,0,"2026-03-18 01:29:20"
"6971b16761e0d7dbd6161e84","69b7eb1b978429bc67dcbaf7","image","Motivation","No","No","Yes",0,0,"2026-03-17 14:10:13"
"6971b16761e0d7dbd6161e84","69b7eac9978429bc67dcb28b","image","Motivation","No","No","Yes",0,0,"2026-03-17 14:10:13"
"6971b16761e0d7dbd6161e84","69b7eb45978429bc67dcc1fd","image","Family","No","No","Yes",0,0,"2026-03-17 14:10:11"
"6971b16761e0d7dbd6161e84","69b7eb6a978429bc67dcc7bb","image","Movie","No","No","Yes",0,0,"2026-03-17 14:10:10"
"6971b16761e0d7dbd6161e84","69b7eb96978429bc67dcce9d","image","Movie","No","No","Yes",0,0,"2026-03-17 14:10:09"
"6971b16761e0d7dbd6161e84","69b7ebc5978429bc67dcd45b","image","Education","No","No","Yes",0,0,"2026-03-17 14:10:06"
"6971b16761e0d7dbd6161e84","69b935c1978429bc67dd0071","image","Education","No","No","Yes",0,0,"2026-03-17 14:10:03"
"6971b16761e0d7dbd6161e84","69b93621978429bc67dd0b6c","image","Motivation","No","No","Yes",0,0,"2026-03-17 14:10:02"
"6971b16761e0d7dbd6161e84","69b9364d978429bc67dd1251","image","Morning Spiritual","No","No","Yes",0,0,"2026-03-17 14:10:00"
"6971b16761e0d7dbd6161e84","69b9373f978429bc67dd3641","image","Morning Motivation","No","No","Yes",0,0,"2026-03-17 14:09:59"
"6971b16761e0d7dbd6161e84","69b936e6978429bc67dd2830","image","Education","No","No","Yes",0,0,"2026-03-17 14:09:59"
"6971b16761e0d7dbd6161e84","69b93690978429bc67dd1eeb","image","Morning Spiritual","No","No","Yes",0,0,"2026-03-17 14:09:59"
"6971b16761e0d7dbd6161e84","69b9366f978429bc67dd18c6","image","Morning Spiritual","No","No","Yes",0,0,"2026-03-17 14:09:59"
"698dd20d2ffac2141d74101a","69b9373f978429bc67dd3641","image","Morning Motivation","No","No","Yes",0,0,"2026-03-17 11:13:05"
"698dd20d2ffac2141d74101a","69b936e6978429bc67dd2830","image","Education","No","No","Yes",0,0,"2026-03-17 11:11:36"
"698dd20d2ffac2141d74101a","69b93690978429bc67dd1eeb","image","Morning Spiritual","No","No","Yes",0,0,"2026-03-17 11:10:10"
"698dd20d2ffac2141d74101a","69b9366f978429bc67dd18c6","image","Morning Spiritual","No","No","Yes",0,0,"2026-03-17 11:09:38"
"698dd20d2ffac2141d74101a","69b93621978429bc67dd0b6c","image","Motivation","No","No","Yes",0,0,"2026-03-17 11:09:05"
"698dd20d2ffac2141d74101a","69b9364d978429bc67dd1251","image","Morning Spiritual","No","No","Yes",0,0,"2026-03-17 11:09:05"
"698dd20d2ffac2141d74101a","69b935c1978429bc67dd0071","image","Education","No","No","Yes",0,0,"2026-03-17 11:06:59"
"699eda3720120ebc1d3e73fa","69aab2459f5522d51c18774c","video","Birthday","No","No","Yes",0,1,"2026-03-17 07:31:08"
"698dd20d2ffac2141d74101a","6993f5262f05ad3205f7a811","video","Friendship","Yes","No","No",0,1,"2026-03-17 06:40:19"
"698dd20d2ffac2141d74101a","6993f9f02f05ad3205f7c535","video","Friendship","Yes","No","No",0,1,"2026-03-17 06:40:12"
"698dd20d2ffac2141d74101a","6993ff1b2f05ad3205f8033a","video","Friendship","Yes","No","No",0,0,"2026-03-17 06:40:09"
"698dd20d2ffac2141d74101a","699401e02f05ad3205f81c71","video","Education","Yes","No","No",0,0,"2026-03-17 06:37:58"
"698dd20d2ffac2141d74101a","699409412f05ad3205f84b72","video","Education","Yes","No","No",0,0,"2026-03-17 06:37:53"
"698dd20d2ffac2141d74101a","69a19528a242e8a28ac21757","video","Education","No","No","Yes",0,1,"2026-03-17 06:37:20"
"698dd20d2ffac2141d74101a","69a2c8f6a242e8a28ac2d925","image","Education","No","No","Yes",0,0,"2026-03-17 06:37:12"
"698dd20d2ffac2141d74101a","69aacc609f5522d51c192f7e","image","Education","No","No","Yes",0,0,"2026-03-17 06:37:01"
"691c0b396b68b5bc9f69d209","69a581a84a0445ee94cf58d0","video","Greetings","No","No","Yes",0,2,"2026-03-17 04:33:43"
"691c0b396b68b5bc9f69d209","69b54b4f978429bc67dc5304","video","Calm","No","No","Yes",0,2,"2026-03-17 04:31:45"
"691c0b396b68b5bc9f69d209","69b55a00978429bc67dc6c22","image","Motivation","No","No","Yes",0,0,"2026-03-17 04:31:41"
"691c0b396b68b5bc9f69d209","69b540de978429bc67dc48f3","image","Motivation","No","No","Yes",0,0,"2026-03-17 04:31:41"
"691c0b396b68b5bc9f69d209","69b54093978429bc67dc41d6","image","Education","No","No","Yes",0,0,"2026-03-17 04:31:41"
"691c0b396b68b5bc9f69d209","69b7ea74978429bc67dca651","image","Life","No","No","Yes",0,0,"2026-03-17 04:31:40"
"691c0b396b68b5bc9f69d209","69b7e9f1978429bc67dc9715","image","Morning Spiritual","No","No","Yes",0,0,"2026-03-17 04:31:40"
"691c0b396b68b5bc9f69d209","69b7ea3b978429bc67dc9ff9","image","Life","No","No","Yes",0,0,"2026-03-17 04:31:40"
"691c0b396b68b5bc9f69d209","69b7e8d0978429bc67dc9191","image","Morning Spiritual","No","No","Yes",0,0,"2026-03-17 04:31:40"
"691c0b396b68b5bc9f69d209","69b7ebc5978429bc67dcd45b","image","Education","No","No","Yes",0,0,"2026-03-17 04:31:22"
"691c0b396b68b5bc9f69d209","69b7eb96978429bc67dcce9d","image","Movie","No","No","Yes",0,0,"2026-03-17 04:31:22"
"691c0b396b68b5bc9f69d209","69b7eb45978429bc67dcc1fd","image","Family","No","No","Yes",0,0,"2026-03-17 04:31:22"
"691c0b396b68b5bc9f69d209","69b7eb6a978429bc67dcc7bb","image","Movie","No","No","Yes",0,0,"2026-03-17 04:31:22"
"691c0b396b68b5bc9f69d209","69b7eb1b978429bc67dcbaf7","image","Motivation","No","No","Yes",0,0,"2026-03-17 04:31:22"
"691c0b396b68b5bc9f69d209","69b7eac9978429bc67dcb28b","image","Motivation","No","No","Yes",0,0,"2026-03-17 04:31:22"
"68f9c645a19761a5faf0ef8e","69b7eb45978429bc67dcc1fd","image","Family","No","No","Yes",0,0,"2026-03-16 17:32:54"
"68f9c645a19761a5faf0ef8e","69b7ebc5978429bc67dcd45b","image","Education","No","No","Yes",0,0,"2026-03-16 17:32:54"
"68f9c645a19761a5faf0ef8e","69b7eb96978429bc67dcce9d","image","Movie","No","No","Yes",0,0,"2026-03-16 17:32:54"
"68f9c645a19761a5faf0ef8e","69b7eb6a978429bc67dcc7bb","image","Movie","No","No","Yes",0,0,"2026-03-16 17:32:54"
"68f9c645a19761a5faf0ef8e","69b7eb1b978429bc67dcbaf7","image","Motivation","No","No","Yes",0,0,"2026-03-16 17:32:54"
"68f9c645a19761a5faf0ef8e","69b7eac9978429bc67dcb28b","image","Motivation","No","No","Yes",0,0,"2026-03-16 17:32:54"
"698dd20d2ffac2141d74101a","69b4196f9b75281350612535","video","Story","No","No","Yes",0,1,"2026-03-16 13:39:13"
"699eda3720120ebc1d3e73fa","69b7ebf1978429bc67dcdb48","video","Calm","No","No","Yes",0,2,"2026-03-16 13:28:18"
"699eda3720120ebc1d3e73fa","69b7e9f1978429bc67dc9715","image","Morning Spiritual","No","No","Yes",0,0,"2026-03-16 13:22:25"
"699eda3720120ebc1d3e73fa","69b7e8d0978429bc67dc9191","image","Morning Spiritual","No","No","Yes",0,0,"2026-03-16 13:22:25"
"699eda3720120ebc1d3e73fa","69b7eb96978429bc67dcce9d","image","Movie","No","No","Yes",0,0,"2026-03-16 13:22:15"
"699eda3720120ebc1d3e73fa","69b7eb6a978429bc67dcc7bb","image","Movie","No","No","Yes",0,0,"2026-03-16 13:22:15"
"699eda3720120ebc1d3e73fa","69b7eb45978429bc67dcc1fd","image","Family","No","No","Yes",0,0,"2026-03-16 13:22:15"
"699eda3720120ebc1d3e73fa","69b7eb1b978429bc67dcbaf7","image","Motivation","No","No","Yes",0,0,"2026-03-16 13:22:15"
"699eda3720120ebc1d3e73fa","69b7eac9978429bc67dcb28b","image","Motivation","No","No","Yes",0,0,"2026-03-16 13:22:15"
"699eda3720120ebc1d3e73fa","69b7ea74978429bc67dca651","image","Life","No","No","Yes",0,0,"2026-03-16 13:22:15"
"699eda3720120ebc1d3e73fa","69b7ea3b978429bc67dc9ff9","image","Life","No","No","Yes",0,0,"2026-03-16 13:22:15"
"698dd20d2ffac2141d74101a","69b7ea3b978429bc67dc9ff9","image","Life","No","No","Yes",0,0,"2026-03-16 11:41:12"
"698dd20d2ffac2141d74101a","69b7e9f1978429bc67dc9715","image","Morning Spiritual","No","No","Yes",0,0,"2026-03-16 11:41:12"
"698dd20d2ffac2141d74101a","69b7e8d0978429bc67dc9191","image","Morning Spiritual","No","No","Yes",0,0,"2026-03-16 11:41:12"
"698dd20d2ffac2141d74101a","69b7ebf1978429bc67dcdb48","video","Calm","No","No","Yes",0,2,"2026-03-16 11:40:40"
"698dd20d2ffac2141d74101a","69b7eb1b978429bc67dcbaf7","image","Motivation","No","No","Yes",0,0,"2026-03-16 11:39:22"
"698dd20d2ffac2141d74101a","69b7ea74978429bc67dca651","image","Life","No","No","Yes",0,0,"2026-03-16 11:39:22"
"698dd20d2ffac2141d74101a","69b7eac9978429bc67dcb28b","image","Motivation","No","No","Yes",0,0,"2026-03-16 11:39:22"
"698dd20d2ffac2141d74101a","69b7eb45978429bc67dcc1fd","image","Family","No","No","Yes",0,0,"2026-03-16 11:39:10"
"698dd20d2ffac2141d74101a","69b7eb6a978429bc67dcc7bb","image","Movie","No","No","Yes",0,0,"2026-03-16 11:39:10"
"698dd20d2ffac2141d74101a","69b7eb96978429bc67dcce9d","image","Movie","No","No","Yes",0,0,"2026-03-16 11:39:10"
"698dd20d2ffac2141d74101a","69b7ebc5978429bc67dcd45b","image","Education","No","No","Yes",0,0,"2026-03-16 11:39:10"
"699eda3720120ebc1d3e73fa","69a02c6420120ebc1d3f6baf","video","Politics","No","No","Yes",0,6,"2026-03-16 11:27:42"
"699eda3720120ebc1d3e73fa","69aab17d9f5522d51c1852be","video","Birthday","No","No","Yes",0,1,"2026-03-16 11:09:22"
"699eda3720120ebc1d3e73fa","69b55a00978429bc67dc6c22","image","Motivation","No","No","Yes",0,0,"2026-03-16 09:24:47"
"699eda3720120ebc1d3e73fa","69b540de978429bc67dc48f3","image","Motivation","No","No","Yes",0,0,"2026-03-16 09:24:47"
"699eda3720120ebc1d3e73fa","69b5406f978429bc67dc3b43","image","Family","No","No","Yes",0,0,"2026-03-16 09:24:47"
"699eda3720120ebc1d3e73fa","69b53d18978429bc67dc25a1","image","Motivation","No","No","Yes",0,0,"2026-03-16 09:24:47"
"699eda3720120ebc1d3e73fa","69b53c5e978429bc67dc1e99","image","Morning Spiritual","No","No","Yes",0,0,"2026-03-16 09:24:47"
"6909ef4b3c6874ef786b2267","69b3fe19e30dbc2dfa94416a","image","Happy","No","No","Yes",0,0,"2026-03-15 18:55:59"
"6909ef4b3c6874ef786b2267","69b53c5e978429bc67dc1e99","image","Morning Spiritual","No","No","Yes",0,0,"2026-03-15 18:55:56"
"6909ef4b3c6874ef786b2267","69b5404f978429bc67dc3500","image","Education","No","No","Yes",0,0,"2026-03-15 18:55:50"
"6909ef4b3c6874ef786b2267","69b540de978429bc67dc48f3","image","Motivation","No","No","Yes",0,0,"2026-03-15 18:55:50"
"6909ef4b3c6874ef786b2267","69b5406f978429bc67dc3b43","image","Family","No","No","Yes",0,0,"2026-03-15 18:55:50"
"6909ef4b3c6874ef786b2267","69b54093978429bc67dc41d6","image","Education","No","No","Yes",0,0,"2026-03-15 18:55:50"
"6909ef4b3c6874ef786b2267","69b55a00978429bc67dc6c22","image","Motivation","No","No","Yes",0,0,"2026-03-15 18:55:50"
"6909ef4b3c6874ef786b2267","69b53d18978429bc67dc25a1","image","Motivation","No","No","Yes",0,0,"2026-03-15 18:55:50"
"6971b16761e0d7dbd6161e84","69b3fc22e30dbc2dfa93fe63","image","Family","No","No","Yes",0,0,"2026-03-14 14:57:52"
"6971b16761e0d7dbd6161e84","69b3fc3de30dbc2dfa9408cc","image","Morning Spiritual","No","No","Yes",0,0,"2026-03-14 14:57:48"
"6971b16761e0d7dbd6161e84","69b3fe19e30dbc2dfa94416a","image","Happy","No","No","Yes",0,0,"2026-03-14 14:57:37"
"6971b16761e0d7dbd6161e84","69b53c5e978429bc67dc1e99","image","Morning Spiritual","No","No","Yes",0,0,"2026-03-14 14:57:26"
"6971b16761e0d7dbd6161e84","69b53d18978429bc67dc25a1","image","Motivation","No","No","Yes",0,0,"2026-03-14 14:57:22"
"6971b16761e0d7dbd6161e84","69b5404f978429bc67dc3500","image","Education","No","No","Yes",0,0,"2026-03-14 14:57:17"
"6971b16761e0d7dbd6161e84","69b54093978429bc67dc41d6","image","Education","No","No","Yes",0,0,"2026-03-14 14:57:14"
"6971b16761e0d7dbd6161e84","69b5406f978429bc67dc3b43","image","Family","No","No","Yes",0,0,"2026-03-14 14:57:14"
"6971b16761e0d7dbd6161e84","69b540de978429bc67dc48f3","image","Motivation","No","No","Yes",0,0,"2026-03-14 14:57:13"
"6971b16761e0d7dbd6161e84","69b55a00978429bc67dc6c22","image","Motivation","No","No","Yes",0,0,"2026-03-14 14:56:55"
"698dd20d2ffac2141d74101a","69b53d18978429bc67dc25a1","image","Motivation","Yes","No","Yes",0,0,"2026-03-14 12:59:24"
"698dd20d2ffac2141d74101a","69b53d9b978429bc67dc2be9","video","Story","Yes","No","Yes",0,1,"2026-03-14 12:59:23"
"698dd20d2ffac2141d74101a","69b5404f978429bc67dc3500","image","Education","Yes","No","Yes",0,0,"2026-03-14 12:59:22"
"698dd20d2ffac2141d74101a","69b5406f978429bc67dc3b43","image","Family","Yes","No","Yes",0,0,"2026-03-14 12:59:21"
"698dd20d2ffac2141d74101a","69b54b4f978429bc67dc5304","video","Calm","Yes","No","Yes",0,2,"2026-03-14 12:59:08"
"698dd20d2ffac2141d74101a","69b54093978429bc67dc41d6","image","Education","Yes","No","Yes",0,0,"2026-03-14 12:59:07"
"698dd20d2ffac2141d74101a","69b540de978429bc67dc48f3","image","Motivation","Yes","No","Yes",0,0,"2026-03-14 12:59:06"
"698dd20d2ffac2141d74101a","69affb7aa15626a04e9eeda3","video","Calm","No","No","Yes",0,1,"2026-03-14 12:53:50"
"698dd20d2ffac2141d74101a","69afff85a15626a04e9efad2","video","Movie","Yes","No","Yes",0,1,"2026-03-14 12:53:17"
"698dd20d2ffac2141d74101a","69b55a00978429bc67dc6c22","image","Motivation","No","No","Yes",0,0,"2026-03-14 12:52:19"
"698dd20d2ffac2141d74101a","69b403ace30dbc2dfa945314","video","Love","Yes","No","No",0,0,"2026-03-14 12:27:18"
"698dd20d2ffac2141d74101a","69a82608dd91f4caaf21634a","video","Story","Yes","No","Yes",0,3,"2026-03-14 12:25:40"
"698dd20d2ffac2141d74101a","69b2acb36083ce3d04684c38","video","Movie","No","No","Yes",0,1,"2026-03-14 12:04:46"
"698dd20d2ffac2141d74101a","69b53c12978429bc67dc1720","video","Love","No","No","Yes",0,1,"2026-03-14 11:09:58"
"698dd20d2ffac2141d74101a","69b53c5e978429bc67dc1e99","image","Morning Spiritual","No","No","Yes",0,0,"2026-03-14 10:45:54"
"698dd20d2ffac2141d74101a","69a974cbc4168e65407a1a8b","image","Education","No","No","Yes",0,0,"2026-03-14 09:57:20"
"698dd20d2ffac2141d74101a","69aace0b9f5522d51c195a43","image","Story","No","No","Yes",0,0,"2026-03-14 09:57:14"
"698dd20d2ffac2141d74101a","69aace0b9f5522d51c195b9f","image","Story","No","No","Yes",0,0,"2026-03-14 09:56:51"
"698dd20d2ffac2141d74101a","69aace0b9f5522d51c195ba8","image","Story","No","No","Yes",0,0,"2026-03-14 09:56:39"
"698dd20d2ffac2141d74101a","69aace0b9f5522d51c195a4d","image","Story","No","No","Yes",0,0,"2026-03-14 09:56:39"
"698dd20d2ffac2141d74101a","69b4037de30dbc2dfa944d90","video","Calm","No","No","Yes",0,1,"2026-03-14 09:56:35"
"68f9c645a19761a5faf0ef8e","69b3fe19e30dbc2dfa94416a","image","Happy","No","No","Yes",0,0,"2026-03-14 03:54:25"
"698dd20d2ffac2141d74101a","69b3fde4e30dbc2dfa943931","video","Good Morning","No","No","Yes",0,1,"2026-03-13 12:38:50"
"690054c6fb26e417408f72a7","69b3fc3de30dbc2dfa9408cc","image","Morning Spiritual","No","No","Yes",0,0,"2026-03-13 12:14:11"
"690054c6fb26e417408f72a7","69b3fe19e30dbc2dfa94416a","image","Happy","No","No","Yes",0,0,"2026-03-13 12:14:11"
"690054c6fb26e417408f72a7","69b3fc22e30dbc2dfa93fe63","image","Family","No","No","Yes",0,0,"2026-03-13 12:14:11"
"698dd20d2ffac2141d74101a","69b3fe19e30dbc2dfa94416a","image","Happy","No","No","Yes",0,0,"2026-03-13 12:08:21"
"698dd20d2ffac2141d74101a","69b3fbabe30dbc2dfa93dead","image","Life","No","No","Yes",0,0,"2026-03-13 12:02:33"
"698dd20d2ffac2141d74101a","69b3fbeee30dbc2dfa93f07c","image","Motivation","No","No","Yes",0,0,"2026-03-13 12:01:50"
"698dd20d2ffac2141d74101a","69b3fc3de30dbc2dfa9408cc","image","Morning Spiritual","No","No","Yes",0,0,"2026-03-13 12:01:50"
"698dd20d2ffac2141d74101a","69b3fc22e30dbc2dfa93fe63","image","Family","No","No","Yes",0,0,"2026-03-13 12:01:50"
"690054c6fb26e417408f72a7","69b2b3ed6083ce3d04687236","video","Good Morning","No","No","Yes",0,1,"2026-03-13 11:45:53"
"690054c6fb26e417408f72a7","69b2b5196083ce3d0468a1ba","video","Life","No","Yes","No",0,0,"2026-03-13 11:45:29"
"690054c6fb26e417408f72a7","69b2b5426083ce3d0468a8e6","video","Life","No","Yes","No",0,0,"2026-03-13 11:44:29"
"6971b16761e0d7dbd6161e84","69b2ac226083ce3d04683650","image","Family","No","No","Yes",0,0,"2026-03-13 02:51:47"
"6971b16761e0d7dbd6161e84","69b2abd36083ce3d046830af","image","Education","No","No","Yes",0,0,"2026-03-13 02:51:47"
"6971b16761e0d7dbd6161e84","69b2ab7e6083ce3d04682b18","image","Motivational Quotes","No","No","Yes",0,0,"2026-03-13 02:51:47"
"6971b16761e0d7dbd6161e84","69b2ab3d6083ce3d04682583","image","Education","No","No","Yes",0,0,"2026-03-13 02:51:47"
"6909ef4b3c6874ef786b2267","69b15bf56083ce3d0467a993","image","Movie","No","No","Yes",0,0,"2026-03-12 18:13:36"
"6909ef4b3c6874ef786b2267","69b15bcc6083ce3d0467a3f4","image","Motivation","No","No","Yes",0,0,"2026-03-12 18:13:36"
"6909ef4b3c6874ef786b2267","69b15c396083ce3d0467af14","image","Life","No","No","Yes",0,0,"2026-03-12 18:13:33"
"6909ef4b3c6874ef786b2267","69b2abd36083ce3d046830af","image","Education","No","No","Yes",0,0,"2026-03-12 18:13:29"
"6909ef4b3c6874ef786b2267","69b2ab7e6083ce3d04682b18","image","Motivational Quotes","No","No","Yes",0,0,"2026-03-12 18:13:29"
"6909ef4b3c6874ef786b2267","69b2ab3d6083ce3d04682583","image","Education","No","No","Yes",0,0,"2026-03-12 18:13:29"
"6909ef4b3c6874ef786b2267","69b2ac226083ce3d04683650","image","Family","No","No","Yes",0,0,"2026-03-12 18:13:27"
"698dd20d2ffac2141d74101a","69b2b4706083ce3d04688907","video","Good Morning","No","No","Yes",0,1,"2026-03-12 13:00:44"
"698077c38a81b29c153b4f20","69b15bf56083ce3d0467a993","image","Movie","No","No","Yes",0,0,"2026-03-12 12:59:16"
"698077c38a81b29c153b4f20","69b15bcc6083ce3d0467a3f4","image","Motivation","No","No","Yes",0,0,"2026-03-12 12:59:16"
"698077c38a81b29c153b4f20","69b012b6a15626a04e9fd1ca","image","Womens Day","No","No","Yes",0,0,"2026-03-12 12:59:16"
"698077c38a81b29c153b4f20","69b15c396083ce3d0467af14","image","Life","No","No","Yes",0,0,"2026-03-12 12:59:15"
"698077c38a81b29c153b4f20","69b2abd36083ce3d046830af","image","Education","No","No","Yes",0,0,"2026-03-12 12:59:14"
"698077c38a81b29c153b4f20","69b2ab7e6083ce3d04682b18","image","Motivational Quotes","No","No","Yes",0,0,"2026-03-12 12:59:14"
"698077c38a81b29c153b4f20","69b2ab3d6083ce3d04682583","image","Education","No","No","Yes",0,0,"2026-03-12 12:59:14"
"698077c38a81b29c153b4f20","69b2ac226083ce3d04683650","image","Family","No","No","Yes",0,0,"2026-03-12 12:59:09"
"698dd20d2ffac2141d74101a","69b2ac226083ce3d04683650","image","Family","No","No","Yes",0,0,"2026-03-12 12:06:09"
"698dd20d2ffac2141d74101a","69b2ab3d6083ce3d04682583","image","Education","No","No","Yes",0,0,"2026-03-12 12:05:06"
"698dd20d2ffac2141d74101a","69b2abd36083ce3d046830af","image","Education","No","No","Yes",0,0,"2026-03-12 12:05:06"
"698dd20d2ffac2141d74101a","69b2ab7e6083ce3d04682b18","image","Motivational Quotes","No","No","Yes",0,0,"2026-03-12 12:05:06"
"6971b16761e0d7dbd6161e84","69ae9f66a31cdb63daf1442d","image","Education","No","No","Yes",0,0,"2026-03-12 06:50:14"
"6971b16761e0d7dbd6161e84","69ae9f35a31cdb63daf14278","image","Life","No","No","Yes",0,0,"2026-03-12 06:50:14"
"6971b16761e0d7dbd6161e84","69aec160a31cdb63daf17bf5","image","Life","No","No","Yes",0,0,"2026-03-12 06:50:12"
"6971b16761e0d7dbd6161e84","69aec131a31cdb63daf17579","image","Family","No","No","Yes",0,0,"2026-03-12 06:50:12"
"6971b16761e0d7dbd6161e84","69aec217a31cdb63daf19543","image","Morning Spiritual","No","No","Yes",0,0,"2026-03-12 06:49:20"
"6971b16761e0d7dbd6161e84","69aec1efa31cdb63daf18f27","image","Education","No","No","Yes",0,0,"2026-03-12 06:49:20"
"6971b16761e0d7dbd6161e84","69aec23fa31cdb63daf19aa5","image","Morning Spiritual","No","No","Yes",0,0,"2026-03-12 06:49:13"
"6971b16761e0d7dbd6161e84","69aec270a31cdb63daf1a12e","image","Motivation","No","No","Yes",0,0,"2026-03-12 06:49:11"
"6971b16761e0d7dbd6161e84","69aff964a15626a04e9ec4aa","image","Movie","No","No","Yes",0,0,"2026-03-12 06:49:09"
"6971b16761e0d7dbd6161e84","69aff93fa15626a04e9ebe1c","image","Movie","No","No","Yes",0,0,"2026-03-12 06:49:08"
"6971b16761e0d7dbd6161e84","69affa28a15626a04e9ecc95","image","Education","No","No","Yes",0,0,"2026-03-12 06:49:07"
"6971b16761e0d7dbd6161e84","69afffb4a15626a04e9f00e6","image","Morning Spiritual","No","No","Yes",0,0,"2026-03-12 06:48:52"
"6971b16761e0d7dbd6161e84","69b00004a15626a04e9f0abe","image","Life","Yes","Yes","Yes",0,0,"2026-03-12 06:48:13"
"6971b16761e0d7dbd6161e84","69b0104aa15626a04e9f5785","video","Womens Day","No","No","Yes",0,1,"2026-03-12 06:48:08"
"6971b16761e0d7dbd6161e84","69aace0b9f5522d51c195a4d","image","Story","No","No","Yes",0,0,"2026-03-12 06:45:05"
"6971b16761e0d7dbd6161e84","69aace0b9f5522d51c195b9f","image","Story","No","No","Yes",0,0,"2026-03-12 06:45:00"
"6971b16761e0d7dbd6161e84","69aace0b9f5522d51c195ba8","image","Story","No","No","Yes",0,0,"2026-03-12 06:44:34"
"691474336f3817fc8d6a0c12","69b165646083ce3d0467c368","video","Story","No","Yes","No",0,1,"2026-03-12 06:42:20"
"691474336f3817fc8d6a0c12","69b1659d6083ce3d0467c96a","video","Movie","No","Yes","No",0,2,"2026-03-12 06:42:04"
"691474336f3817fc8d6a0c12","69b15c396083ce3d0467af14","image","Life","No","No","Yes",0,0,"2026-03-12 06:42:00"
"691474336f3817fc8d6a0c12","69b15bcc6083ce3d0467a3f4","image","Motivation","No","No","Yes",0,0,"2026-03-12 06:42:00"
"691474336f3817fc8d6a0c12","69b012b6a15626a04e9fd1ca","image","Womens Day","No","No","Yes",0,0,"2026-03-12 06:42:00"
"691474336f3817fc8d6a0c12","69b15bf56083ce3d0467a993","image","Movie","No","No","Yes",0,0,"2026-03-12 06:42:00"
"6971b16761e0d7dbd6161e84","69a02c6420120ebc1d3f6baf","video","Politics","No","No","Yes",0,6,"2026-03-12 05:55:17"
"6971b16761e0d7dbd6161e84","69b1659d6083ce3d0467c96a","video","Movie","No","No","Yes",0,2,"2026-03-12 05:53:52"
"6971b16761e0d7dbd6161e84","69b0128fa15626a04e9fc994","video","Motivation","No","No","Yes",0,2,"2026-03-12 05:53:25"
"6971b16761e0d7dbd6161e84","69b165646083ce3d0467c368","video","Story","No","No","Yes",0,1,"2026-03-12 05:52:49"
"6971b16761e0d7dbd6161e84","699858c4325fe4eba7028e0d","image","Education","No","No","Yes",0,0,"2026-03-12 05:52:27"
"6971b16761e0d7dbd6161e84","698dbd862ffac2141d73fe80","image","Motivational Quotes","No","No","Yes",0,0,"2026-03-12 05:52:25"
"6971b16761e0d7dbd6161e84","698ee6792ffac2141d7457a2","image","Good Morning","No","No","Yes",0,0,"2026-03-12 05:52:00"
"6971b16761e0d7dbd6161e84","69b012b6a15626a04e9fd1ca","image","Womens Day","No","No","Yes",0,0,"2026-03-12 05:51:38"
"6971b16761e0d7dbd6161e84","69b15c396083ce3d0467af14","image","Life","No","No","Yes",0,0,"2026-03-12 05:51:36"
"6971b16761e0d7dbd6161e84","69b15bf56083ce3d0467a993","image","Movie","No","No","Yes",0,0,"2026-03-12 05:51:36"
"6971b16761e0d7dbd6161e84","69b15bcc6083ce3d0467a3f4","image","Motivation","No","No","Yes",0,0,"2026-03-12 05:51:36"
"690054c6fb26e417408f72a7","69b165126083ce3d0467b748","video","Story","No","Yes","No",0,0,"2026-03-12 05:42:30"
"690054c6fb26e417408f72a7","69b1659d6083ce3d0467c96a","video","Movie","No","Yes","Yes",0,2,"2026-03-11 14:48:51"
"690054c6fb26e417408f72a7","69b15bcc6083ce3d0467a3f4","image","Motivation","No","No","Yes",0,0,"2026-03-11 14:48:34"
"690054c6fb26e417408f72a7","69b15bf56083ce3d0467a993","image","Movie","No","No","Yes",0,0,"2026-03-11 14:48:33"
"690054c6fb26e417408f72a7","69b15c396083ce3d0467af14","image","Life","No","No","Yes",0,0,"2026-03-11 14:48:32"
"698dd20d2ffac2141d74101a","69b15bf56083ce3d0467a993","image","Movie","No","No","Yes",0,0,"2026-03-11 12:42:52"
"698dd20d2ffac2141d74101a","69b15bcc6083ce3d0467a3f4","image","Motivation","No","No","Yes",0,0,"2026-03-11 12:42:52"
"698dd20d2ffac2141d74101a","69b15c396083ce3d0467af14","image","Life","No","No","Yes",0,0,"2026-03-11 12:42:51"
"690054c6fb26e417408f72a7","69b00fc4a15626a04e9f3b0b","video","Womens Day","No","No","Yes",0,2,"2026-03-11 09:06:04"
"690054c6fb26e417408f72a7","69b00004a15626a04e9f0abe","image","Life","No","No","Yes",0,0,"2026-03-11 09:05:24"
"690054c6fb26e417408f72a7","69afffe3a15626a04e9f05c0","image","Motivation","No","No","Yes",0,0,"2026-03-11 09:05:24"
"690054c6fb26e417408f72a7","69b012b6a15626a04e9fd1ca","image","Womens Day","No","No","Yes",0,0,"2026-03-11 09:03:55"
"69b0f579a15626a04e9fda0c","69a19528a242e8a28ac218a7","video","Sad","No","No","Yes",0,1,"2026-03-11 08:41:09"
"69b0f579a15626a04e9fda0c","6990258d90a65cd9632e7c5e","video","Sad, Life","No","No","Yes",0,3,"2026-03-11 08:40:54"
"69b0f579a15626a04e9fda0c","69a589234a0445ee94d00a68","image","Sad","No","No","Yes",0,0,"2026-03-11 08:40:46"
"69b0f579a15626a04e9fda0c","69aab8a69f5522d51c18d800","video","Greetings","No","No","Yes",0,1,"2026-03-11 08:39:24"
"69b0f579a15626a04e9fda0c","69aab8d59f5522d51c18df20","video","Greetings","No","No","Yes",0,2,"2026-03-11 08:39:04"
"69b0f579a15626a04e9fda0c","69a0447c20120ebc1d400a1b","video","Bike","No","No","Yes",0,4,"2026-03-11 08:37:57"
"69b0f579a15626a04e9fda0c","69aec1b5a31cdb63daf1884b","video","Love","No","No","Yes",0,2,"2026-03-11 08:36:53"
"69b0f579a15626a04e9fda0c","69943ac7b2fbeb55ce59fed8","video","Republic day","No","No","Yes",0,1,"2026-03-11 08:36:29"
"69b0f579a15626a04e9fda0c","6993f3ff2f05ad3205f79c2c","video","Dad Emotional","No","No","Yes",0,2,"2026-03-11 08:35:16"
"69b0f579a15626a04e9fda0c","6992a6d32f05ad3205f662d6","video","Dad Emotional","No","No","Yes",0,2,"2026-03-11 08:34:41"
"69b0f579a15626a04e9fda0c","69aec160a31cdb63daf17bf5","image","Life","No","No","Yes",0,0,"2026-03-11 08:34:08"
"69b0f579a15626a04e9fda0c","69b00004a15626a04e9f0abe","image","Life","No","No","Yes",0,0,"2026-03-11 08:33:47"
"69b0f579a15626a04e9fda0c","698ffa5e90a65cd9632af93b","video","Devotional","No","No","Yes",0,4,"2026-03-11 08:33:21"
"69b0f579a15626a04e9fda0c","6990258d90a65cd9632e7775","video","Alone","No","No","Yes",0,4,"2026-03-11 08:32:15"
"69b0f579a15626a04e9fda0c","699d515820120ebc1d3dc703","video","Alone","No","No","Yes",0,6,"2026-03-11 08:32:00"
"69b0f579a15626a04e9fda0c","6990258d90a65cd9632e78b6","video","Pain, Alone","No","No","Yes",0,3,"2026-03-11 08:32:00"
"69b0f579a15626a04e9fda0c","6993f39b2f05ad3205f7936c","video","Emotional","No","No","Yes",0,1,"2026-03-11 08:31:06"
"69b0f579a15626a04e9fda0c","69a555a7f0874c9782774b8f","image","March","No","No","Yes",0,0,"2026-03-11 08:30:27"
"69b0f579a15626a04e9fda0c","69a55617f0874c97827756db","image","March","No","No","Yes",0,0,"2026-03-11 08:30:25"
"69b0f579a15626a04e9fda0c","69a5565ef0874c9782775f25","image","March","No","No","Yes",0,0,"2026-03-11 08:30:11"
"69b0f579a15626a04e9fda0c","69a8258add91f4caaf215568","image","Family","No","No","Yes",0,0,"2026-03-11 08:29:21"
"69b0f579a15626a04e9fda0c","69a6db935ef8e384ace3681f","image","Family, Dad Emotional","No","No","Yes",0,0,"2026-03-11 08:29:21"
"69b0f579a15626a04e9fda0c","69aec131a31cdb63daf17579","image","Family","No","No","Yes",0,0,"2026-03-11 08:29:02"
"69b0f579a15626a04e9fda0c","69834d0a0ae80c0f92d1e1a8","video","Murugan, Spiritual, Bhakti","No","No","Yes",0,16,"2026-03-11 08:16:55"
"69b0f579a15626a04e9fda0c","699055e72f05ad3205f38c0b","video","Spiritual","No","No","Yes",0,2,"2026-03-11 08:16:43"
"69b0f579a15626a04e9fda0c","6990111590a65cd9632c3d3f","video","Mother’s Day","No","No","Yes",0,1,"2026-03-11 08:14:39"
"69b0f579a15626a04e9fda0c","6992a57a2f05ad3205f64bda","video","Good Evening","No","No","Yes",0,1,"2026-03-11 08:14:19"
"69b0f579a15626a04e9fda0c","69b010a7a15626a04e9f677f","video","Womens Day","No","No","Yes",0,1,"2026-03-11 08:13:36"
"69b0f579a15626a04e9fda0c","69984d46325fe4eba7021e78","video","Self Confidence","No","No","Yes",0,4,"2026-03-11 07:06:20"
"69b0f579a15626a04e9fda0c","699c45e168244fd7fa649595","video","Self Confidence","No","No","Yes",0,2,"2026-03-11 07:06:12"
"69b0f579a15626a04e9fda0c","699c43e668244fd7fa646a47","video","Hard Work","No","No","Yes",0,3,"2026-03-11 07:05:54"
"69b0f579a15626a04e9fda0c","69a80ec6dd91f4caaf210b65","image","Morning Spiritual","No","No","Yes",0,0,"2026-03-11 07:04:57"
"69b0f579a15626a04e9fda0c","69aec217a31cdb63daf19543","image","Morning Spiritual","No","No","Yes",0,0,"2026-03-11 07:04:56"
"69b0f579a15626a04e9fda0c","69aec23fa31cdb63daf19aa5","image","Morning Spiritual","No","No","Yes",0,0,"2026-03-11 07:04:55"
"69b0f579a15626a04e9fda0c","69afffb4a15626a04e9f00e6","image","Morning Spiritual","No","No","Yes",0,0,"2026-03-11 07:04:49"
"69b0f579a15626a04e9fda0c","69929d1c2f05ad3205f5c9cb","image","Emotional","No","No","Yes",0,0,"2026-03-11 07:04:39"
"69b0f579a15626a04e9fda0c","6992ae522f05ad3205f699a1","video","Emotional","No","No","Yes",0,4,"2026-03-11 07:04:38"
"69b0f579a15626a04e9fda0c","6990111590a65cd9632c4228","video","Sibling","No","No","Yes",0,2,"2026-03-11 07:03:44"
"69b0f579a15626a04e9fda0c","699316e22f05ad3205f75f28","video","Tourism","No","No","Yes",0,1,"2026-03-11 07:02:20"
"69b0f579a15626a04e9fda0c","699316b92f05ad3205f758d0","video","Tourism","No","No","Yes",0,1,"2026-03-11 07:02:17"
"69b0f579a15626a04e9fda0c","699072fd2f05ad3205f54d82","video","Valentine’s Day","No","No","Yes",0,2,"2026-03-11 07:01:21"
"69b0f579a15626a04e9fda0c","699073242f05ad3205f5527d","video","Valentine’s Day","No","No","Yes",0,2,"2026-03-11 07:01:15"
"69b0f579a15626a04e9fda0c","6999a8c068244fd7fa63b18c","image","Valentine’s Day","No","No","Yes",0,0,"2026-03-11 07:00:49"
"69b0f579a15626a04e9fda0c","699c42c768244fd7fa645a3c","video","Positive Thinking","No","No","Yes",0,2,"2026-03-11 07:00:26"
"69b0f579a15626a04e9fda0c","699c445068244fd7fa6473d7","video","Positive Thinking","No","No","Yes",0,1,"2026-03-11 06:57:56"
"69b0f579a15626a04e9fda0c","69a589234a0445ee94d00912","image","Positive Thinking","No","No","Yes",0,0,"2026-03-11 06:57:42"
"6909ef4b3c6874ef786b2267","69aff964a15626a04e9ec4aa","image","Movie","No","No","Yes",0,0,"2026-03-11 05:29:56"
"6909ef4b3c6874ef786b2267","69aff93fa15626a04e9ebe1c","image","Movie","No","No","Yes",0,0,"2026-03-11 05:29:56"
"6909ef4b3c6874ef786b2267","69affa9ca15626a04e9edc19","video","Story","No","No","Yes",0,2,"2026-03-11 05:29:52"
"6909ef4b3c6874ef786b2267","69affa28a15626a04e9ecc95","image","Education","No","No","Yes",0,0,"2026-03-11 05:29:42"
"6909ef4b3c6874ef786b2267","69afffb4a15626a04e9f00e6","image","Morning Spiritual","No","No","Yes",0,0,"2026-03-11 05:29:41"
"6909ef4b3c6874ef786b2267","69b00fe0a15626a04e9f4231","video","Womens Day","No","No","Yes",0,1,"2026-03-11 05:29:31"
"6909ef4b3c6874ef786b2267","69b00fc4a15626a04e9f3b0b","video","Womens Day","No","No","Yes",0,2,"2026-03-11 05:28:59"
"6909ef4b3c6874ef786b2267","69afffe3a15626a04e9f05c0","image","Motivation","No","No","Yes",0,0,"2026-03-11 05:28:52"
"6909ef4b3c6874ef786b2267","69b00004a15626a04e9f0abe","image","Life","No","No","Yes",0,0,"2026-03-11 05:28:52"
"6909ef4b3c6874ef786b2267","69b012b6a15626a04e9fd1ca","image","Womens Day","No","No","Yes",0,0,"2026-03-11 05:28:31"
"69b0f579a15626a04e9fda0c","699c42fc68244fd7fa645fe5","video","Inspiration","No","No","Yes",0,1,"2026-03-11 05:23:46"
"69b0f579a15626a04e9fda0c","69905f8d2f05ad3205f505bc","video","Inspiration","No","No","Yes",0,3,"2026-03-11 05:23:31"
"69b0f579a15626a04e9fda0c","69905c382f05ad3205f48523","video","Inspiration","No","No","Yes",0,2,"2026-03-11 05:23:16"
"69b0f579a15626a04e9fda0c","69905db82f05ad3205f4cb5f","video","Song Status","No","No","Yes",0,2,"2026-03-11 05:00:35"
"69b0f579a15626a04e9fda0c","699c534568244fd7fa64c3ed","video","Song Status","No","No","Yes",0,4,"2026-03-11 05:00:11"
"69b0f579a15626a04e9fda0c","69aacdd29f5522d51c194b13","video","Song Status","No","No","Yes",0,3,"2026-03-11 04:59:51"
"69b0f579a15626a04e9fda0c","69aacdd29f5522d51c194b09","video","Song Status","No","No","Yes",0,2,"2026-03-11 04:59:46"
"69b0f579a15626a04e9fda0c","6993fa6b2f05ad3205f7cb23","video","Friendship","No","No","Yes",0,2,"2026-03-11 04:59:09"
"69b0f579a15626a04e9fda0c","6993fd472f05ad3205f7fb43","video","Friendship","No","No","Yes",0,2,"2026-03-11 04:58:46"
"69b0f579a15626a04e9fda0c","6993fb8d2f05ad3205f7d9eb","video","Friendship","No","No","Yes",0,2,"2026-03-11 04:58:43"
"69b0f579a15626a04e9fda0c","69ae9f66a31cdb63daf1442d","image","Education","No","No","Yes",0,0,"2026-03-11 04:58:07"
"69b0f579a15626a04e9fda0c","69aec1efa31cdb63daf18f27","image","Education","No","No","Yes",0,0,"2026-03-11 04:58:06"
"69b0f579a15626a04e9fda0c","69affa28a15626a04e9ecc95","image","Education","No","No","Yes",0,0,"2026-03-11 04:57:47"
"69b0f579a15626a04e9fda0c","69b01246a15626a04e9fbc3c","video","Motivation","No","No","Yes",0,2,"2026-03-11 04:57:40"
"69b0f579a15626a04e9fda0c","69b0126ca15626a04e9fc333","video","Motivation","No","No","Yes",0,2,"2026-03-11 04:57:31"
"69b0f579a15626a04e9fda0c","69a587a44a0445ee94cfd903","image","Emotional","No","No","Yes",0,0,"2026-03-11 04:57:08"
"69b0f579a15626a04e9fda0c","698ffae390a65cd9632b0162","video","Devotional","No","No","Yes",0,4,"2026-03-11 04:56:57"
"69b0f579a15626a04e9fda0c","6993147a2f05ad3205f71c7e","video","Devotional","No","No","Yes",0,2,"2026-03-11 04:56:36"
"69b0f579a15626a04e9fda0c","699314b72f05ad3205f722a5","video","Devotional","No","No","Yes",0,1,"2026-03-11 04:56:03"
"69b0f579a15626a04e9fda0c","699315082f05ad3205f729a0","video","Devotional","No","No","Yes",0,1,"2026-03-11 04:55:28"
"69b0f579a15626a04e9fda0c","69b012b6a15626a04e9fd1ca","image","Womens Day","No","No","Yes",0,0,"2026-03-11 04:54:33"
"69872f34b1cd208b2c0623ef","69affa28a15626a04e9ecc95","image","Education","No","No","Yes",0,0,"2026-03-11 04:47:23"
"69872f34b1cd208b2c0623ef","69aec1efa31cdb63daf18f27","image","Education","No","No","Yes",0,0,"2026-03-11 04:47:23"
"69872f34b1cd208b2c0623ef","69ae9f66a31cdb63daf1442d","image","Education","No","No","Yes",0,0,"2026-03-11 04:47:23"
"69872f34b1cd208b2c0623ef","69b012b6a15626a04e9fd1ca","image","Womens Day","No","No","Yes",0,0,"2026-03-11 04:46:30"
"698dd20d2ffac2141d74101a","69affa67a15626a04e9ed2d8","video","Story","No","No","Yes",0,1,"2026-03-10 13:01:59"
"698dd20d2ffac2141d74101a","69affa9ca15626a04e9edc19","video","Story","No","No","Yes",0,2,"2026-03-10 13:01:15"
"698dd20d2ffac2141d74101a","69affaffa15626a04e9ee2e5","video","Story","No","No","Yes",0,1,"2026-03-10 13:00:40"
"698dd20d2ffac2141d74101a","69b01246a15626a04e9fbc3c","video","Motivation","No","No","Yes",0,2,"2026-03-10 12:59:23"
"698dd20d2ffac2141d74101a","69b0126ca15626a04e9fc333","video","Motivation","No","No","Yes",0,2,"2026-03-10 12:59:02"
"698dd20d2ffac2141d74101a","69affb57a15626a04e9ee842","video","Story","No","No","Yes",0,1,"2026-03-10 12:57:25"
"698dd20d2ffac2141d74101a","69b012b6a15626a04e9fd1ca","image","Womens Day","No","No","Yes",0,0,"2026-03-10 12:55:17"
"698dd20d2ffac2141d74101a","69aff964a15626a04e9ec4aa","image","Movie","No","No","Yes",0,0,"2026-03-10 11:27:26"
"698dd20d2ffac2141d74101a","69aff93fa15626a04e9ebe1c","image","Movie","No","No","Yes",0,0,"2026-03-10 11:27:26"
"698dd20d2ffac2141d74101a","69affa28a15626a04e9ecc95","image","Education","No","No","Yes",0,0,"2026-03-10 11:27:25"
"698dd20d2ffac2141d74101a","69b00004a15626a04e9f0abe","image","Life","Yes","No","Yes",0,0,"2026-03-10 11:27:02"
"698dd20d2ffac2141d74101a","69afffe3a15626a04e9f05c0","image","Motivation","No","No","Yes",0,0,"2026-03-10 11:27:02"
"698dd20d2ffac2141d74101a","69afffb4a15626a04e9f00e6","image","Morning Spiritual","No","No","Yes",0,0,"2026-03-10 11:27:02"
"690054c6fb26e417408f72a7","69aec160a31cdb63daf17bf5","image","Life","No","No","Yes",0,0,"2026-03-10 08:56:20"
"690054c6fb26e417408f72a7","69aec217a31cdb63daf19543","image","Morning Spiritual","No","No","Yes",0,0,"2026-03-10 08:56:20"
"690054c6fb26e417408f72a7","69aec270a31cdb63daf1a12e","image","Motivation","No","No","Yes",0,0,"2026-03-10 08:56:20"
"690054c6fb26e417408f72a7","69aec23fa31cdb63daf19aa5","image","Morning Spiritual","No","No","Yes",0,0,"2026-03-10 08:56:20"
"690054c6fb26e417408f72a7","69aec1efa31cdb63daf18f27","image","Education","No","No","Yes",0,0,"2026-03-10 08:56:20"
"690054c6fb26e417408f72a7","69aec131a31cdb63daf17579","image","Family","No","No","Yes",0,0,"2026-03-10 08:56:20"
"6909ef4b3c6874ef786b2267","69ae9f66a31cdb63daf1442d","image","Education","No","No","Yes",0,0,"2026-03-09 18:02:26"
"6909ef4b3c6874ef786b2267","69ae9f35a31cdb63daf14278","image","Life","No","No","Yes",0,0,"2026-03-09 18:02:26"
"6909ef4b3c6874ef786b2267","69aec23fa31cdb63daf19aa5","image","Morning Spiritual","No","No","Yes",0,0,"2026-03-09 18:00:20"
"6909ef4b3c6874ef786b2267","69aec270a31cdb63daf1a12e","image","Motivation","No","No","Yes",0,0,"2026-03-09 18:00:20"
"6909ef4b3c6874ef786b2267","69aec160a31cdb63daf17bf5","image","Life","No","No","Yes",0,0,"2026-03-09 18:00:20"
"6909ef4b3c6874ef786b2267","69aec1efa31cdb63daf18f27","image","Education","No","No","Yes",0,0,"2026-03-09 18:00:20"
"6909ef4b3c6874ef786b2267","69aec217a31cdb63daf19543","image","Morning Spiritual","No","No","Yes",0,0,"2026-03-09 18:00:20"
"6909ef4b3c6874ef786b2267","69aec131a31cdb63daf17579","image","Family","No","No","Yes",0,0,"2026-03-09 18:00:20"
"698dd20d2ffac2141d74101a","69aec189a31cdb63daf18293","video","Calm","No","No","Yes",0,1,"2026-03-09 13:05:20"
"698dd20d2ffac2141d74101a","69aec1b5a31cdb63daf1884b","video","Love","No","No","Yes",0,2,"2026-03-09 13:03:52"
"698dd20d2ffac2141d74101a","69aec109a31cdb63daf16e0b","video","Story","No","No","Yes",0,1,"2026-03-09 13:02:30"
"699eda3720120ebc1d3e73fa","69aec270a31cdb63daf1a12e","image","Motivation","No","No","Yes",0,0,"2026-03-09 12:53:13"
"698dd20d2ffac2141d74101a","69aec217a31cdb63daf19543","image","Morning Spiritual","No","No","Yes",0,0,"2026-03-09 12:52:13"
"698dd20d2ffac2141d74101a","69aec23fa31cdb63daf19aa5","image","Morning Spiritual","No","No","Yes",0,0,"2026-03-09 12:52:13"
"698dd20d2ffac2141d74101a","69aec270a31cdb63daf1a12e","image","Motivation","No","No","Yes",0,0,"2026-03-09 12:52:13"
"699eda3720120ebc1d3e73fa","69aec23fa31cdb63daf19aa5","image","Morning Spiritual","No","No","Yes",0,0,"2026-03-09 12:51:15"
"699eda3720120ebc1d3e73fa","69aec217a31cdb63daf19543","image","Morning Spiritual","No","No","Yes",0,0,"2026-03-09 12:50:59"
"698dd20d2ffac2141d74101a","69aec1efa31cdb63daf18f27","image","Education","No","No","Yes",0,0,"2026-03-09 12:49:54"
"699eda3720120ebc1d3e73fa","69aec1efa31cdb63daf18f27","image","Education","No","No","Yes",0,0,"2026-03-09 12:49:51"
"698dd20d2ffac2141d74101a","69aec160a31cdb63daf17bf5","image","Life","No","No","Yes",0,0,"2026-03-09 12:48:51"
"698dd20d2ffac2141d74101a","69aec131a31cdb63daf17579","image","Family","No","No","Yes",0,0,"2026-03-09 12:48:51"
"699eda3720120ebc1d3e73fa","69aec160a31cdb63daf17bf5","image","Life","No","No","Yes",0,0,"2026-03-09 12:47:29"
"699eda3720120ebc1d3e73fa","69aec131a31cdb63daf17579","image","Family","No","No","Yes",0,0,"2026-03-09 12:47:29"
"698dd20d2ffac2141d74101a","69ae9cd0a31cdb63daf13151","video","Motivation","No","No","Yes",0,1,"2026-03-09 12:41:56"
"698dd20d2ffac2141d74101a","69ae9f35a31cdb63daf14278","image","Life","No","No","Yes",0,0,"2026-03-09 12:27:33"
"698dd20d2ffac2141d74101a","69ae9f66a31cdb63daf1442d","image","Education","No","No","Yes",0,0,"2026-03-09 12:27:33"
"699eda3720120ebc1d3e73fa","69ae9f66a31cdb63daf1442d","image","Education","No","No","Yes",0,0,"2026-03-09 10:22:52"
"699eda3720120ebc1d3e73fa","69ae9f35a31cdb63daf14278","image","Life","No","No","Yes",0,0,"2026-03-09 10:22:52"
"690054c6fb26e417408f72a7","69ae5319a31cdb63daf0e14c","unknown","Uncategorized","No","No","Yes",0,0,"2026-03-09 04:57:02"
"690054c6fb26e417408f72a7","69ae5280a31cdb63daf0c7ff","unknown","Uncategorized","No","No","Yes",0,0,"2026-03-09 04:55:16"
"6909ef4b3c6874ef786b2267","69aab1209f5522d51c184301","video","Birthday","No","No","Yes",0,1,"2026-03-08 13:12:57"
"69a94a7b39564eb5598cec7f","69aace0b9f5522d51c195ba8","image","Story","No","No","Yes",0,0,"2026-03-08 07:25:28"
"699eda3720120ebc1d3e73fa","69aacdd29f5522d51c194b13","video","Song Status","No","Yes","No",0,3,"2026-03-07 14:07:24"
"699eda3720120ebc1d3e73fa","69aace0b9f5522d51c195a43","image","Story","No","Yes","Yes",0,0,"2026-03-07 13:17:34"
"699eda3720120ebc1d3e73fa","69aace0b9f5522d51c195b9f","image","Story","No","Yes","Yes",0,0,"2026-03-07 13:16:22"
"699eda3720120ebc1d3e73fa","69aacdd29f5522d51c194db9","video","Movie","No","Yes","No",0,3,"2026-03-07 13:10:36"
"699eda3720120ebc1d3e73fa","69aace0b9f5522d51c195a4d","image","Story","Yes","Yes","Yes",0,0,"2026-03-07 13:05:16"
"699eda3720120ebc1d3e73fa","69aace0b9f5522d51c195ba8","image","Story","Yes","Yes","Yes",0,0,"2026-03-07 13:02:48"
"69872f34b1cd208b2c0623ef","69aacc609f5522d51c192f7e","image","Education","No","No","Yes",0,0,"2026-03-07 11:38:00"
"69872f34b1cd208b2c0623ef","69aace0b9f5522d51c195a4d","image","Story","No","No","Yes",0,0,"2026-03-07 11:37:57"
"69872f34b1cd208b2c0623ef","69aace0b9f5522d51c195a43","image","Story","No","No","Yes",0,0,"2026-03-07 11:37:56"
"69872f34b1cd208b2c0623ef","69aace0b9f5522d51c195b9f","image","Story","No","No","Yes",0,0,"2026-03-07 11:37:56"
"69872f34b1cd208b2c0623ef","69aace0b9f5522d51c195ba8","image","Story","No","No","Yes",0,0,"2026-03-07 11:37:56"
"690054c6fb26e417408f72a7","69aacc609f5522d51c192f7e","image","Education","No","No","Yes",0,0,"2026-03-07 03:51:03"
"690054c6fb26e417408f72a7","69aacdd29f5522d51c194b09","video","Song Status","No","No","Yes",0,2,"2026-03-07 03:51:02"
"690054c6fb26e417408f72a7","69aacdd29f5522d51c194b13","video","Song Status","No","No","Yes",0,3,"2026-03-07 03:50:56"
"6958a20c518424700e4aced7","69aace0b9f5522d51c195a4d","image","Story","No","No","Yes",0,0,"2026-03-06 17:22:30"
"6958a20c518424700e4aced7","69aace0b9f5522d51c195a43","image","Story","No","No","Yes",0,0,"2026-03-06 17:22:30"
"6958a20c518424700e4aced7","69aacdd29f5522d51c194b13","video","Song Status","No","No","Yes",0,3,"2026-03-06 17:22:24"
"6958a20c518424700e4aced7","69aace0b9f5522d51c195b9f","image","Story","No","No","Yes",0,0,"2026-03-06 17:21:56"
"6958a20c518424700e4aced7","69aace0b9f5522d51c195ba8","image","Story","No","No","Yes",0,0,"2026-03-06 17:21:41"
"6909ef4b3c6874ef786b2267","69aac3119f5522d51c190260","video","Motivational Quotes, Motivation","No","No","Yes",0,1,"2026-03-06 15:33:38"
"6909ef4b3c6874ef786b2267","69aac2c49f5522d51c18f4db","video","Motivational Quotes, Motivation","No","No","Yes",0,1,"2026-03-06 15:33:29"
"6909ef4b3c6874ef786b2267","69a974cbc4168e65407a1a8b","image","Education","No","No","Yes",0,0,"2026-03-06 15:29:44"
"6909ef4b3c6874ef786b2267","69aacc609f5522d51c192f7e","image","Education","No","No","Yes",0,0,"2026-03-06 15:29:42"
"6909ef4b3c6874ef786b2267","69aace0b9f5522d51c195a4d","image","Story","No","No","Yes",0,0,"2026-03-06 15:29:08"
"6909ef4b3c6874ef786b2267","69aace0b9f5522d51c195ba8","image","Story","No","No","Yes",0,0,"2026-03-06 15:29:08"
"6909ef4b3c6874ef786b2267","69aace0b9f5522d51c195a43","image","Story","No","No","Yes",0,0,"2026-03-06 15:29:08"
"6909ef4b3c6874ef786b2267","69aace0b9f5522d51c195b9f","image","Story","No","No","Yes",0,0,"2026-03-06 15:29:08"
"690054c6fb26e417408f72a7","69aacdd29f5522d51c194c65","video","Movie","No","Yes","Yes",0,1,"2026-03-06 15:15:33"
"690054c6fb26e417408f72a7","69aace0b9f5522d51c195a4d","image","Story","No","Yes","Yes",0,0,"2026-03-06 14:30:29"
"690054c6fb26e417408f72a7","69aace0b9f5522d51c195ba8","image","Story","No","Yes","Yes",0,0,"2026-03-06 14:26:28"
"690054c6fb26e417408f72a7","69aac6639f5522d51c1927f5","video","Good Morning","No","Yes","Yes",0,1,"2026-03-06 14:25:50"
"690054c6fb26e417408f72a7","69aacdd29f5522d51c194db9","video","Movie","No","Yes","Yes",0,3,"2026-03-06 13:22:15"
"690054c6fb26e417408f72a7","69aace0b9f5522d51c195a43","image","Story","No","No","Yes",0,0,"2026-03-06 13:22:12"
"690054c6fb26e417408f72a7","69aace0b9f5522d51c195b9f","image","Story","No","Yes","Yes",0,0,"2026-03-06 13:22:10"
"690054c6fb26e417408f72a7","69aac5fa9f5522d51c191768","video","Good Morning","No","No","Yes",0,1,"2026-03-06 12:41:52"
"690054c6fb26e417408f72a7","69aab3889f5522d51c189a88","video","Greetings","No","No","Yes",0,1,"2026-03-06 11:53:17"
"690054c6fb26e417408f72a7","69aab3509f5522d51c189533","video","Greetings","No","No","Yes",0,1,"2026-03-06 11:10:45"
"690054c6fb26e417408f72a7","69aab32a9f5522d51c188f58","video","Greetings","No","No","Yes",0,1,"2026-03-06 11:09:47"
"69872f34b1cd208b2c0623ef","69a974cbc4168e65407a1a8b","image","Education","No","No","Yes",0,0,"2026-03-06 10:16:18"
"690054c6fb26e417408f72a7","69a9711dc4168e65407a07f0","video","Motivation, Motivational Quotes","No","No","Yes",0,1,"2026-03-06 09:16:43"
"690054c6fb26e417408f72a7","69a9704ac4168e654079e278","video","Good Morning","No","No","Yes",0,1,"2026-03-06 09:14:48"
"690054c6fb26e417408f72a7","69a6daab5ef8e384ace35e2e","video","Motivational Quotes, Motivation","No","No","Yes",0,1,"2026-03-06 09:05:59"
"690054c6fb26e417408f72a7","69a9706ac4168e654079e85f","video","Good Morning","No","No","Yes",0,2,"2026-03-06 08:20:24"
"690054c6fb26e417408f72a7","69a970f8c4168e65407a0121","video","Motivational Quotes, Motivation","No","No","Yes",0,1,"2026-03-06 07:33:01"
"69a94a7b39564eb5598cec7f","69a9706ac4168e654079e85f","video","Good Morning","No","No","Yes",0,2,"2026-03-06 07:10:03"
"69a94a7b39564eb5598cec7f","69a974cbc4168e65407a1a8b","image","Education","No","No","Yes",0,0,"2026-03-06 07:09:32"
"690054c6fb26e417408f72a7","69a974cbc4168e65407a1a8b","image","Education","No","Yes","Yes",0,0,"2026-03-06 05:16:14"
"690054c6fb26e417408f72a7","69a9715dc4168e65407a1104","video","Motivational Quotes, Motivation","No","Yes","Yes",0,1,"2026-03-06 05:06:16"
"699eda3720120ebc1d3e73fa","69a9711dc4168e65407a07f0","video","Motivation, Motivational Quotes","No","Yes","No",0,1,"2026-03-05 12:30:47"
"699eda3720120ebc1d3e73fa","69a970d0c4168e654079fa2b","video","Motivation, Motivational Quotes","Yes","No","No",0,0,"2026-03-05 12:05:54"
"69872f34b1cd208b2c0623ef","69a82631dd91f4caaf2168f4","image","Motivational Quotes","No","No","Yes",0,0,"2026-03-05 11:56:38"
"69872f34b1cd208b2c0623ef","69a82711dd91f4caaf216fae","image","Education","No","No","Yes",0,0,"2026-03-05 11:56:38"
"699eda3720120ebc1d3e73fa","69a6d9e25ef8e384ace34e26","video","Good Morning","No","No","Yes",0,2,"2026-03-05 11:16:24"
"699eda3720120ebc1d3e73fa","69a82631dd91f4caaf2168f4","image","Motivational Quotes","No","No","Yes",0,0,"2026-03-05 11:06:09"
"699eda3720120ebc1d3e73fa","69a82711dd91f4caaf216fae","image","Education","No","No","Yes",0,0,"2026-03-05 11:06:09"
"699eda3720120ebc1d3e73fa","69a8258add91f4caaf215568","image","Family","No","No","Yes",0,0,"2026-03-05 11:06:09"
"69a94a7b39564eb5598cec7f","69a8118cdd91f4caaf212956","video","Calm","No","No","Yes",0,2,"2026-03-05 09:21:16"
"69a94a7b39564eb5598cec7f","69a82608dd91f4caaf21634a","video","Story","No","Yes","No",0,3,"2026-03-05 09:20:59"
"69a94a7b39564eb5598cec7f","69a1960ea242e8a28ac2519d","video","Greetings","No","No","Yes",0,2,"2026-03-05 09:20:09"
"69a94a7b39564eb5598cec7f","69a581a84a0445ee94cf58d0","video","Greetings","No","No","Yes",0,2,"2026-03-05 09:19:47"
"69a94a7b39564eb5598cec7f","69a8258add91f4caaf215568","image","Family","No","No","Yes",0,0,"2026-03-05 09:19:13"
"69a94a7b39564eb5598cec7f","69a82631dd91f4caaf2168f4","image","Motivational Quotes","No","No","Yes",0,0,"2026-03-05 09:19:09"
"69a94a7b39564eb5598cec7f","69a82711dd91f4caaf216fae","image","Education","No","No","Yes",0,0,"2026-03-05 09:19:06"
"6909ef4b3c6874ef786b2267","69a6db935ef8e384ace3681f","image","Family, Dad Emotional","No","No","Yes",0,0,"2026-03-05 09:17:04"
"6909ef4b3c6874ef786b2267","69a80db6dd91f4caaf20f74f","image","Morning Spiritual","No","No","Yes",0,0,"2026-03-05 09:17:03"
"6909ef4b3c6874ef786b2267","69a80d89dd91f4caaf20f173","image","Motivational Quotes","No","No","Yes",0,0,"2026-03-05 09:17:03"
"6909ef4b3c6874ef786b2267","69a80ce9dd91f4caaf20e27d","image","Story","No","No","Yes",0,0,"2026-03-05 09:17:03"
"6909ef4b3c6874ef786b2267","69a80f0edd91f4caaf2112c2","image","Movie","No","No","Yes",0,0,"2026-03-05 09:17:01"
"6909ef4b3c6874ef786b2267","69a80ec6dd91f4caaf210b65","image","Morning Spiritual","No","No","Yes",0,0,"2026-03-05 09:17:01"
"6909ef4b3c6874ef786b2267","69a80e03dd91f4caaf20fea1","image","Education","No","No","Yes",0,0,"2026-03-05 09:17:01"
"6909ef4b3c6874ef786b2267","69a80e66dd91f4caaf2104d3","image","Morning Spiritual","No","No","Yes",0,0,"2026-03-05 09:17:01"
"6909ef4b3c6874ef786b2267","69a8258add91f4caaf215568","image","Family","No","No","Yes",0,0,"2026-03-05 09:16:28"
"6909ef4b3c6874ef786b2267","69a82711dd91f4caaf216fae","image","Education","No","No","Yes",0,0,"2026-03-05 09:16:28"
"6909ef4b3c6874ef786b2267","69a82631dd91f4caaf2168f4","image","Motivational Quotes","No","No","Yes",0,0,"2026-03-05 09:16:28"
"6909ef4b3c6874ef786b2267","69a80ff8dd91f4caaf21198c","image","Life","No","No","Yes",0,0,"2026-03-05 09:16:28"
"690054c6fb26e417408f72a7","69a81154dd91f4caaf212249","video","Love","No","Yes","Yes",0,3,"2026-03-04 18:26:18"
"690054c6fb26e417408f72a7","69a825e9dd91f4caaf215da8","video","Story","No","No","Yes",0,3,"2026-03-04 18:25:54"
"690054c6fb26e417408f72a7","69a82608dd91f4caaf21634a","video","Story","No","Yes","Yes",0,3,"2026-03-04 15:41:58"
"690054c6fb26e417408f72a7","69a80d89dd91f4caaf20f173","image","Motivational Quotes","No","No","Yes",0,0,"2026-03-04 15:35:06"
"690054c6fb26e417408f72a7","69a80db6dd91f4caaf20f74f","image","Morning Spiritual","No","No","Yes",0,0,"2026-03-04 15:35:06"
"690054c6fb26e417408f72a7","69a80ce9dd91f4caaf20e27d","image","Story","No","No","Yes",0,0,"2026-03-04 15:35:06"
"690054c6fb26e417408f72a7","69a80f0edd91f4caaf2112c2","image","Movie","No","Yes","Yes",0,0,"2026-03-04 15:34:49"
"690054c6fb26e417408f72a7","69a80ec6dd91f4caaf210b65","image","Morning Spiritual","No","No","Yes",0,0,"2026-03-04 15:34:49"
"690054c6fb26e417408f72a7","69a80e66dd91f4caaf2104d3","image","Morning Spiritual","No","No","Yes",0,0,"2026-03-04 15:34:49"
"690054c6fb26e417408f72a7","69a80e03dd91f4caaf20fea1","image","Education","No","No","Yes",0,0,"2026-03-04 15:34:49"
"690054c6fb26e417408f72a7","69a82631dd91f4caaf2168f4","image","Motivational Quotes","No","Yes","Yes",0,0,"2026-03-04 13:42:38"
"690054c6fb26e417408f72a7","69a8258add91f4caaf215568","image","Family","No","No","Yes",0,0,"2026-03-04 13:42:38"
"690054c6fb26e417408f72a7","69a82711dd91f4caaf216fae","image","Education","No","No","Yes",0,0,"2026-03-04 13:42:38"
"690054c6fb26e417408f72a7","69a80ff8dd91f4caaf21198c","image","Life","No","No","Yes",0,0,"2026-03-04 13:42:38"
"698dd20d2ffac2141d74101a","69a6db205ef8e384ace362d9","video","Motivational Quotes, Motivation","No","No","Yes",0,1,"2026-03-04 12:43:04"
"698dd20d2ffac2141d74101a","69a82631dd91f4caaf2168f4","image","Motivational Quotes","Yes","No","Yes",0,0,"2026-03-04 12:35:30"
"698dd20d2ffac2141d74101a","69a82711dd91f4caaf216fae","image","Education","No","No","Yes",0,0,"2026-03-04 12:35:30"
"698dd20d2ffac2141d74101a","69a8258add91f4caaf215568","image","Family","No","No","Yes",0,0,"2026-03-04 12:35:30"
"699eda3720120ebc1d3e73fa","69a6db205ef8e384ace362d9","video","Motivational Quotes, Motivation","Yes","Yes","No",0,1,"2026-03-04 11:56:41"
"699eda3720120ebc1d3e73fa","69a6db655ef8e384ace36547","video","Motivation","Yes","No","No",0,2,"2026-03-04 11:56:29"
"699eda3720120ebc1d3e73fa","69a80c80dd91f4caaf20da75","video","Love","Yes","No","Yes",0,2,"2026-03-04 11:56:25"
"699eda3720120ebc1d3e73fa","69a80ce9dd91f4caaf20e27d","image","Story","Yes","No","Yes",0,0,"2026-03-04 11:56:22"
"699eda3720120ebc1d3e73fa","69a80d3add91f4caaf20e9d4","video","Story","Yes","No","No",0,0,"2026-03-04 11:56:19"
"699eda3720120ebc1d3e73fa","69a80db6dd91f4caaf20f74f","image","Morning Spiritual","Yes","No","Yes",0,0,"2026-03-04 11:56:14"
"699eda3720120ebc1d3e73fa","69a80e03dd91f4caaf20fea1","image","Education","Yes","No","Yes",0,0,"2026-03-04 11:56:12"
"699eda3720120ebc1d3e73fa","69a80e66dd91f4caaf2104d3","image","Morning Spiritual","Yes","No","Yes",0,0,"2026-03-04 11:56:09"
"699eda3720120ebc1d3e73fa","69a80ec6dd91f4caaf210b65","image","Morning Spiritual","Yes","No","Yes",0,0,"2026-03-04 11:56:07"
"699eda3720120ebc1d3e73fa","69a80f0edd91f4caaf2112c2","image","Movie","Yes","No","Yes",0,0,"2026-03-04 11:56:04"
"699eda3720120ebc1d3e73fa","69a80ff8dd91f4caaf21198c","image","Life","Yes","No","Yes",0,0,"2026-03-04 11:55:56"
"699eda3720120ebc1d3e73fa","6993fd472f05ad3205f7fb43","video","Friendship","Yes","No","No",0,2,"2026-03-04 11:52:55"
"699eda3720120ebc1d3e73fa","6990237e90a65cd9632e1134","video","Sad","Yes","No","No",0,1,"2026-03-04 11:25:09"
"699eda3720120ebc1d3e73fa","69a81154dd91f4caaf212249","video","Love","No","No","Yes",0,3,"2026-03-04 11:22:19"
"699eda3720120ebc1d3e73fa","69a80d89dd91f4caaf20f173","image","Motivational Quotes","No","No","Yes",0,0,"2026-03-04 11:16:21"
"699eda3720120ebc1d3e73fa","69a8118cdd91f4caaf212956","video","Calm","Yes","No","Yes",0,2,"2026-03-04 11:15:47"
"699eda3720120ebc1d3e73fa","6990125d90a65cd9632c7b53","video","Birthday","No","No","Yes",0,3,"2026-03-04 11:07:22"
"698dd20d2ffac2141d74101a","69a80d89dd91f4caaf20f173","image","Motivational Quotes","No","No","Yes",0,0,"2026-03-04 11:02:52"
"698dd20d2ffac2141d74101a","69a80e66dd91f4caaf2104d3","image","Morning Spiritual","Yes","No","Yes",0,0,"2026-03-04 11:02:51"
"698dd20d2ffac2141d74101a","69a80e03dd91f4caaf20fea1","image","Education","No","No","Yes",0,0,"2026-03-04 11:02:51"
"698dd20d2ffac2141d74101a","69a80db6dd91f4caaf20f74f","image","Morning Spiritual","No","No","Yes",0,0,"2026-03-04 11:02:51"
"698dd20d2ffac2141d74101a","69a80f0edd91f4caaf2112c2","image","Movie","Yes","No","Yes",0,0,"2026-03-04 11:02:48"
"698dd20d2ffac2141d74101a","69a80ff8dd91f4caaf21198c","image","Life","No","No","Yes",0,0,"2026-03-04 11:02:48"
"698dd20d2ffac2141d74101a","69a80ec6dd91f4caaf210b65","image","Morning Spiritual","No","No","Yes",0,0,"2026-03-04 11:02:48"
"690054c6fb26e417408f72a7","69a6daf15ef8e384ace3617c","video","Motivational Quotes, Motivation","No","No","Yes",0,3,"2026-03-04 10:56:29"
"69830ed36efbd4b91bd32bd0","69a80c80dd91f4caaf20da75","video","Love","No","No","Yes",0,2,"2026-03-04 10:47:09"
"69830ed36efbd4b91bd32bd0","69a80d89dd91f4caaf20f173","image","Motivational Quotes","No","No","Yes",0,0,"2026-03-04 10:47:04"
"69830ed36efbd4b91bd32bd0","69a80ce9dd91f4caaf20e27d","image","Story","No","No","Yes",0,0,"2026-03-04 10:47:04"
"698dd20d2ffac2141d74101a","69a80ce9dd91f4caaf20e27d","image","Story","No","No","Yes",0,0,"2026-03-04 10:45:28"
"698dd20d2ffac2141d74101a","69a6db935ef8e384ace3681f","image","Family, Dad Emotional","Yes","No","Yes",0,0,"2026-03-04 10:42:34"
"690054c6fb26e417408f72a7","69a80ad08ad9ed5048e6d082","unknown","Uncategorized","No","No","Yes",0,0,"2026-03-04 10:35:45"
"690054c6fb26e417408f72a7","69a6db655ef8e384ace36547","video","Motivation","No","No","Yes",0,2,"2026-03-04 10:33:30"
"690054c6fb26e417408f72a7","69a809a28ad9ed5048e6c846","unknown","Uncategorized","No","No","Yes",0,0,"2026-03-04 10:33:25"
"699eda3720120ebc1d3e73fa","6990125d90a65cd9632c7b5e","video","Birthday","No","No","Yes",0,5,"2026-03-04 10:05:21"
"699eda3720120ebc1d3e73fa","69a6dacb5ef8e384ace36022","video","Motivational Quotes, Motivation","No","No","Yes",0,1,"2026-03-04 07:25:56"
"690054c6fb26e417408f72a7","69a589514a0445ee94d0147c","video","Movie","No","No","Yes",0,2,"2026-03-04 07:14:47"
"690054c6fb26e417408f72a7","69a588174a0445ee94cff241","video","Love Quotes","No","No","Yes",0,1,"2026-03-04 06:53:21"
"699eda3720120ebc1d3e73fa","6990125c90a65cd9632c78d2","video","Birthday","No","No","Yes",0,2,"2026-03-04 05:50:10"
"69a7c79003f6892e314f9b6a","69a6db205ef8e384ace362d9","video","Motivational Quotes, Motivation","No","Yes","No",0,1,"2026-03-04 05:49:03"
"699eda3720120ebc1d3e73fa","6990131090a65cd9632c8b3f","video","Birthday","No","No","Yes",0,3,"2026-03-04 05:48:58"
"69a7c79003f6892e314f9b6a","69a6db655ef8e384ace36547","video","Motivation","No","No","Yes",0,2,"2026-03-04 05:48:55"
"69a7c79003f6892e314f9b6a","69a6db935ef8e384ace3681f","image","Family, Dad Emotional","No","No","Yes",0,0,"2026-03-04 05:48:13"
"699eda3720120ebc1d3e73fa","699ee40220120ebc1d3e7f22","video","Birthday","No","Yes","Yes",0,5,"2026-03-04 05:46:40"
"699eda3720120ebc1d3e73fa","6990125c90a65cd9632c7a12","video","Birthday","No","No","Yes",0,2,"2026-03-04 05:46:20"
"699eda3720120ebc1d3e73fa","69a583194a0445ee94cf62e5","video","Good Morning","No","No","Yes",0,1,"2026-03-04 05:45:44"
"699eda3720120ebc1d3e73fa","69a5833c4a0445ee94cf682a","video","Good Morning","No","No","Yes",0,1,"2026-03-04 05:45:23"
"699eda3720120ebc1d3e73fa","69a587a44a0445ee94cfd663","image","Story","No","No","Yes",0,0,"2026-03-04 05:43:36"
"699eda3720120ebc1d3e73fa","69a587a34a0445ee94cfd515","image","Story","No","No","Yes",0,0,"2026-03-04 05:43:36"
"699eda3720120ebc1d3e73fa","69a5876c4a0445ee94cfc340","image","Motivational Quotes","No","No","Yes",0,0,"2026-03-04 05:43:36"
"699eda3720120ebc1d3e73fa","69a587a84a0445ee94cfde6c","image","Story","No","No","Yes",0,0,"2026-03-04 05:43:35"
"699eda3720120ebc1d3e73fa","69a587a44a0445ee94cfd7b3","image","Story","No","No","Yes",0,0,"2026-03-04 05:43:35"
"699eda3720120ebc1d3e73fa","69a587a44a0445ee94cfd903","image","Emotional","No","No","Yes",0,0,"2026-03-04 05:43:35"
"699eda3720120ebc1d3e73fa","69a5845f4a0445ee94cf8a74","image","Education","No","No","Yes",0,0,"2026-03-04 05:43:35"
"699eda3720120ebc1d3e73fa","69a58a144a0445ee94d036bd","image","Story","No","No","Yes",0,0,"2026-03-04 05:43:30"
"699eda3720120ebc1d3e73fa","69a589e84a0445ee94d02fc2","image","Story","No","No","Yes",0,0,"2026-03-04 05:43:30"
"699eda3720120ebc1d3e73fa","69a589c14a0445ee94d02982","image","Story","No","No","Yes",0,0,"2026-03-04 05:43:30"
"699eda3720120ebc1d3e73fa","69a589234a0445ee94d00a68","image","Sad","No","No","Yes",0,0,"2026-03-04 05:43:30"
"699eda3720120ebc1d3e73fa","69a589234a0445ee94d00912","image","Positive Thinking","No","No","Yes",0,0,"2026-03-04 05:43:30"
"699eda3720120ebc1d3e73fa","69a6db935ef8e384ace3681f","image","Family, Dad Emotional","Yes","No","Yes",0,0,"2026-03-04 05:43:27"
"690054c6fb26e417408f72a7","69a587a44a0445ee94cfda55","video","Story","No","No","Yes",0,2,"2026-03-04 05:24:35"
"690054c6fb26e417408f72a7","69a6d9e25ef8e384ace34e26","video","Good Morning","No","No","Yes",0,2,"2026-03-04 02:31:03"
"690054c6fb26e417408f72a7","69a6da465ef8e384ace35497","video","Good Morning","No","No","Yes",0,1,"2026-03-04 02:30:57"
"691474336f3817fc8d6a0c12","69a6daf15ef8e384ace3617c","video","Motivational Quotes, Motivation","No","No","Yes",0,3,"2026-03-03 14:15:34"
"691474336f3817fc8d6a0c12","69a6db935ef8e384ace3681f","image","Family, Dad Emotional","No","No","Yes",0,0,"2026-03-03 14:15:18"
"690054c6fb26e417408f72a7","69a6db935ef8e384ace3681f","image","Family, Dad Emotional","No","No","Yes",0,0,"2026-03-03 14:13:28"
"68edd60dff4c9aa0a69663ba","6985fa56d10500fad55c09c7","image","Morning Motivation","No","No","Yes",0,0,"2026-03-03 13:35:51"
"68edd60dff4c9aa0a69663ba","69a6daf15ef8e384ace3617c","video","Motivational Quotes, Motivation","No","No","Yes",0,3,"2026-03-03 13:35:39"
"68edd60dff4c9aa0a69663ba","69a6db935ef8e384ace3681f","image","Family, Dad Emotional","No","No","Yes",0,0,"2026-03-03 13:34:24"
"69a6dcae5ef8e384ace36dee","6987365bb1cd208b2c066295","image","Motivational Quotes","No","No","Yes",0,0,"2026-03-03 13:08:56"
"69a6dcae5ef8e384ace36dee","698dbd862ffac2141d73fe80","image","Motivational Quotes","No","No","Yes",0,0,"2026-03-03 13:08:54"
"69a6dcae5ef8e384ace36dee","698ee6792ffac2141d7457a2","image","Good Morning","No","No","Yes",0,0,"2026-03-03 13:08:44"
"69a6dcae5ef8e384ace36dee","6985fa56d10500fad55c09c7","image","Morning Motivation","No","No","Yes",0,0,"2026-03-03 13:08:40"
"69a6dcae5ef8e384ace36dee","69847b6c1e985f253b406223","image","Motivational Quotes","No","No","Yes",0,0,"2026-03-03 13:08:36"
"690054c6fb26e417408f72a7","69a589234a0445ee94d00906","video","Story","No","No","Yes",0,3,"2026-03-03 10:35:04"
"690054c6fb26e417408f72a7","69a589844a0445ee94d02258","video","Movie","No","No","Yes",0,2,"2026-03-03 09:56:51"
"698ed1a92ffac2141d743243","69a589234a0445ee94d00a68","image","Sad","No","No","Yes",0,0,"2026-03-03 08:47:12"
"698ed1a92ffac2141d743243","69a589234a0445ee94d00912","image","Positive Thinking","No","No","Yes",0,0,"2026-03-03 08:47:12"
"698ed1a92ffac2141d743243","69a58a144a0445ee94d036bd","image","Story","No","No","Yes",0,0,"2026-03-03 08:32:19"
"698ed1a92ffac2141d743243","69a589e84a0445ee94d02fc2","image","Story","No","No","Yes",0,0,"2026-03-03 08:32:19"
"698ed1a92ffac2141d743243","69a589c14a0445ee94d02982","image","Story","No","No","Yes",0,0,"2026-03-03 08:32:19"
"69a677135082c9784faed2aa","69a589e84a0445ee94d02fc2","image","Story","No","No","Yes",0,0,"2026-03-03 06:28:47"
"69a677135082c9784faed2aa","69a58a144a0445ee94d036bd","image","Story","No","No","Yes",0,0,"2026-03-03 06:28:47"
"69a677135082c9784faed2aa","69a589c14a0445ee94d02982","image","Story","No","No","Yes",0,0,"2026-03-03 06:28:47"
"69a677135082c9784faed2aa","69a589234a0445ee94d00a68","image","Sad","No","No","Yes",0,0,"2026-03-03 06:28:47"
"69a677135082c9784faed2aa","69a589234a0445ee94d00912","image","Positive Thinking","No","No","Yes",0,0,"2026-03-03 06:28:47"
"69875f7fb1cd208b2c06a6cc","69a57ef34a0445ee94cf3aa4","image","Good Morning","No","No","Yes",0,0,"2026-03-02 15:43:43"
"69875f7fb1cd208b2c06a6cc","69a57ef34a0445ee94cf3bf4","image","Good Morning","No","No","Yes",0,0,"2026-03-02 15:43:41"
"69875f7fb1cd208b2c06a6cc","69a5845f4a0445ee94cf8a74","image","Education","No","No","Yes",0,0,"2026-03-02 15:43:21"
"69875f7fb1cd208b2c06a6cc","69a5876c4a0445ee94cfc340","image","Motivational Quotes","No","No","Yes",0,0,"2026-03-02 15:43:19"
"69875f7fb1cd208b2c06a6cc","69a587a34a0445ee94cfd515","image","Story","No","No","Yes",0,0,"2026-03-02 15:43:16"
"69875f7fb1cd208b2c06a6cc","69a587a44a0445ee94cfd663","image","Story","No","No","Yes",0,0,"2026-03-02 15:43:15"
"69875f7fb1cd208b2c06a6cc","69a587a44a0445ee94cfd7b3","image","Story","No","No","Yes",0,0,"2026-03-02 15:43:12"
"69875f7fb1cd208b2c06a6cc","69a587a44a0445ee94cfd903","image","Emotional","No","No","Yes",0,0,"2026-03-02 15:43:10"
"69875f7fb1cd208b2c06a6cc","69a587a84a0445ee94cfde6c","image","Story","No","No","Yes",0,0,"2026-03-02 15:43:04"
"69875f7fb1cd208b2c06a6cc","69a589234a0445ee94d00906","video","Story","No","No","Yes",0,3,"2026-03-02 15:41:33"
"69875f7fb1cd208b2c06a6cc","69a589234a0445ee94d00912","image","Positive Thinking","No","No","Yes",0,0,"2026-03-02 15:41:09"
"69875f7fb1cd208b2c06a6cc","69a589234a0445ee94d00a68","image","Sad","No","No","Yes",0,0,"2026-03-02 15:41:04"
"69875f7fb1cd208b2c06a6cc","69a589514a0445ee94d0147c","video","Movie","No","No","Yes",0,2,"2026-03-02 15:40:53"
"69875f7fb1cd208b2c06a6cc","69a589844a0445ee94d02258","video","Movie","No","No","Yes",0,2,"2026-03-02 15:40:48"
"69875f7fb1cd208b2c06a6cc","69a589c14a0445ee94d02982","image","Story","No","No","Yes",0,0,"2026-03-02 15:40:36"
"69875f7fb1cd208b2c06a6cc","69a589e84a0445ee94d02fc2","image","Story","No","No","Yes",0,0,"2026-03-02 15:40:35"
"69875f7fb1cd208b2c06a6cc","69a58a144a0445ee94d036bd","image","Story","No","No","Yes",0,0,"2026-03-02 15:40:28"
"690054c6fb26e417408f72a7","69a5876c4a0445ee94cfc340","image","Motivational Quotes","No","No","Yes",0,0,"2026-03-02 15:20:42"
"690054c6fb26e417408f72a7","69a5845f4a0445ee94cf8a74","image","Education","No","No","Yes",0,0,"2026-03-02 15:20:42"
"690054c6fb26e417408f72a7","69a587a44a0445ee94cfd7b3","image","Story","No","No","Yes",0,0,"2026-03-02 15:20:38"
"690054c6fb26e417408f72a7","69a587a44a0445ee94cfd663","image","Story","No","No","Yes",0,0,"2026-03-02 15:20:38"
"690054c6fb26e417408f72a7","69a587a34a0445ee94cfd515","image","Story","No","No","Yes",0,0,"2026-03-02 15:20:38"
"690054c6fb26e417408f72a7","69a587a84a0445ee94cfde6c","image","Story","No","No","Yes",0,0,"2026-03-02 15:20:34"
"690054c6fb26e417408f72a7","69a587a44a0445ee94cfd903","image","Emotional","No","No","Yes",0,0,"2026-03-02 15:20:34"
"690054c6fb26e417408f72a7","69a589234a0445ee94d00a68","image","Sad","Yes","No","Yes",0,0,"2026-03-02 15:20:09"
"690054c6fb26e417408f72a7","69a589e84a0445ee94d02fc2","image","Story","No","No","Yes",0,0,"2026-03-02 15:20:09"
"690054c6fb26e417408f72a7","69a589c14a0445ee94d02982","image","Story","No","No","Yes",0,0,"2026-03-02 15:20:09"
"690054c6fb26e417408f72a7","69a58a144a0445ee94d036bd","image","Story","No","No","Yes",0,0,"2026-03-02 15:20:09"
"690054c6fb26e417408f72a7","69a589234a0445ee94d00912","image","Positive Thinking","No","No","Yes",0,0,"2026-03-02 15:20:09"
"6909ef4b3c6874ef786b2267","69a589234a0445ee94d00906","video","Story","No","No","Yes",0,3,"2026-03-02 15:12:16"
"6909ef4b3c6874ef786b2267","69a587a44a0445ee94cfd7b3","image","Story","No","No","Yes",0,0,"2026-03-02 14:24:43"
"6909ef4b3c6874ef786b2267","69a587a44a0445ee94cfd663","image","Story","No","No","Yes",0,0,"2026-03-02 14:24:43"
"6909ef4b3c6874ef786b2267","69a587a34a0445ee94cfd515","image","Story","No","No","Yes",0,0,"2026-03-02 14:24:43"
"6909ef4b3c6874ef786b2267","69a587a84a0445ee94cfde6c","image","Story","No","No","Yes",0,0,"2026-03-02 14:24:42"
"6909ef4b3c6874ef786b2267","69a587a44a0445ee94cfd903","image","Emotional","No","No","Yes",0,0,"2026-03-02 14:24:42"
"698dd20d2ffac2141d74101a","69a5840e4a0445ee94cf7f88","video","Motivation","No","No","Yes",0,1,"2026-03-02 13:15:41"
"698dd20d2ffac2141d74101a","69a5876c4a0445ee94cfc340","image","Motivational Quotes","No","No","Yes",0,0,"2026-03-02 13:12:47"
"698dd20d2ffac2141d74101a","69a587a34a0445ee94cfd509","video","Story","No","No","Yes",0,1,"2026-03-02 13:10:32"
"698dd20d2ffac2141d74101a","69a587a44a0445ee94cfda55","video","Story","No","No","Yes",0,2,"2026-03-02 13:09:40"
"698dd20d2ffac2141d74101a","69a587a84a0445ee94cfde6c","image","Story","Yes","No","Yes",0,0,"2026-03-02 13:09:30"
"6909ef4b3c6874ef786b2267","69a58a144a0445ee94d036bd","image","Story","No","No","Yes",0,0,"2026-03-02 13:08:38"
"6909ef4b3c6874ef786b2267","69a589234a0445ee94d00a68","image","Sad","No","No","Yes",0,0,"2026-03-02 13:08:38"
"6909ef4b3c6874ef786b2267","69a589e84a0445ee94d02fc2","image","Story","No","No","Yes",0,0,"2026-03-02 13:08:38"
"6909ef4b3c6874ef786b2267","69a589c14a0445ee94d02982","image","Story","No","No","Yes",0,0,"2026-03-02 13:08:38"
"6909ef4b3c6874ef786b2267","69a589234a0445ee94d00912","image","Positive Thinking","No","No","Yes",0,0,"2026-03-02 13:08:38"
"698dd20d2ffac2141d74101a","69a589e84a0445ee94d02fc2","image","Story","No","No","Yes",0,0,"2026-03-02 13:01:10"
"698dd20d2ffac2141d74101a","69a58a144a0445ee94d036bd","image","Story","No","No","Yes",0,0,"2026-03-02 13:01:10"
"698dd20d2ffac2141d74101a","69a589c14a0445ee94d02982","image","Story","No","No","Yes",0,0,"2026-03-02 12:59:48"
"698dd20d2ffac2141d74101a","69a589234a0445ee94d00a68","image","Sad","Yes","No","Yes",0,0,"2026-03-02 12:57:58"
"698dd20d2ffac2141d74101a","69a589234a0445ee94d00912","image","Positive Thinking","No","No","Yes",0,0,"2026-03-02 12:57:58"
"698dd20d2ffac2141d74101a","69a587a44a0445ee94cfd903","image","Emotional","No","No","Yes",0,0,"2026-03-02 12:52:39"
"698dd20d2ffac2141d74101a","69a587a44a0445ee94cfd7b3","image","Story","No","No","Yes",0,0,"2026-03-02 12:52:39"
"698dd20d2ffac2141d74101a","69a587a34a0445ee94cfd515","image","Story","No","No","Yes",0,0,"2026-03-02 12:52:39"
"698dd20d2ffac2141d74101a","69a587a44a0445ee94cfd663","image","Story","No","No","Yes",0,0,"2026-03-02 12:52:39"
"698dd20d2ffac2141d74101a","69a5845f4a0445ee94cf8a74","image","Education","No","No","Yes",0,0,"2026-03-02 12:47:46"
"69872f34b1cd208b2c0623ef","69a57ef34a0445ee94cf3aa4","image","Good Morning","No","No","Yes",0,0,"2026-03-02 12:37:13"
"69872f34b1cd208b2c0623ef","69a57ef34a0445ee94cf3bf4","image","Good Morning","No","No","Yes",0,0,"2026-03-02 12:37:13"
"69872f34b1cd208b2c0623ef","69a5845f4a0445ee94cf8a74","image","Education","No","No","Yes",0,0,"2026-03-02 12:36:55"
"690054c6fb26e417408f72a7","69a02c6420120ebc1d3f6baf","video","Politics","No","No","Yes",0,6,"2026-03-02 12:06:46"
"690054c6fb26e417408f72a7","69a19392a242e8a28ac1d1de","video","Greetings","No","No","Yes",0,1,"2026-03-02 11:22:02"
"69872f34b1cd208b2c0623ef","69a2c8f6a242e8a28ac2d925","image","Education","No","No","Yes",0,0,"2026-03-02 11:11:17"
"69872f34b1cd208b2c0623ef","69a550d9f0874c978276e322","image","March","No","No","Yes",0,0,"2026-03-02 11:11:12"
"69872f34b1cd208b2c0623ef","69a54c89f0874c978276d520","image","March","No","No","Yes",0,0,"2026-03-02 11:11:12"
"69872f34b1cd208b2c0623ef","69a54c52f0874c978276cb7a","image","March","No","No","Yes",0,0,"2026-03-02 11:11:12"
"69872f34b1cd208b2c0623ef","69a5565ef0874c9782775f25","image","March","No","No","Yes",0,0,"2026-03-02 11:10:09"
"69872f34b1cd208b2c0623ef","69a555a7f0874c9782774b8f","image","March","No","No","Yes",0,0,"2026-03-02 11:10:09"
"69872f34b1cd208b2c0623ef","69a55617f0874c97827756db","image","March","No","No","Yes",0,0,"2026-03-02 11:10:09"
"69872f34b1cd208b2c0623ef","69a5545ff0874c9782772c42","image","March","No","No","Yes",0,0,"2026-03-02 11:10:09"
"69872f34b1cd208b2c0623ef","69a553ccf0874c9782771480","image","March","No","No","Yes",0,0,"2026-03-02 11:10:09"
"69872f34b1cd208b2c0623ef","69a554fff0874c9782773847","image","March","No","No","Yes",0,0,"2026-03-02 11:10:09"
"69872f34b1cd208b2c0623ef","69a55427f0874c9782772217","image","March","No","No","Yes",0,0,"2026-03-02 11:10:09"
"69872f34b1cd208b2c0623ef","69a55240f0874c978276f9d6","image","March","No","No","Yes",0,0,"2026-03-02 11:10:09"
"690054c6fb26e417408f72a7","69a195efa242e8a28ac24716","video","Greetings","No","No","Yes",0,1,"2026-03-02 11:02:07"
"690054c6fb26e417408f72a7","69a19630a242e8a28ac25c74","video","Greetings","No","No","Yes",0,1,"2026-03-02 11:01:51"
"698f036990a65cd9632a8f73","69a5565ef0874c9782775f25","image","March","No","No","Yes",0,0,"2026-03-02 10:39:40"
"698f036990a65cd9632a8f73","69a55617f0874c97827756db","image","March","No","No","Yes",0,0,"2026-03-02 10:39:40"
"698f036990a65cd9632a8f73","69a554fff0874c9782773847","image","March","No","No","Yes",0,0,"2026-03-02 10:39:40"
"698f036990a65cd9632a8f73","69a555a7f0874c9782774b8f","image","March","No","No","Yes",0,0,"2026-03-02 10:39:40"
"690054c6fb26e417408f72a7","69a1960ea242e8a28ac2519d","video","Greetings","No","No","Yes",0,2,"2026-03-02 10:36:22"
"6909ef4b3c6874ef786b2267","69a19528a242e8a28ac2135f","image","Night Motivation","No","No","Yes",0,0,"2026-03-02 10:35:03"
"6909ef4b3c6874ef786b2267","69a2c8f6a242e8a28ac2d925","image","Education","No","No","Yes",0,0,"2026-03-02 10:34:43"
"6909ef4b3c6874ef786b2267","69a54c89f0874c978276d520","image","March","No","No","Yes",0,0,"2026-03-02 10:34:39"
"6909ef4b3c6874ef786b2267","69a550d9f0874c978276e322","image","March","No","No","Yes",0,0,"2026-03-02 10:34:39"
"6909ef4b3c6874ef786b2267","69a54c52f0874c978276cb7a","image","March","No","No","Yes",0,0,"2026-03-02 10:34:39"
"690054c6fb26e417408f72a7","69a1964da242e8a28ac267c8","video","Greetings","No","No","Yes",0,1,"2026-03-02 10:32:58"
"6909ef4b3c6874ef786b2267","69a553ccf0874c9782771480","image","March","No","No","Yes",0,0,"2026-03-02 10:31:52"
"6909ef4b3c6874ef786b2267","69a55427f0874c9782772217","image","March","No","No","Yes",0,0,"2026-03-02 10:31:52"
"6909ef4b3c6874ef786b2267","69a55240f0874c978276f9d6","image","March","No","No","Yes",0,0,"2026-03-02 10:31:52"
"6909ef4b3c6874ef786b2267","69a554fff0874c9782773847","image","March","No","No","Yes",0,0,"2026-03-02 10:31:51"
"6909ef4b3c6874ef786b2267","69a55617f0874c97827756db","image","March","No","No","Yes",0,0,"2026-03-02 10:31:51"
"6909ef4b3c6874ef786b2267","69a5565ef0874c9782775f25","image","March","No","No","Yes",0,0,"2026-03-02 10:31:51"
"6909ef4b3c6874ef786b2267","69a555a7f0874c9782774b8f","image","March","No","No","Yes",0,0,"2026-03-02 10:31:51"
"6909ef4b3c6874ef786b2267","69a5545ff0874c9782772c42","image","March","No","No","Yes",0,0,"2026-03-02 10:31:51"
"690054c6fb26e417408f72a7","69a54c52f0874c978276cb7a","image","March","No","No","Yes",0,0,"2026-03-02 10:01:54"
"690054c6fb26e417408f72a7","69a550d9f0874c978276e322","image","March","No","No","Yes",0,0,"2026-03-02 10:01:51"
"690054c6fb26e417408f72a7","69a54c89f0874c978276d520","image","March","No","No","Yes",0,0,"2026-03-02 10:01:51"
"690054c6fb26e417408f72a7","69a55427f0874c9782772217","image","March","No","No","Yes",0,0,"2026-03-02 09:32:36"
"690054c6fb26e417408f72a7","69a553ccf0874c9782771480","image","March","No","No","Yes",0,0,"2026-03-02 09:32:36"
"690054c6fb26e417408f72a7","69a55240f0874c978276f9d6","image","March","No","No","Yes",0,0,"2026-03-02 09:32:36"
"690054c6fb26e417408f72a7","69a555a7f0874c9782774b8f","image","March","No","No","Yes",0,0,"2026-03-02 09:32:34"
"690054c6fb26e417408f72a7","69a5565ef0874c9782775f25","image","March","No","No","Yes",0,0,"2026-03-02 09:32:34"
"690054c6fb26e417408f72a7","69a55617f0874c97827756db","image","March","No","No","Yes",0,0,"2026-03-02 09:32:34"
"690054c6fb26e417408f72a7","69a5545ff0874c9782772c42","image","March","No","No","Yes",0,0,"2026-03-02 09:32:34"
"690054c6fb26e417408f72a7","69a554fff0874c9782773847","image","March","No","No","Yes",0,0,"2026-03-02 09:32:34"
"698077c38a81b29c153b4f20","69a2c853a242e8a28ac2c27b","video","Good Morning","No","No","Yes",0,2,"2026-03-02 09:21:41"
"698077c38a81b29c153b4f20","69a5565ef0874c9782775f25","image","March","No","No","Yes",0,0,"2026-03-02 09:20:30"
"698077c38a81b29c153b4f20","69a55617f0874c97827756db","image","March","No","No","Yes",0,0,"2026-03-02 09:19:19"
"698077c38a81b29c153b4f20","69a555a7f0874c9782774b8f","image","March","No","No","Yes",0,0,"2026-03-02 09:17:27"
"698077c38a81b29c153b4f20","69a554fff0874c9782773847","image","March","No","No","Yes",0,0,"2026-03-02 09:14:39"
"698077c38a81b29c153b4f20","69a5545ff0874c9782772c42","image","March","No","No","Yes",0,0,"2026-03-02 09:11:59"
"698077c38a81b29c153b4f20","69a55427f0874c9782772217","image","March","No","No","Yes",0,0,"2026-03-02 09:11:03"
"698077c38a81b29c153b4f20","69a553ccf0874c9782771480","image","March","No","No","Yes",0,0,"2026-03-02 09:09:33"
"698077c38a81b29c153b4f20","69a55240f0874c978276f9d6","image","March","No","No","Yes",0,0,"2026-03-02 09:02:56"
"698077c38a81b29c153b4f20","69a550d9f0874c978276e322","image","March","No","No","Yes",0,0,"2026-03-02 08:57:36"
"698077c38a81b29c153b4f20","69a54c89f0874c978276d520","image","March","No","No","Yes",0,0,"2026-03-02 08:57:36"
"698077c38a81b29c153b4f20","69a54c52f0874c978276cb7a","image","March","No","No","Yes",0,0,"2026-03-02 08:57:36"
"690054c6fb26e417408f72a7","69a2dfee042d9a9dd2533d5a","video","Calm","No","No","Yes",0,2,"2026-03-02 05:16:13"
"698ed1a92ffac2141d743243","69a2c8f6a242e8a28ac2d925","image","Education","No","No","Yes",0,0,"2026-03-02 05:11:04"
"690054c6fb26e417408f72a7","69a2dfed042d9a9dd2533abc","video","Motivation","No","No","Yes",0,1,"2026-03-02 05:09:43"
"690054c6fb26e417408f72a7","69a2dfee042d9a9dd2533c0a","video","Motivation","No","No","Yes",0,2,"2026-03-02 04:22:35"
"690054c6fb26e417408f72a7","69958114e20e8e034dd30b08","image","Education","No","No","Yes",0,0,"2026-02-28 20:33:26"
"690054c6fb26e417408f72a7","69959a3de20e8e034dd31af8","image","Feeling","No","No","Yes",0,0,"2026-02-28 20:33:26"
"690054c6fb26e417408f72a7","6995809ae20e8e034dd303c7","image","Motivation","No","No","Yes",0,0,"2026-02-28 20:33:26"
"690054c6fb26e417408f72a7","69a2db28a242e8a28ac38201","video","Good Morning","No","No","Yes",0,2,"2026-02-28 20:04:19"
"690054c6fb26e417408f72a7","69a2df43042d9a9dd2531fd7","video","Good Morning","No","No","Yes",0,3,"2026-02-28 19:54:25"
"695e2e3bc7c9d0251c6cf3f4","6990111590a65cd9632c3fb7","video","Father’s Day","No","Yes","No",0,0,"2026-02-28 16:11:35"
"6909ef4b3c6874ef786b2267","69a2d7efa242e8a28ac36369","unknown","Uncategorized","No","No","Yes",0,0,"2026-02-28 15:29:40"
"6909ef4b3c6874ef786b2267","69a2d7c7a242e8a28ac35ad8","unknown","Uncategorized","No","No","Yes",0,0,"2026-02-28 15:29:40"
"690054c6fb26e417408f72a7","69a2dfed042d9a9dd2533ab2","video","Motivation","No","No","Yes",0,1,"2026-02-28 13:36:55"
"698077c38a81b29c153b4f20","69a2dfee042d9a9dd2533c0a","video","Motivation","No","No","Yes",0,2,"2026-02-28 12:41:51"
"698077c38a81b29c153b4f20","69a2dfee042d9a9dd2533d5a","video","Calm","No","No","Yes",0,2,"2026-02-28 12:41:27"
"698dd20d2ffac2141d74101a","69a2db28a242e8a28ac38201","video","Good Morning","No","No","Yes",0,2,"2026-02-28 12:37:37"
"698dd20d2ffac2141d74101a","69a2df43042d9a9dd2531fd7","video","Good Morning","No","No","Yes",0,3,"2026-02-28 12:29:18"
"690054c6fb26e417408f72a7","69a2d5cda242e8a28ac31294","unknown","Uncategorized","No","No","Yes",0,0,"2026-02-28 12:19:00"
"698dd20d2ffac2141d74101a","69a2d5cda242e8a28ac31294","unknown","Uncategorized","No","No","Yes",0,0,"2026-02-28 12:02:11"
"698dd20d2ffac2141d74101a","69a2d6b8a242e8a28ac34350","unknown","Uncategorized","No","No","Yes",0,0,"2026-02-28 12:01:55"
"698dd20d2ffac2141d74101a","69a2d7c7a242e8a28ac35ace","unknown","Uncategorized","No","No","Yes",0,0,"2026-02-28 12:01:55"
"698dd20d2ffac2141d74101a","69a2d7efa242e8a28ac36369","unknown","Uncategorized","No","No","Yes",0,0,"2026-02-28 12:01:55"
"698dd20d2ffac2141d74101a","69a2d7c7a242e8a28ac35ad8","unknown","Uncategorized","No","No","Yes",0,0,"2026-02-28 12:01:55"
"698dd20d2ffac2141d74101a","69a2d6f4a242e8a28ac34fd9","unknown","Uncategorized","No","No","Yes",0,0,"2026-02-28 12:01:55"
"698dd20d2ffac2141d74101a","69a2d6b9a242e8a28ac34361","unknown","Uncategorized","No","No","Yes",0,0,"2026-02-28 12:01:55"
"698dd20d2ffac2141d74101a","69a2d6b8a242e8a28ac341ee","unknown","Uncategorized","No","No","Yes",0,0,"2026-02-28 12:01:55"
"698dd20d2ffac2141d74101a","69a2d6b8a242e8a28ac341fe","unknown","Uncategorized","No","No","Yes",0,0,"2026-02-28 12:01:55"
"698077c38a81b29c153b4f20","69a19528a242e8a28ac2135f","image","Night Motivation","No","No","Yes",0,0,"2026-02-28 12:01:01"
"698077c38a81b29c153b4f20","69a2c8f6a242e8a28ac2d925","image","Education","No","No","Yes",0,0,"2026-02-28 12:00:55"
"698077c38a81b29c153b4f20","69a2d5cda242e8a28ac31294","unknown","Uncategorized","No","No","Yes",0,0,"2026-02-28 12:00:54"
"698077c38a81b29c153b4f20","69a2d6b8a242e8a28ac341ee","unknown","Uncategorized","No","No","Yes",0,0,"2026-02-28 12:00:52"
"698077c38a81b29c153b4f20","69a2d7efa242e8a28ac36369","unknown","Uncategorized","No","No","Yes",0,0,"2026-02-28 12:00:51"
"698077c38a81b29c153b4f20","69a2d7c7a242e8a28ac35ad8","unknown","Uncategorized","No","No","Yes",0,0,"2026-02-28 12:00:51"
"698077c38a81b29c153b4f20","69a2d7c7a242e8a28ac35ace","unknown","Uncategorized","No","No","Yes",0,0,"2026-02-28 12:00:51"
"698077c38a81b29c153b4f20","69a2d6f4a242e8a28ac34fd9","unknown","Uncategorized","No","No","Yes",0,0,"2026-02-28 12:00:51"
"698077c38a81b29c153b4f20","69a2d6b8a242e8a28ac34350","unknown","Uncategorized","No","No","Yes",0,0,"2026-02-28 12:00:51"
"698077c38a81b29c153b4f20","69a2d6b9a242e8a28ac34361","unknown","Uncategorized","No","No","Yes",0,0,"2026-02-28 12:00:51"
"698077c38a81b29c153b4f20","69a2d6b8a242e8a28ac341fe","unknown","Uncategorized","No","No","Yes",0,0,"2026-02-28 12:00:51"
"690054c6fb26e417408f72a7","69a2d7c7a242e8a28ac35ad8","unknown","Uncategorized","No","No","Yes",0,0,"2026-02-28 11:59:23"
"690054c6fb26e417408f72a7","69a2d7c7a242e8a28ac35ace","unknown","Uncategorized","No","No","Yes",0,0,"2026-02-28 11:59:23"
"690054c6fb26e417408f72a7","69a2d7efa242e8a28ac36369","unknown","Uncategorized","No","No","Yes",0,0,"2026-02-28 11:59:23"
"690054c6fb26e417408f72a7","69a2d6b8a242e8a28ac341fe","unknown","Uncategorized","No","No","Yes",0,0,"2026-02-28 11:53:29"
"690054c6fb26e417408f72a7","69a2d6b8a242e8a28ac341ee","unknown","Uncategorized","No","No","Yes",0,0,"2026-02-28 11:53:29"
"690054c6fb26e417408f72a7","69a2d6b8a242e8a28ac34350","unknown","Uncategorized","No","No","Yes",0,0,"2026-02-28 11:52:39"
"690054c6fb26e417408f72a7","69a2d6b9a242e8a28ac34361","unknown","Uncategorized","No","No","Yes",0,0,"2026-02-28 11:52:39"
"690054c6fb26e417408f72a7","69a2d6f4a242e8a28ac34fd9","unknown","Uncategorized","No","No","Yes",0,0,"2026-02-28 11:52:37"
"690054c6fb26e417408f72a7","69a2c895a242e8a28ac2cb45","video","Good Morning","No","No","Yes",0,1,"2026-02-28 11:31:19"
"690054c6fb26e417408f72a7","6990125c90a65cd9632c78d2","video","Birthday","No","No","Yes",0,2,"2026-02-28 11:29:25"
"690054c6fb26e417408f72a7","69a19528a242e8a28ac2135f","image","Night Motivation","No","No","Yes",0,0,"2026-02-28 11:28:00"
"690054c6fb26e417408f72a7","69a1958ca242e8a28ac231d9","unknown","Uncategorized","No","No","Yes",0,1,"2026-02-28 11:14:55"
"690054c6fb26e417408f72a7","69a2c853a242e8a28ac2c27b","video","Good Morning","No","No","Yes",0,2,"2026-02-28 11:11:30"
"690054c6fb26e417408f72a7","6990125c90a65cd9632c7a12","video","Birthday","No","No","Yes",0,2,"2026-02-28 11:03:39"
"690054c6fb26e417408f72a7","69a2c81ca242e8a28ac2b6c3","video","Motivation","No","No","Yes",0,1,"2026-02-28 10:59:52"
"690054c6fb26e417408f72a7","69a2c7a2a242e8a28ac2a388","video","Motivation","No","No","Yes",0,1,"2026-02-28 10:57:27"
"690054c6fb26e417408f72a7","69a2c8f6a242e8a28ac2d925","image","Education","No","No","Yes",0,0,"2026-02-28 10:53:54"
"690054c6fb26e417408f72a7","69a197a7a242e8a28ac28ee9","video","Motivational Quotes, Motivation","No","No","Yes",0,1,"2026-02-28 09:37:52"
"690054c6fb26e417408f72a7","69a1971ca242e8a28ac289f1","video","Motivational Quotes, Motivation","No","No","Yes",0,1,"2026-02-28 09:28:45"
"690054c6fb26e417408f72a7","6990125c90a65cd9632c7a1d","video","Birthday","No","No","Yes",0,1,"2026-02-28 08:45:53"
"698dd20d2ffac2141d74101a","69a196f4a242e8a28ac2848f","video","Motivational Quotes, Motivation","No","Yes","Yes",0,1,"2026-02-28 05:20:09"
"690054c6fb26e417408f72a7","6990131090a65cd9632c8b3f","video","Birthday","No","No","Yes",0,3,"2026-02-27 07:16:39"
"69a0194420120ebc1d3f4498","6996ea23325fe4eba70132fd","image","Motivational Quotes","No","No","Yes",0,0,"2026-02-27 06:32:43"
"69a0194420120ebc1d3f4498","699700fe325fe4eba701bf02","image","Motivational Quotes","No","No","Yes",0,0,"2026-02-27 06:32:41"
"69a0194420120ebc1d3f4498","69984ce6325fe4eba702098d","image","Motivational Quotes","No","No","Yes",0,0,"2026-02-27 06:32:39"
"69a0194420120ebc1d3f4498","698c84b3b1cd208b2c077bda","video","Devotional","No","No","Yes",0,10,"2026-02-27 06:31:50"
"69a0194420120ebc1d3f4498","698ff99c90a65cd9632aee87","video","Devotional","No","No","Yes",0,3,"2026-02-27 06:31:35"
"69a0194420120ebc1d3f4498","6993147a2f05ad3205f71c7e","video","Devotional","No","No","Yes",0,2,"2026-02-27 06:31:26"
"69a0194420120ebc1d3f4498","69a0432520120ebc1d3fec9e","video","Republic Day","No","No","Yes",0,1,"2026-02-27 06:31:00"
"69a0194420120ebc1d3f4498","699eea8420120ebc1d3eca1b","video","Motivational Quotes, Motivation","No","No","Yes",0,2,"2026-02-27 06:30:13"
"69a0194420120ebc1d3f4498","699eeab320120ebc1d3ecfa1","video","Motivational Quotes, Motivation","No","No","Yes",0,1,"2026-02-27 06:27:58"
"69a0194420120ebc1d3f4498","69a02f3520120ebc1d3f9278","video","Motivational Quotes, Morning Motivation, Motivation","No","No","Yes",0,2,"2026-02-27 06:27:31"
"69a0194420120ebc1d3f4498","69a02f6520120ebc1d3f9774","video","Motivational Quotes, Motivation","No","No","Yes",0,2,"2026-02-27 06:27:22"
"69a0194420120ebc1d3f4498","69a0304720120ebc1d3fa51d","video","Motivational Quotes, Motivation","No","No","Yes",0,2,"2026-02-27 06:27:14"
"69a0194420120ebc1d3f4498","69a0307c20120ebc1d3fab52","video","Motivation, Motivational Quotes","No","No","Yes",0,2,"2026-02-27 06:27:10"
"69a0194420120ebc1d3f4498","69a043fe20120ebc1d400034","video","Love","No","No","Yes",0,2,"2026-02-27 06:27:02"
"69a0194420120ebc1d3f4498","69a0447c20120ebc1d400a1b","video","Bike","No","No","Yes",0,4,"2026-02-27 06:25:39"
"69a0194420120ebc1d3f4498","69a02e5820120ebc1d3f75cf","video","Good Morning","No","No","Yes",0,1,"2026-02-27 06:23:57"
"69a0194420120ebc1d3f4498","69a02ef320120ebc1d3f8cf5","video","Good Morning","No","No","Yes",0,1,"2026-02-27 06:20:06"
"69a0194420120ebc1d3f4498","69a0419120120ebc1d3fc146","video","Love","No","No","Yes",0,1,"2026-02-27 06:19:41"
"69a0194420120ebc1d3f4498","69a0422920120ebc1d3fd1c1","video","Love","No","No","Yes",0,1,"2026-02-27 06:19:28"
"69a0194420120ebc1d3f4498","69a043a320120ebc1d3ff70c","video","Love","No","No","Yes",0,3,"2026-02-27 06:18:06"
"690054c6fb26e417408f72a7","69a041d920120ebc1d3fc81c","video","Love","No","No","Yes",0,1,"2026-02-27 06:05:11"
"690054c6fb26e417408f72a7","699ee8f420120ebc1d3e9c90","video","Good Morning","No","No","Yes",0,1,"2026-02-26 19:56:16"
"690054c6fb26e417408f72a7","69a042d820120ebc1d3fe4a4","video","Love","No","No","Yes",0,1,"2026-02-26 19:33:47"
"690054c6fb26e417408f72a7","69a02f3520120ebc1d3f9278","video","Motivational Quotes, Morning Motivation, Motivation","No","No","Yes",0,2,"2026-02-26 18:21:13"
"690054c6fb26e417408f72a7","69a043a320120ebc1d3ff70c","video","Love","No","No","Yes",0,3,"2026-02-26 14:53:54"
"690054c6fb26e417408f72a7","69a0447c20120ebc1d400a1b","video","Bike","No","No","Yes",0,4,"2026-02-26 14:48:35"
"690054c6fb26e417408f72a7","69a043fe20120ebc1d400034","video","Love","No","No","Yes",0,2,"2026-02-26 14:48:27"
"690054c6fb26e417408f72a7","69a0437e20120ebc1d3ff1fa","video","Love","No","No","Yes",0,1,"2026-02-26 14:24:56"
"690054c6fb26e417408f72a7","69a02ed520120ebc1d3f87ab","video","Good Morning","No","No","Yes",0,1,"2026-02-26 14:11:52"
"690054c6fb26e417408f72a7","69a0304720120ebc1d3fa51d","video","Motivational Quotes, Motivation","No","No","Yes",0,2,"2026-02-26 14:11:12"
"690054c6fb26e417408f72a7","69a0425820120ebc1d3fd6ee","video","Love","No","No","Yes",0,2,"2026-02-26 13:32:48"
"698077c38a81b29c153b4f20","69a02f6520120ebc1d3f9774","video","Motivational Quotes, Motivation","No","No","Yes",0,2,"2026-02-26 12:18:45"
"690054c6fb26e417408f72a7","69a0307c20120ebc1d3fab52","video","Motivation, Motivational Quotes","No","No","Yes",0,2,"2026-02-26 12:17:46"
"690054c6fb26e417408f72a7","69a030ad20120ebc1d3fb13d","video","Motivational Quotes, Motivation","No","No","Yes",0,1,"2026-02-26 11:59:11"
"698dd20d2ffac2141d74101a","6992ae522f05ad3205f699a1","video","Emotional","No","No","Yes",0,4,"2026-02-26 11:26:05"
"69872f34b1cd208b2c0623ef","699ef13d20120ebc1d3ef9e6","video","Motivational Quotes","No","No","Yes",0,4,"2026-02-26 11:11:56"
"69a0194420120ebc1d3f4498","699d992e20120ebc1d3e1e3c","image","Family","No","Yes","Yes",0,0,"2026-02-26 10:03:46"
"69a0194420120ebc1d3f4498","699d994a20120ebc1d3e2374","image","Good Night","No","No","Yes",0,0,"2026-02-26 10:03:43"
"69a0194420120ebc1d3f4498","699d99ee20120ebc1d3e43a2","image","Movie","No","No","Yes",0,0,"2026-02-26 10:03:42"
"690054c6fb26e417408f72a7","699eea1f20120ebc1d3ebe49","video","Motivational Quotes, Motivation","No","No","Yes",0,1,"2026-02-26 10:03:41"
"69a0194420120ebc1d3f4498","699d9abd20120ebc1d3e4a62","image","Life","No","Yes","Yes",0,0,"2026-02-26 10:01:41"
"69a0194420120ebc1d3f4498","699d9af620120ebc1d3e513d","image","Motivational Quotes","No","No","Yes",0,0,"2026-02-26 10:01:38"
"69a0194420120ebc1d3f4498","699ee94a20120ebc1d3ea72a","video","Good Morning","No","No","Yes",0,1,"2026-02-26 10:00:51"
"69a0194420120ebc1d3f4498","699ee99220120ebc1d3eb103","video","Good Morning","No","Yes","Yes",0,2,"2026-02-26 10:00:12"
"69a0194420120ebc1d3f4498","699eec0020120ebc1d3ed40d","image","Father’s Day","No","No","Yes",0,0,"2026-02-26 09:59:57"
"698dd20d2ffac2141d74101a","69943d37b2fbeb55ce5a29d0","image","Morning Motivation","No","No","Yes",0,0,"2026-02-26 09:38:07"
"698dd20d2ffac2141d74101a","699445b9b2fbeb55ce5a5680","image","Education","No","No","Yes",0,0,"2026-02-26 09:38:04"
"698dd20d2ffac2141d74101a","6994456fb2fbeb55ce5a5025","image","Life","No","No","Yes",0,0,"2026-02-26 09:38:04"
"698dd20d2ffac2141d74101a","69944529b2fbeb55ce5a478f","image","Family","No","No","Yes",0,0,"2026-02-26 09:38:04"
"698dd20d2ffac2141d74101a","69943f28b2fbeb55ce5a37af","image","Motivational Quotes","No","No","Yes",0,0,"2026-02-26 09:38:04"
"698dd20d2ffac2141d74101a","69944619b2fbeb55ce5a5d0c","image","Education","Yes","No","Yes",0,0,"2026-02-26 09:38:03"
"698dd20d2ffac2141d74101a","699446a6b2fbeb55ce5a6a49","image","Self Confidence","No","No","Yes",0,0,"2026-02-26 09:38:03"
"698dd20d2ffac2141d74101a","69945f92b2fbeb55ce5a9ea6","image","Motivation","No","No","Yes",0,0,"2026-02-26 09:38:03"
"698dd20d2ffac2141d74101a","69944643b2fbeb55ce5a62d6","image","Motivational Quotes","No","No","Yes",0,0,"2026-02-26 09:38:03"
"698dd20d2ffac2141d74101a","69946042b2fbeb55ce5aa4ee","image","Motivation","No","No","Yes",0,0,"2026-02-26 09:38:02"
"698dd20d2ffac2141d74101a","69946078b2fbeb55ce5aab7b","image","Motivation","No","No","Yes",0,0,"2026-02-26 09:38:02"
"698dd20d2ffac2141d74101a","699460a4b2fbeb55ce5ab220","image","Motivation","No","No","Yes",0,0,"2026-02-26 09:38:02"
"698dd20d2ffac2141d74101a","699460cbb2fbeb55ce5abb3f","image","Motivation","No","No","Yes",0,0,"2026-02-26 09:38:02"
"698dd20d2ffac2141d74101a","69946128b2fbeb55ce5ac9ba","image","Motivation","No","No","Yes",0,0,"2026-02-26 09:38:00"
"698dd20d2ffac2141d74101a","69957df9e20e8e034dd2d571","image","Good Morning","No","No","Yes",0,0,"2026-02-26 09:38:00"
"698dd20d2ffac2141d74101a","699460fbb2fbeb55ce5ac31a","image","Motivation","No","No","Yes",0,0,"2026-02-26 09:38:00"
"698dd20d2ffac2141d74101a","699ee40220120ebc1d3e7f22","video","Birthday","No","No","Yes",0,5,"2026-02-26 09:34:17"
"698dd20d2ffac2141d74101a","699ee88a20120ebc1d3e96b9","video","Greetings","No","No","Yes",0,5,"2026-02-26 09:34:09"
"698dd20d2ffac2141d74101a","699eec0020120ebc1d3ed40d","image","Father’s Day","No","No","Yes",0,0,"2026-02-26 08:54:23"
"698077c38a81b29c153b4f20","699ef13d20120ebc1d3ef9e6","video","Motivational Quotes","No","No","Yes",0,4,"2026-02-26 06:29:54"
"698077c38a81b29c153b4f20","699d9af620120ebc1d3e513d","image","Motivational Quotes","No","No","Yes",0,0,"2026-02-26 06:26:57"
"698077c38a81b29c153b4f20","699d9abd20120ebc1d3e4a62","image","Life","No","No","Yes",0,0,"2026-02-26 06:26:57"
"698077c38a81b29c153b4f20","699d99ee20120ebc1d3e43a2","image","Movie","No","No","Yes",0,0,"2026-02-26 06:26:57"
"698077c38a81b29c153b4f20","699d994a20120ebc1d3e2374","image","Good Night","No","No","Yes",0,0,"2026-02-26 06:26:57"
"698077c38a81b29c153b4f20","699eec0020120ebc1d3ed40d","image","Father’s Day","No","No","Yes",0,0,"2026-02-26 06:26:50"
"690054c6fb26e417408f72a7","6995ac26e20e8e034dd345ee","video","Motivation","No","No","Yes",0,1,"2026-02-25 17:58:41"
"690054c6fb26e417408f72a7","6995b878e20e8e034dd3aec2","video","Life","No","No","Yes",0,2,"2026-02-25 17:58:00"
"690054c6fb26e417408f72a7","6996ebb3325fe4eba7014fee","video","Movie","No","No","Yes",0,3,"2026-02-25 17:57:35"
"690054c6fb26e417408f72a7","6996fddb325fe4eba701609b","video","Motivation","No","No","Yes",0,2,"2026-02-25 17:57:23"
"690054c6fb26e417408f72a7","6996ff91325fe4eba701a40b","video","Good Morning","No","No","Yes",0,3,"2026-02-25 17:56:58"
"690054c6fb26e417408f72a7","6999a57468244fd7fa634bfd","video","Motivation","No","No","Yes",0,1,"2026-02-25 17:52:39"
"6909ef4b3c6874ef786b2267","699c534568244fd7fa64c3ed","video","Song Status","No","No","Yes",0,4,"2026-02-25 17:51:19"
"6909ef4b3c6874ef786b2267","699d529b20120ebc1d3dcd92","image","Morning Spiritual","No","No","Yes",0,0,"2026-02-25 17:51:08"
"6909ef4b3c6874ef786b2267","699d958d20120ebc1d3ddc44","image","Good Morning","No","No","Yes",0,0,"2026-02-25 17:51:08"
"6909ef4b3c6874ef786b2267","699d992e20120ebc1d3e1e3c","image","Family","No","No","Yes",0,0,"2026-02-25 17:51:04"
"6909ef4b3c6874ef786b2267","699d97a420120ebc1d3e16b6","image","Love","No","No","Yes",0,0,"2026-02-25 17:51:04"
"6909ef4b3c6874ef786b2267","699d9af620120ebc1d3e513d","image","Motivational Quotes","No","No","Yes",0,0,"2026-02-25 17:51:01"
"6909ef4b3c6874ef786b2267","699d9abd20120ebc1d3e4a62","image","Life","No","No","Yes",0,0,"2026-02-25 17:51:01"
"6909ef4b3c6874ef786b2267","699d994a20120ebc1d3e2374","image","Good Night","No","No","Yes",0,0,"2026-02-25 17:51:01"
"6909ef4b3c6874ef786b2267","699d99ee20120ebc1d3e43a2","image","Movie","No","No","Yes",0,0,"2026-02-25 17:51:01"
"6909ef4b3c6874ef786b2267","699eec0020120ebc1d3ed40d","image","Father’s Day","No","No","Yes",0,0,"2026-02-25 17:50:47"
"690054c6fb26e417408f72a7","6999a6f968244fd7fa637c2c","video","Motivation","No","No","Yes",0,1,"2026-02-25 17:50:10"
"690054c6fb26e417408f72a7","6992ae522f05ad3205f699a1","video","Emotional","No","No","Yes",0,4,"2026-02-25 17:19:45"
"690054c6fb26e417408f72a7","6990237e90a65cd9632e13b6","video","Alone","No","No","Yes",0,1,"2026-02-25 17:19:11"
"690054c6fb26e417408f72a7","6990237e90a65cd9632e126a","video","Alone","No","No","Yes",0,1,"2026-02-25 17:18:53"
"690054c6fb26e417408f72a7","6995abfae20e8e034dd34112","video","Morning Motivation","No","No","Yes",0,1,"2026-02-25 17:18:09"
"690054c6fb26e417408f72a7","699c3fd268244fd7fa640d07","video","Morning Motivation","No","No","Yes",0,1,"2026-02-25 17:17:45"
"690054c6fb26e417408f72a7","699d962720120ebc1d3deb54","video","Motivation","No","No","Yes",0,2,"2026-02-25 17:12:24"
"690054c6fb26e417408f72a7","699ee40220120ebc1d3e7f22","video","Birthday","No","No","Yes",0,5,"2026-02-25 14:30:31"
"690054c6fb26e417408f72a7","699ee99220120ebc1d3eb103","video","Good Morning","No","No","Yes",0,2,"2026-02-25 14:27:06"
"690054c6fb26e417408f72a7","699ef13d20120ebc1d3ef9f0","video","Calm","No","No","Yes",0,1,"2026-02-25 14:03:44"
"690054c6fb26e417408f72a7","699ee88a20120ebc1d3e96b9","video","Greetings","No","No","Yes",0,5,"2026-02-25 13:39:02"
"690054c6fb26e417408f72a7","699ef13d20120ebc1d3efb39","video","Movie","No","No","Yes",0,2,"2026-02-25 13:28:08"
"690054c6fb26e417408f72a7","699ef13d20120ebc1d3ef9e6","video","Motivational Quotes","No","No","Yes",0,4,"2026-02-25 13:27:06"
"699ef48720120ebc1d3f053f","699eec0020120ebc1d3ed40d","image","Father’s Day","No","No","Yes",0,0,"2026-02-25 13:09:54"
"699ef3d820120ebc1d3f00ae","6994456fb2fbeb55ce5a5025","image","Life","No","No","Yes",0,0,"2026-02-25 13:08:58"
"699ef3d820120ebc1d3f00ae","699445b9b2fbeb55ce5a5680","image","Education","No","No","Yes",0,0,"2026-02-25 13:08:58"
"699ef3d820120ebc1d3f00ae","69944529b2fbeb55ce5a478f","image","Family","No","No","Yes",0,0,"2026-02-25 13:08:58"
"699ef3d820120ebc1d3f00ae","69943f28b2fbeb55ce5a37af","image","Motivational Quotes","No","No","Yes",0,0,"2026-02-25 13:08:58"
"699ef3d820120ebc1d3f00ae","69944643b2fbeb55ce5a62d6","image","Motivational Quotes","No","No","Yes",0,0,"2026-02-25 13:08:57"
"699ef3d820120ebc1d3f00ae","69944619b2fbeb55ce5a5d0c","image","Education","No","No","Yes",0,0,"2026-02-25 13:08:57"
"699ef3d820120ebc1d3f00ae","699460cbb2fbeb55ce5abb3f","image","Motivation","No","No","Yes",0,0,"2026-02-25 13:08:56"
"699ef3d820120ebc1d3f00ae","69946078b2fbeb55ce5aab7b","image","Motivation","No","No","Yes",0,0,"2026-02-25 13:08:56"
"699ef3d820120ebc1d3f00ae","69946042b2fbeb55ce5aa4ee","image","Motivation","No","No","Yes",0,0,"2026-02-25 13:08:56"
"699ef3d820120ebc1d3f00ae","699460a4b2fbeb55ce5ab220","image","Motivation","No","No","Yes",0,0,"2026-02-25 13:08:56"
"699ef3d820120ebc1d3f00ae","69945f92b2fbeb55ce5a9ea6","image","Motivation","No","No","Yes",0,0,"2026-02-25 13:08:56"
"699ef3d820120ebc1d3f00ae","699446a6b2fbeb55ce5a6a49","image","Self Confidence","No","No","Yes",0,0,"2026-02-25 13:08:56"
"699ef3d820120ebc1d3f00ae","69957df9e20e8e034dd2d571","image","Good Morning","No","No","Yes",0,0,"2026-02-25 13:08:54"
"699ef3d820120ebc1d3f00ae","69957e49e20e8e034dd2ddf2","image","Family","No","No","Yes",0,0,"2026-02-25 13:08:54"
"699ef3d820120ebc1d3f00ae","69946128b2fbeb55ce5ac9ba","image","Motivation","No","No","Yes",0,0,"2026-02-25 13:08:54"
"699ef3d820120ebc1d3f00ae","699460fbb2fbeb55ce5ac31a","image","Motivation","No","No","Yes",0,0,"2026-02-25 13:08:54"
"699ef3d820120ebc1d3f00ae","6995809ae20e8e034dd303c7","image","Motivation","No","No","Yes",0,0,"2026-02-25 13:08:52"
"699ef3d820120ebc1d3f00ae","69957eb0e20e8e034dd2e75c","image","Life","No","No","Yes",0,0,"2026-02-25 13:08:52"
"699ef3d820120ebc1d3f00ae","69957fb2e20e8e034dd2fb5f","image","Movie","No","No","Yes",0,0,"2026-02-25 13:08:52"
"699ef3d820120ebc1d3f00ae","69957f24e20e8e034dd2efa9","image","Good Night","No","No","Yes",0,0,"2026-02-25 13:08:52"
"699ef3d820120ebc1d3f00ae","6996e9a4325fe4eba7011f99","image","Good Morning","No","No","Yes",0,0,"2026-02-25 13:08:50"
"699ef3d820120ebc1d3f00ae","69959a3de20e8e034dd31af8","image","Feeling","No","No","Yes",0,0,"2026-02-25 13:08:50"
"699ef3d820120ebc1d3f00ae","6996e972325fe4eba7011890","image","Movie","No","No","Yes",0,0,"2026-02-25 13:08:50"
"699ef3d820120ebc1d3f00ae","69958114e20e8e034dd30b08","image","Education","No","No","Yes",0,0,"2026-02-25 13:08:50"
"699ef3d820120ebc1d3f00ae","6996e9cb325fe4eba70126f3","image","Family","No","No","Yes",0,0,"2026-02-25 13:08:49"
"699ef3d820120ebc1d3f00ae","6996ea45325fe4eba7013903","image","Good Night","No","No","Yes",0,0,"2026-02-25 13:08:49"
"699ef3d820120ebc1d3f00ae","6996e9fb325fe4eba7012c59","image","Life","No","No","Yes",0,0,"2026-02-25 13:08:49"
"699ef3d820120ebc1d3f00ae","6996ea23325fe4eba70132fd","image","Motivational Quotes","No","No","Yes",0,0,"2026-02-25 13:08:49"
"699ef3d820120ebc1d3f00ae","6996ea8a325fe4eba7013f53","image","Education","No","No","Yes",0,0,"2026-02-25 13:08:48"
"699ef3d820120ebc1d3f00ae","69984c7e325fe4eba701f7b7","image","Life","No","No","Yes",0,0,"2026-02-25 13:08:48"
"699ef3d820120ebc1d3f00ae","69984c41325fe4eba701f135","image","Education","No","No","Yes",0,0,"2026-02-25 13:08:48"
"699ef3d820120ebc1d3f00ae","699700fe325fe4eba701bf02","image","Motivational Quotes","No","No","Yes",0,0,"2026-02-25 13:08:48"
"699ef3d820120ebc1d3f00ae","69984d16325fe4eba7021594","image","Family","No","No","Yes",0,0,"2026-02-25 13:08:47"
"699ef3d820120ebc1d3f00ae","69984d75325fe4eba702279c","image","Good Night","No","No","Yes",0,0,"2026-02-25 13:08:47"
"699ef3d820120ebc1d3f00ae","69984ce6325fe4eba702098d","image","Motivational Quotes","No","No","Yes",0,0,"2026-02-25 13:08:47"
"699ef3d820120ebc1d3f00ae","69984cb6325fe4eba702007f","image","Movie","No","No","Yes",0,0,"2026-02-25 13:08:47"
"699ef3d820120ebc1d3f00ae","6999a2d068244fd7fa62fc61","image","Morning Spiritual","No","No","Yes",0,0,"2026-02-25 13:08:46"
"699ef3d820120ebc1d3f00ae","6999a2b268244fd7fa62f63e","image","Life","No","No","Yes",0,0,"2026-02-25 13:08:46"
"699ef3d820120ebc1d3f00ae","69984f7c325fe4eba7027295","image","Family","No","No","Yes",0,0,"2026-02-25 13:08:46"
"699ef3d820120ebc1d3f00ae","699858c4325fe4eba7028e0d","image","Education","No","No","Yes",0,0,"2026-02-25 13:08:46"
"699ef3d820120ebc1d3f00ae","6999a36868244fd7fa63103e","image","Life","No","No","Yes",0,0,"2026-02-25 13:08:45"
"699ef3d820120ebc1d3f00ae","6999a32f68244fd7fa6309ac","image","Family","No","No","Yes",0,0,"2026-02-25 13:08:45"
"699ef3d820120ebc1d3f00ae","6999a3c368244fd7fa6318ff","image","Motivation","No","No","Yes",0,0,"2026-02-25 13:08:45"
"699ef3d820120ebc1d3f00ae","6999a2fe68244fd7fa6302aa","image","Good Night","No","No","Yes",0,0,"2026-02-25 13:08:45"
"699ef3d820120ebc1d3f00ae","699d529b20120ebc1d3dcd92","image","Morning Spiritual","No","No","Yes",0,0,"2026-02-25 13:08:44"
"699ef3d820120ebc1d3f00ae","699c51dc68244fd7fa64af65","image","Education","No","No","Yes",0,0,"2026-02-25 13:08:44"
"699ef3d820120ebc1d3f00ae","6999a8c068244fd7fa63b18c","image","Valentine’s Day","No","No","Yes",0,0,"2026-02-25 13:08:44"
"699ef3d820120ebc1d3f00ae","6999a43c68244fd7fa6320ac","image","Education","No","No","Yes",0,0,"2026-02-25 13:08:44"
"699ef3d820120ebc1d3f00ae","699d958d20120ebc1d3ddc44","image","Good Morning","No","No","Yes",0,0,"2026-02-25 13:08:40"
"699ef3d820120ebc1d3f00ae","699d9af620120ebc1d3e513d","image","Motivational Quotes","No","No","Yes",0,0,"2026-02-25 13:08:39"
"699ef3d820120ebc1d3f00ae","699d9abd20120ebc1d3e4a62","image","Life","No","No","Yes",0,0,"2026-02-25 13:08:39"
"699ef3d820120ebc1d3f00ae","699d994a20120ebc1d3e2374","image","Good Night","No","No","Yes",0,0,"2026-02-25 13:08:39"
"699ef3d820120ebc1d3f00ae","699d99ee20120ebc1d3e43a2","image","Movie","No","No","Yes",0,0,"2026-02-25 13:08:39"
"699ef3d820120ebc1d3f00ae","699d97a420120ebc1d3e16b6","image","Love","No","No","Yes",0,0,"2026-02-25 13:08:39"
"699ef3d820120ebc1d3f00ae","699d992e20120ebc1d3e1e3c","image","Family","No","No","Yes",0,0,"2026-02-25 13:08:39"
"699ef3bd20120ebc1d3f0006","6995b806e20e8e034dd39af1","video","Education","No","No","Yes",0,2,"2026-02-25 13:07:27"
"699ef3bd20120ebc1d3f0006","699858c4325fe4eba7028e0d","image","Education","No","No","Yes",0,0,"2026-02-25 13:07:22"
"699ef3bd20120ebc1d3f0006","69984c41325fe4eba701f135","image","Education","No","No","Yes",0,0,"2026-02-25 13:07:22"
"699ef3bd20120ebc1d3f0006","6996ea8a325fe4eba7013f53","image","Education","No","No","Yes",0,0,"2026-02-25 13:07:22"
"699ef3bd20120ebc1d3f0006","6999a43c68244fd7fa6320ac","image","Education","No","No","Yes",0,0,"2026-02-25 13:07:20"
"699ef3bd20120ebc1d3f0006","699c51dc68244fd7fa64af65","image","Education","No","No","Yes",0,0,"2026-02-25 13:07:16"
"699ef3bd20120ebc1d3f0006","6999a8c068244fd7fa63b18c","image","Valentine’s Day","No","No","Yes",0,0,"2026-02-25 13:07:07"
"699ef3d820120ebc1d3f00ae","699eec0020120ebc1d3ed40d","image","Father’s Day","No","No","Yes",0,0,"2026-02-25 13:07:01"
"699ef3d320120ebc1d3f0053","699eec0020120ebc1d3ed40d","image","Father’s Day","No","No","Yes",0,0,"2026-02-25 13:06:57"
"699ef3bd20120ebc1d3f0006","699eec0020120ebc1d3ed40d","image","Father’s Day","No","No","Yes",0,0,"2026-02-25 13:06:54"
"699ef3bd20120ebc1d3f0006","699ef13d20120ebc1d3efb39","video","Movie","No","No","Yes",0,2,"2026-02-25 13:06:46"
"690054c6fb26e417408f72a7","699eea8420120ebc1d3eca1b","video","Motivational Quotes, Motivation","No","No","Yes",0,2,"2026-02-25 12:49:00"
"698ed1a92ffac2141d743243","699eec0020120ebc1d3ed40d","image","Father’s Day","No","No","Yes",0,0,"2026-02-25 12:40:02"
"69872f34b1cd208b2c0623ef","699eec0020120ebc1d3ed40d","image","Father’s Day","No","No","Yes",0,0,"2026-02-25 12:36:29"
"690054c6fb26e417408f72a7","699eec0020120ebc1d3ed40d","image","Father’s Day","No","No","Yes",0,0,"2026-02-25 12:36:17"
"699eda3720120ebc1d3e73fa","69905db82f05ad3205f4ca26","video","Dialogue Status, Attitude","No","Yes","No",0,1,"2026-02-25 11:18:22"
"690054c6fb26e417408f72a7","699d968620120ebc1d3df5a1","video","Motivation","No","No","Yes",0,1,"2026-02-25 11:13:45"
"690054c6fb26e417408f72a7","699d96ab20120ebc1d3dfac4","video","Motivation","No","No","Yes",0,1,"2026-02-25 11:09:06"
"690054c6fb26e417408f72a7","699c44f968244fd7fa648350","video","Motivation","No","No","Yes",0,1,"2026-02-25 10:58:12"
"690054c6fb26e417408f72a7","699d974320120ebc1d3e0b7d","video","Good Morning","No","No","Yes",0,2,"2026-02-25 09:27:53"
"690054c6fb26e417408f72a7","699d976820120ebc1d3e1062","video","Motivation","No","No","Yes",0,1,"2026-02-25 09:21:48"
"690054c6fb26e417408f72a7","699d958d20120ebc1d3ddc44","image","Good Morning","No","No","Yes",0,0,"2026-02-25 09:06:29"
"690054c6fb26e417408f72a7","699d96ec20120ebc1d3e00a8","video","Motivation","No","No","Yes",0,1,"2026-02-25 08:57:23"
"69872f34b1cd208b2c0623ef","699d962720120ebc1d3deb54","video","Motivation","No","No","Yes",0,2,"2026-02-25 04:00:08"
"69872f34b1cd208b2c0623ef","699c425c68244fd7fa645010","unknown","Uncategorized","No","No","Yes",0,2,"2026-02-25 03:55:51"
"69872f34b1cd208b2c0623ef","699c441568244fd7fa646eee","video","Motivation","No","No","Yes",0,1,"2026-02-25 03:55:21"
"69872f34b1cd208b2c0623ef","699d958d20120ebc1d3ddc44","image","Good Morning","No","No","Yes",0,0,"2026-02-25 03:55:07"
"69872f34b1cd208b2c0623ef","699d9af620120ebc1d3e513d","image","Motivational Quotes","No","No","Yes",0,0,"2026-02-25 03:54:27"
"69872f34b1cd208b2c0623ef","699d99ee20120ebc1d3e43a2","image","Movie","No","No","Yes",0,0,"2026-02-25 03:54:27"
"69872f34b1cd208b2c0623ef","699d9abd20120ebc1d3e4a62","image","Life","No","No","Yes",0,0,"2026-02-25 03:54:27"
"698dd20d2ffac2141d74101a","699d515820120ebc1d3dc703","video","Alone","Yes","No","Yes",0,6,"2026-02-24 13:01:13"
"690054c6fb26e417408f72a7","699d97a420120ebc1d3e16b6","image","Love","Yes","No","Yes",0,0,"2026-02-24 12:48:26"
"690054c6fb26e417408f72a7","699d9af620120ebc1d3e513d","image","Motivational Quotes","Yes","No","Yes",0,0,"2026-02-24 12:48:26"
"690054c6fb26e417408f72a7","699d9abd20120ebc1d3e4a62","image","Life","Yes","No","Yes",0,0,"2026-02-24 12:48:26"
"690054c6fb26e417408f72a7","699d994a20120ebc1d3e2374","image","Good Night","Yes","No","Yes",0,0,"2026-02-24 12:48:26"
"690054c6fb26e417408f72a7","699d99ee20120ebc1d3e43a2","image","Movie","No","No","Yes",0,0,"2026-02-24 12:48:26"
"690054c6fb26e417408f72a7","699d992e20120ebc1d3e1e3c","image","Family","No","No","Yes",0,0,"2026-02-24 12:48:26"
"698dd20d2ffac2141d74101a","699d9af620120ebc1d3e513d","image","Motivational Quotes","Yes","No","Yes",0,0,"2026-02-24 12:42:07"
"69872f34b1cd208b2c0623ef","699d992e20120ebc1d3e1e3c","image","Family","No","No","Yes",0,0,"2026-02-24 12:41:02"
"69872f34b1cd208b2c0623ef","699d994a20120ebc1d3e2374","image","Good Night","No","No","Yes",0,0,"2026-02-24 12:41:02"
"698dd20d2ffac2141d74101a","699d9abd20120ebc1d3e4a62","image","Life","Yes","No","Yes",0,0,"2026-02-24 12:34:14"
"698dd20d2ffac2141d74101a","699d99ee20120ebc1d3e43a2","image","Movie","Yes","No","Yes",0,0,"2026-02-24 12:30:49"
"698dd20d2ffac2141d74101a","699d997820120ebc1d3e2b00","unknown","Uncategorized","No","No","Yes",0,0,"2026-02-24 12:28:45"
"698dd20d2ffac2141d74101a","699d994a20120ebc1d3e2374","image","Good Night","Yes","No","Yes",0,0,"2026-02-24 12:27:56"
"698dd20d2ffac2141d74101a","699d992e20120ebc1d3e1e3c","image","Family","No","No","Yes",0,0,"2026-02-24 12:27:56"
"698dd20d2ffac2141d74101a","699d97a420120ebc1d3e16b6","image","Love","No","No","Yes",0,0,"2026-02-24 12:21:56"
"69872f34b1cd208b2c0623ef","699d97a420120ebc1d3e16b6","image","Love","No","No","Yes",0,0,"2026-02-24 12:20:56"
"698dd20d2ffac2141d74101a","699d958d20120ebc1d3ddc44","image","Good Morning","No","No","Yes",0,0,"2026-02-24 12:11:59"
"69872f34b1cd208b2c0623ef","699c51dc68244fd7fa64af65","image","Education","No","No","Yes",0,0,"2026-02-24 12:08:51"
"69872f34b1cd208b2c0623ef","699d529b20120ebc1d3dcd92","image","Morning Spiritual","No","No","Yes",0,0,"2026-02-24 12:08:37"
"690054c6fb26e417408f72a7","699c45e168244fd7fa649595","video","Self Confidence","No","No","Yes",0,2,"2026-02-24 11:53:33"
"690054c6fb26e417408f72a7","699c457768244fd7fa648eb6","video","Motivation","No","No","Yes",0,1,"2026-02-24 11:17:29"
"690054c6fb26e417408f72a7","699c465b68244fd7fa649f8e","video","Life","No","No","Yes",0,2,"2026-02-24 09:00:32"
"690054c6fb26e417408f72a7","699c425c68244fd7fa645010","unknown","Uncategorized","No","No","Yes",0,2,"2026-02-24 08:32:33"
"690054c6fb26e417408f72a7","699c42c768244fd7fa645a3c","video","Positive Thinking","No","No","Yes",0,2,"2026-02-24 08:32:17"
"690054c6fb26e417408f72a7","699c436968244fd7fa6464c7","video","Good Morning","No","No","Yes",0,1,"2026-02-24 08:32:09"
"690054c6fb26e417408f72a7","699c43e668244fd7fa646a47","video","Hard Work","No","No","Yes",0,3,"2026-02-24 08:32:03"
"690054c6fb26e417408f72a7","699c449068244fd7fa647960","video","Motivation","No","No","Yes",0,1,"2026-02-24 08:31:52"
"690054c6fb26e417408f72a7","699d515820120ebc1d3dc703","video","Alone","No","No","Yes",0,6,"2026-02-24 08:17:32"
"690054c6fb26e417408f72a7","699d529b20120ebc1d3dcd92","image","Morning Spiritual","Yes","No","Yes",0,0,"2026-02-24 08:08:43"
"698dd20d2ffac2141d74101a","699d529b20120ebc1d3dcd92","image","Morning Spiritual","Yes","No","Yes",0,0,"2026-02-24 07:26:33"
"690054c6fb26e417408f72a7","699c51dc68244fd7fa64af65","image","Education","Yes","No","Yes",0,0,"2026-02-24 07:11:53"
"698dd20d2ffac2141d74101a","699c51dc68244fd7fa64af65","image","Education","No","No","Yes",0,0,"2026-02-24 07:06:48"
"690054c6fb26e417408f72a7","699c534568244fd7fa64c3ed","video","Song Status","No","No","Yes",0,4,"2026-02-24 05:56:27"
"690054c6fb26e417408f72a7","699c454168244fd7fa648917","video","Morning Motivation","No","No","Yes",0,2,"2026-02-24 05:26:32"
"690054c6fb26e417408f72a7","699c469868244fd7fa64a519","video","Life","No","No","Yes",0,1,"2026-02-24 05:16:28"
"690054c6fb26e417408f72a7","699c539968244fd7fa64db71","video","Calm","No","No","Yes",0,3,"2026-02-24 05:14:46"
"690054c6fb26e417408f72a7","699c3e3868244fd7fa63eaaa","video","Good Morning","No","No","Yes",0,1,"2026-02-24 05:00:38"
"690054c6fb26e417408f72a7","699c40f868244fd7fa642c6e","video","Positive Thinking","No","No","Yes",0,1,"2026-02-24 04:58:45"
"6909ef4b3c6874ef786b2267","699c51dc68244fd7fa64af65","image","Education","No","No","Yes",0,0,"2026-02-23 15:55:13"
"698077c38a81b29c153b4f20","699c51dc68244fd7fa64af65","image","Education","No","No","Yes",0,0,"2026-02-23 13:10:52"
"690054c6fb26e417408f72a7","6999a72b68244fd7fa638316","video","Motivation","No","No","Yes",0,3,"2026-02-23 09:36:21"
"690054c6fb26e417408f72a7","6999a7a868244fd7fa639783","video","Motivation","No","No","Yes",0,1,"2026-02-23 09:31:07"
"691474336f3817fc8d6a0c12","69943a89b2fbeb55ce59f5a9","video","Republic day","No","No","Yes",0,1,"2026-02-23 09:24:35"
"691474336f3817fc8d6a0c12","69944619b2fbeb55ce5a5d0c","image","Education","No","No","Yes",0,0,"2026-02-23 09:24:25"
"691474336f3817fc8d6a0c12","699445b9b2fbeb55ce5a5680","image","Education","No","No","Yes",0,0,"2026-02-23 09:24:25"
"691474336f3817fc8d6a0c12","69944529b2fbeb55ce5a478f","image","Family","No","No","Yes",0,0,"2026-02-23 09:24:25"
"691474336f3817fc8d6a0c12","6994456fb2fbeb55ce5a5025","image","Life","No","No","Yes",0,0,"2026-02-23 09:24:25"
"691474336f3817fc8d6a0c12","69943f28b2fbeb55ce5a37af","image","Motivational Quotes","No","No","Yes",0,0,"2026-02-23 09:24:25"
"691474336f3817fc8d6a0c12","69943d37b2fbeb55ce5a29d0","image","Morning Motivation","No","No","Yes",0,0,"2026-02-23 09:24:25"
"691474336f3817fc8d6a0c12","69944c9db2fbeb55ce5a9189","video","MGR","No","No","Yes",0,2,"2026-02-23 09:24:19"
"691474336f3817fc8d6a0c12","69946042b2fbeb55ce5aa4ee","image","Motivation","No","No","Yes",0,0,"2026-02-23 09:24:08"
"691474336f3817fc8d6a0c12","69945f92b2fbeb55ce5a9ea6","image","Motivation","No","No","Yes",0,0,"2026-02-23 09:24:08"
"691474336f3817fc8d6a0c12","699446a6b2fbeb55ce5a6a49","image","Self Confidence","No","No","Yes",0,0,"2026-02-23 09:24:08"
"691474336f3817fc8d6a0c12","69944643b2fbeb55ce5a62d6","image","Motivational Quotes","No","No","Yes",0,0,"2026-02-23 09:24:08"
"691474336f3817fc8d6a0c12","69946128b2fbeb55ce5ac9ba","image","Motivation","No","No","Yes",0,0,"2026-02-23 09:24:06"
"691474336f3817fc8d6a0c12","699460fbb2fbeb55ce5ac31a","image","Motivation","No","No","Yes",0,0,"2026-02-23 09:24:06"
"691474336f3817fc8d6a0c12","699460cbb2fbeb55ce5abb3f","image","Motivation","No","No","Yes",0,0,"2026-02-23 09:24:06"
"691474336f3817fc8d6a0c12","69946078b2fbeb55ce5aab7b","image","Motivation","No","No","Yes",0,0,"2026-02-23 09:24:06"
"691474336f3817fc8d6a0c12","699460a4b2fbeb55ce5ab220","image","Motivation","No","No","Yes",0,0,"2026-02-23 09:24:06"
"691474336f3817fc8d6a0c12","69957df9e20e8e034dd2d571","image","Good Morning","No","No","Yes",0,0,"2026-02-23 09:23:58"
"691474336f3817fc8d6a0c12","69957f24e20e8e034dd2efa9","image","Good Night","No","No","Yes",0,0,"2026-02-23 09:23:56"
"691474336f3817fc8d6a0c12","69957fb2e20e8e034dd2fb5f","image","Movie","No","No","Yes",0,0,"2026-02-23 09:23:56"
"691474336f3817fc8d6a0c12","69957e49e20e8e034dd2ddf2","image","Family","No","No","Yes",0,0,"2026-02-23 09:23:56"
"691474336f3817fc8d6a0c12","69957eb0e20e8e034dd2e75c","image","Life","No","No","Yes",0,0,"2026-02-23 09:23:56"
"691474336f3817fc8d6a0c12","69959a3de20e8e034dd31af8","image","Feeling","No","No","Yes",0,0,"2026-02-23 09:23:49"
"691474336f3817fc8d6a0c12","69958114e20e8e034dd30b08","image","Education","No","No","Yes",0,0,"2026-02-23 09:23:49"
"691474336f3817fc8d6a0c12","6995809ae20e8e034dd303c7","image","Motivation","No","No","Yes",0,0,"2026-02-23 09:23:49"
"691474336f3817fc8d6a0c12","6995b806e20e8e034dd39c32","video","Movie","No","No","Yes",0,3,"2026-02-23 09:23:15"
"691474336f3817fc8d6a0c12","6996e9cb325fe4eba70126f3","image","Family","No","No","Yes",0,0,"2026-02-23 09:23:08"
"691474336f3817fc8d6a0c12","6996e9a4325fe4eba7011f99","image","Good Morning","No","No","Yes",0,0,"2026-02-23 09:23:08"
"691474336f3817fc8d6a0c12","6996e972325fe4eba7011890","image","Movie","No","No","Yes",0,0,"2026-02-23 09:23:08"
"691474336f3817fc8d6a0c12","6996ea23325fe4eba70132fd","image","Motivational Quotes","No","No","Yes",0,0,"2026-02-23 09:23:07"
"691474336f3817fc8d6a0c12","6996e9fb325fe4eba7012c59","image","Life","No","No","Yes",0,0,"2026-02-23 09:23:07"
"691474336f3817fc8d6a0c12","6996ea8a325fe4eba7013f53","image","Education","No","No","Yes",0,0,"2026-02-23 09:23:05"
"691474336f3817fc8d6a0c12","6996ea45325fe4eba7013903","image","Good Night","No","No","Yes",0,0,"2026-02-23 09:23:05"
"691474336f3817fc8d6a0c12","69984c41325fe4eba701f135","image","Education","No","No","Yes",0,0,"2026-02-23 09:22:59"
"691474336f3817fc8d6a0c12","6998589f325fe4eba702887c","video","Motivation","No","No","Yes",0,6,"2026-02-23 09:21:49"
"691474336f3817fc8d6a0c12","69984d16325fe4eba7021594","image","Family","No","No","Yes",0,0,"2026-02-23 09:21:03"
"691474336f3817fc8d6a0c12","69984ce6325fe4eba702098d","image","Motivational Quotes","No","No","Yes",0,0,"2026-02-23 09:21:03"
"691474336f3817fc8d6a0c12","69984cb6325fe4eba702007f","image","Movie","No","No","Yes",0,0,"2026-02-23 09:21:03"
"691474336f3817fc8d6a0c12","69984c7e325fe4eba701f7b7","image","Life","No","No","Yes",0,0,"2026-02-23 09:21:03"
"691474336f3817fc8d6a0c12","69984ddf325fe4eba702384e","video","Good Morning","No","No","Yes",0,2,"2026-02-23 09:21:00"
"691474336f3817fc8d6a0c12","69984f7c325fe4eba7027295","image","Family","No","No","Yes",0,0,"2026-02-23 09:20:53"
"691474336f3817fc8d6a0c12","69984d75325fe4eba702279c","image","Good Night","No","No","Yes",0,0,"2026-02-23 09:20:53"
"691474336f3817fc8d6a0c12","6999a2b268244fd7fa62f63e","image","Life","No","No","Yes",0,0,"2026-02-23 09:20:43"
"691474336f3817fc8d6a0c12","699858c4325fe4eba7028e0d","image","Education","No","No","Yes",0,0,"2026-02-23 09:20:43"
"691474336f3817fc8d6a0c12","6999a36868244fd7fa63103e","image","Life","No","No","Yes",0,0,"2026-02-23 09:20:40"
"691474336f3817fc8d6a0c12","6999a32f68244fd7fa6309ac","image","Family","No","No","Yes",0,0,"2026-02-23 09:20:40"
"691474336f3817fc8d6a0c12","6999a2fe68244fd7fa6302aa","image","Good Night","No","No","Yes",0,0,"2026-02-23 09:20:40"
"691474336f3817fc8d6a0c12","6999a2d068244fd7fa62fc61","image","Morning Spiritual","No","No","Yes",0,0,"2026-02-23 09:20:40"
"691474336f3817fc8d6a0c12","6999a3c368244fd7fa6318ff","image","Motivation","No","No","Yes",0,0,"2026-02-23 09:20:34"
"691474336f3817fc8d6a0c12","6999a43c68244fd7fa6320ac","image","Education","No","No","Yes",0,0,"2026-02-23 09:20:34"
"691474336f3817fc8d6a0c12","6999a5bb68244fd7fa63597a","video","Motivation","No","No","Yes",0,5,"2026-02-23 09:20:28"
"691474336f3817fc8d6a0c12","6999a6ad68244fd7fa636e71","video","Motivation","No","No","Yes",0,4,"2026-02-23 09:20:14"
"691474336f3817fc8d6a0c12","6999a8c068244fd7fa63b18c","image","Valentine’s Day","No","No","Yes",0,0,"2026-02-23 09:19:46"
"690054c6fb26e417408f72a7","6999a76468244fd7fa638ae5","video","Motivation","No","No","Yes",0,2,"2026-02-23 08:18:06"
"698ed1a92ffac2141d743243","6999a43c68244fd7fa6320ac","image","Education","No","No","Yes",0,0,"2026-02-23 07:22:24"
"698ed1a92ffac2141d743243","6999a3c368244fd7fa6318ff","image","Motivation","No","No","Yes",0,0,"2026-02-23 07:22:24"
"698ed1a92ffac2141d743243","6999a36868244fd7fa63103e","image","Life","No","No","Yes",0,0,"2026-02-23 07:22:24"
"698ed1a92ffac2141d743243","6999a32f68244fd7fa6309ac","image","Family","No","No","Yes",0,0,"2026-02-23 07:22:24"
"698ed1a92ffac2141d743243","6999a2fe68244fd7fa6302aa","image","Good Night","No","No","Yes",0,0,"2026-02-23 07:22:24"
"698ed1a92ffac2141d743243","6999a2d068244fd7fa62fc61","image","Morning Spiritual","No","No","Yes",0,0,"2026-02-23 07:22:24"
"698ed1a92ffac2141d743243","6999a2b268244fd7fa62f63e","image","Life","No","No","Yes",0,0,"2026-02-23 07:22:24"
"698ed1a92ffac2141d743243","6999a76468244fd7fa638ae5","video","Motivation","No","No","Yes",0,2,"2026-02-23 07:22:19"
"698ed1a92ffac2141d743243","69984f7c325fe4eba7027295","image","Family","No","No","Yes",0,0,"2026-02-23 07:22:19"
"698ed1a92ffac2141d743243","699858c4325fe4eba7028e0d","image","Education","No","No","Yes",0,0,"2026-02-23 07:22:19"
"698ed1a92ffac2141d743243","6999a8c068244fd7fa63b18c","image","Valentine’s Day","No","No","Yes",0,0,"2026-02-23 07:05:27"
"690054c6fb26e417408f72a7","6999a78768244fd7fa63916b","video","Motivation","No","No","Yes",0,1,"2026-02-23 07:04:38"
"690054c6fb26e417408f72a7","6999a6ad68244fd7fa636e71","video","Motivation","No","No","Yes",0,4,"2026-02-21 14:38:19"
"690054c6fb26e417408f72a7","6999a5b968244fd7fa63581b","video","Motivational Quotes","No","No","Yes",0,3,"2026-02-21 14:37:44"
"690054c6fb26e417408f72a7","6999a54568244fd7fa633d65","video","Motivation","No","No","Yes",0,1,"2026-02-21 14:17:13"
"690054c6fb26e417408f72a7","6999a5ba68244fd7fa635967","video","Motivation","No","No","Yes",0,3,"2026-02-21 14:14:03"
"690054c6fb26e417408f72a7","6999a6d768244fd7fa6375ea","video","Motivation","No","No","Yes",0,2,"2026-02-21 14:13:46"
"690054c6fb26e417408f72a7","6999a5b968244fd7fa635810","video","Movie","No","No","Yes",0,2,"2026-02-21 13:59:24"
"690054c6fb26e417408f72a7","6999a85068244fd7fa63a555","video","Motivation","No","No","Yes",0,3,"2026-02-21 13:47:58"
"690054c6fb26e417408f72a7","69944c9db2fbeb55ce5a9189","video","MGR","No","No","Yes",0,2,"2026-02-21 13:46:35"
"690054c6fb26e417408f72a7","6996ff67325fe4eba7019f53","video","Good Morning","No","No","Yes",0,2,"2026-02-21 13:44:34"
"690054c6fb26e417408f72a7","6999a88868244fd7fa63abb0","video","Motivation","No","No","Yes",0,2,"2026-02-21 13:19:24"
"690054c6fb26e417408f72a7","6999a68968244fd7fa636794","video","Motivation","No","No","Yes",0,3,"2026-02-21 13:15:34"
"690054c6fb26e417408f72a7","6999a7cf68244fd7fa639eae","video","Motivation","No","No","Yes",0,3,"2026-02-21 13:05:16"
"698dd20d2ffac2141d74101a","6999a8c068244fd7fa63b18c","image","Valentine’s Day","No","No","Yes",0,0,"2026-02-21 12:58:55"
"69872f34b1cd208b2c0623ef","6999a72b68244fd7fa638316","video","Motivation","No","No","Yes",0,3,"2026-02-21 12:57:58"
"69872f34b1cd208b2c0623ef","6999a85068244fd7fa63a555","video","Motivation","No","No","Yes",0,3,"2026-02-21 12:46:46"
"69872f34b1cd208b2c0623ef","6999a7cf68244fd7fa639eae","video","Motivation","No","No","Yes",0,3,"2026-02-21 12:46:32"
"69872f34b1cd208b2c0623ef","6999a2b268244fd7fa62f63e","image","Life","No","No","Yes",0,0,"2026-02-21 12:46:16"
"690054c6fb26e417408f72a7","6999a8c068244fd7fa63b18c","image","Valentine’s Day","No","No","Yes",0,0,"2026-02-21 12:45:58"
"69872f34b1cd208b2c0623ef","6999a5bb68244fd7fa63597a","video","Motivation","No","No","Yes",0,5,"2026-02-21 12:45:51"
"69872f34b1cd208b2c0623ef","6999a8c068244fd7fa63b18c","image","Valentine’s Day","No","No","Yes",0,0,"2026-02-21 12:45:04"
"698077c38a81b29c153b4f20","6999a8c068244fd7fa63b18c","image","Valentine’s Day","No","No","Yes",0,0,"2026-02-21 12:44:49"
"690054c6fb26e417408f72a7","6999a5bb68244fd7fa63597a","video","Motivation","No","No","Yes",0,5,"2026-02-21 12:36:28"
"69872f34b1cd208b2c0623ef","6999a2d068244fd7fa62fc61","image","Morning Spiritual","No","No","Yes",0,0,"2026-02-21 12:32:03"
"69872f34b1cd208b2c0623ef","6999a32f68244fd7fa6309ac","image","Family","No","No","Yes",0,0,"2026-02-21 12:31:55"
"69872f34b1cd208b2c0623ef","6999a2fe68244fd7fa6302aa","image","Good Night","No","No","Yes",0,0,"2026-02-21 12:31:55"
"69872f34b1cd208b2c0623ef","6999a36868244fd7fa63103e","image","Life","No","No","Yes",0,0,"2026-02-21 12:31:54"
"69872f34b1cd208b2c0623ef","6999a43c68244fd7fa6320ac","image","Education","No","No","Yes",0,0,"2026-02-21 12:31:40"
"69872f34b1cd208b2c0623ef","6999a3c368244fd7fa6318ff","image","Motivation","No","No","Yes",0,0,"2026-02-21 12:31:40"
"698077c38a81b29c153b4f20","6999a2b268244fd7fa62f63e","image","Life","No","No","Yes",0,0,"2026-02-21 12:26:13"
"698077c38a81b29c153b4f20","6999a2fe68244fd7fa6302aa","image","Good Night","No","No","Yes",0,0,"2026-02-21 12:26:13"
"698077c38a81b29c153b4f20","6999a2d068244fd7fa62fc61","image","Morning Spiritual","No","No","Yes",0,0,"2026-02-21 12:26:13"
"698077c38a81b29c153b4f20","6999a3c368244fd7fa6318ff","image","Motivation","No","No","Yes",0,0,"2026-02-21 12:26:10"
"698077c38a81b29c153b4f20","6999a32f68244fd7fa6309ac","image","Family","No","No","Yes",0,0,"2026-02-21 12:26:10"
"698077c38a81b29c153b4f20","6999a36868244fd7fa63103e","image","Life","No","No","Yes",0,0,"2026-02-21 12:26:10"
"698077c38a81b29c153b4f20","6999a43c68244fd7fa6320ac","image","Education","No","No","Yes",0,0,"2026-02-21 12:26:10"
"698dd20d2ffac2141d74101a","6999a43c68244fd7fa6320ac","image","Education","Yes","No","Yes",0,0,"2026-02-21 12:25:41"
"698dd20d2ffac2141d74101a","6999a36868244fd7fa63103e","image","Life","Yes","No","Yes",0,0,"2026-02-21 12:25:41"
"698dd20d2ffac2141d74101a","6999a3c368244fd7fa6318ff","image","Motivation","No","No","Yes",0,0,"2026-02-21 12:25:41"
"690054c6fb26e417408f72a7","6999a43c68244fd7fa6320ac","image","Education","No","No","Yes",0,0,"2026-02-21 12:25:39"
"690054c6fb26e417408f72a7","6999a3c368244fd7fa6318ff","image","Motivation","No","No","Yes",0,0,"2026-02-21 12:23:32"
"690054c6fb26e417408f72a7","6999a2b268244fd7fa62f63e","image","Life","No","No","Yes",0,0,"2026-02-21 12:22:31"
"690054c6fb26e417408f72a7","6999a2d068244fd7fa62fc61","image","Morning Spiritual","No","No","Yes",0,0,"2026-02-21 12:22:30"
"690054c6fb26e417408f72a7","6999a2fe68244fd7fa6302aa","image","Good Night","No","No","Yes",0,0,"2026-02-21 12:22:28"
"690054c6fb26e417408f72a7","6999a32f68244fd7fa6309ac","image","Family","No","No","Yes",0,0,"2026-02-21 12:22:27"
"690054c6fb26e417408f72a7","6999a36868244fd7fa63103e","image","Life","No","No","Yes",0,0,"2026-02-21 12:22:23"
"698dd20d2ffac2141d74101a","6999a2b268244fd7fa62f63e","image","Life","Yes","No","Yes",0,0,"2026-02-21 12:21:04"
"698dd20d2ffac2141d74101a","6999a2fe68244fd7fa6302aa","image","Good Night","Yes","No","Yes",0,0,"2026-02-21 12:21:04"
"698dd20d2ffac2141d74101a","6999a32f68244fd7fa6309ac","image","Family","No","No","Yes",0,0,"2026-02-21 12:21:04"
"698dd20d2ffac2141d74101a","6999a2d068244fd7fa62fc61","image","Morning Spiritual","No","No","Yes",0,0,"2026-02-21 12:21:04"
"69872f34b1cd208b2c0623ef","69984cfc325fe4eba7020ed3","video","Good Morning","No","No","Yes",0,3,"2026-02-21 11:58:50"
"69872f34b1cd208b2c0623ef","69984d46325fe4eba7021e78","video","Self Confidence","No","No","Yes",0,4,"2026-02-21 11:58:25"
"69872f34b1cd208b2c0623ef","69984d79325fe4eba7022a0d","video","Good Morning","No","No","Yes",0,4,"2026-02-21 11:58:08"
"69872f34b1cd208b2c0623ef","6996ea8a325fe4eba7013f53","image","Education","No","No","Yes",0,0,"2026-02-21 11:57:35"
"69872f34b1cd208b2c0623ef","6996ea45325fe4eba7013903","image","Good Night","No","No","Yes",0,0,"2026-02-21 11:57:35"
"69872f34b1cd208b2c0623ef","6996ea23325fe4eba70132fd","image","Motivational Quotes","No","No","Yes",0,0,"2026-02-21 11:57:35"
"69872f34b1cd208b2c0623ef","69984cb6325fe4eba702007f","image","Movie","No","No","Yes",0,0,"2026-02-21 11:57:18"
"69872f34b1cd208b2c0623ef","69984c41325fe4eba701f135","image","Education","No","No","Yes",0,0,"2026-02-21 11:57:18"
"69872f34b1cd208b2c0623ef","69984c7e325fe4eba701f7b7","image","Life","No","No","Yes",0,0,"2026-02-21 11:57:18"
"69872f34b1cd208b2c0623ef","69984ce6325fe4eba702098d","image","Motivational Quotes","No","No","Yes",0,0,"2026-02-21 11:57:11"
"69872f34b1cd208b2c0623ef","69984d16325fe4eba7021594","image","Family","No","No","Yes",0,0,"2026-02-21 11:57:11"
"69872f34b1cd208b2c0623ef","69984d75325fe4eba702279c","image","Good Night","No","No","Yes",0,0,"2026-02-21 11:57:09"
"69872f34b1cd208b2c0623ef","699858c4325fe4eba7028e0d","image","Education","No","No","Yes",0,0,"2026-02-21 11:57:05"
"69872f34b1cd208b2c0623ef","69984f7c325fe4eba7027295","image","Family","No","No","Yes",0,0,"2026-02-21 11:57:05"
"698077c38a81b29c153b4f20","699700fe325fe4eba701bf02","image","Motivational Quotes","No","No","Yes",0,0,"2026-02-21 11:34:26"
"698077c38a81b29c153b4f20","69984cb6325fe4eba702007f","image","Movie","No","No","Yes",0,0,"2026-02-21 11:34:24"
"698077c38a81b29c153b4f20","69984c7e325fe4eba701f7b7","image","Life","No","No","Yes",0,0,"2026-02-21 11:34:24"
"698077c38a81b29c153b4f20","69984c41325fe4eba701f135","image","Education","No","No","Yes",0,0,"2026-02-21 11:34:24"
"698077c38a81b29c153b4f20","69984d16325fe4eba7021594","image","Family","No","No","Yes",0,0,"2026-02-21 11:34:23"
"698077c38a81b29c153b4f20","69984ce6325fe4eba702098d","image","Motivational Quotes","No","No","Yes",0,0,"2026-02-21 11:34:23"
"698077c38a81b29c153b4f20","69984d75325fe4eba702279c","image","Good Night","No","No","Yes",0,0,"2026-02-21 11:34:22"
"698dd20d2ffac2141d74101a","699858c4325fe4eba7028e0d","image","Education","Yes","No","Yes",0,0,"2026-02-21 11:32:46"
"698077c38a81b29c153b4f20","69984f7c325fe4eba7027295","image","Family","No","No","Yes",0,0,"2026-02-21 11:30:49"
"698077c38a81b29c153b4f20","699858c4325fe4eba7028e0d","image","Education","No","No","Yes",0,0,"2026-02-21 11:30:49"
"690054c6fb26e417408f72a7","69970055325fe4eba701b9c4","video","Good Morning","Yes","No","No",0,1,"2026-02-21 10:58:31"
"690054c6fb26e417408f72a7","69970025325fe4eba701b43e","video","Good Morning","No","No","Yes",0,2,"2026-02-21 10:58:31"
"690054c6fb26e417408f72a7","6995b1b5e20e8e034dd36dcf","video","Good Morning","No","No","Yes",0,1,"2026-02-21 10:57:22"
"690054c6fb26e417408f72a7","6995b806e20e8e034dd39c32","video","Movie","No","No","Yes",0,3,"2026-02-21 10:57:01"
"690054c6fb26e417408f72a7","6996e9fb325fe4eba7012c59","image","Life","No","No","Yes",0,0,"2026-02-21 10:56:48"
"690054c6fb26e417408f72a7","6996e9cb325fe4eba70126f3","image","Family","No","No","Yes",0,0,"2026-02-21 10:56:48"
"690054c6fb26e417408f72a7","6996e9a4325fe4eba7011f99","image","Good Morning","No","No","Yes",0,0,"2026-02-21 10:56:48"
"690054c6fb26e417408f72a7","6996e972325fe4eba7011890","image","Movie","No","No","Yes",0,0,"2026-02-21 10:56:48"
"690054c6fb26e417408f72a7","6996ffd7325fe4eba701aa4b","video","Motivation","No","No","Yes",0,2,"2026-02-21 10:56:14"
"690054c6fb26e417408f72a7","69984d17325fe4eba7021785","video","Good Morning","No","No","Yes",0,1,"2026-02-21 10:32:54"
"690054c6fb26e417408f72a7","69984ddf325fe4eba702384e","video","Good Morning","No","No","Yes",0,2,"2026-02-21 10:17:31"
"690054c6fb26e417408f72a7","6996ea45325fe4eba7013903","image","Good Night","No","No","Yes",0,0,"2026-02-21 10:16:09"
"690054c6fb26e417408f72a7","6996ea23325fe4eba70132fd","image","Motivational Quotes","No","No","Yes",0,0,"2026-02-21 10:16:09"
"690054c6fb26e417408f72a7","6996ea8a325fe4eba7013f53","image","Education","No","No","Yes",0,0,"2026-02-21 10:16:08"
"690054c6fb26e417408f72a7","69984d46325fe4eba7021e78","video","Self Confidence","No","No","Yes",0,4,"2026-02-21 10:14:40"
"690054c6fb26e417408f72a7","69984e02325fe4eba7023d28","video","Good Morning","No","No","Yes",0,4,"2026-02-21 10:01:53"
"690054c6fb26e417408f72a7","69984daa325fe4eba70230de","video","Good Morning","No","No","Yes",0,2,"2026-02-21 09:59:43"
"690054c6fb26e417408f72a7","69984eca325fe4eba7025728","video","Motivation","No","No","Yes",0,1,"2026-02-21 09:55:09"
"690054c6fb26e417408f72a7","699857bd325fe4eba7027c8f","video","Calm","No","No","Yes",0,4,"2026-02-21 09:52:46"
"690054c6fb26e417408f72a7","69984e94325fe4eba7025258","video","Motivation","No","No","Yes",0,4,"2026-02-21 09:51:43"
"690054c6fb26e417408f72a7","69984d79325fe4eba7022a0d","video","Good Morning","No","No","Yes",0,4,"2026-02-21 09:45:54"
"690054c6fb26e417408f72a7","69984cfc325fe4eba7020ed3","video","Good Morning","No","No","Yes",0,3,"2026-02-21 09:10:52"
"68edd60dff4c9aa0a69663ba","69984c7e325fe4eba701f7b7","image","Life","No","No","Yes",0,0,"2026-02-21 09:02:19"
"68edd60dff4c9aa0a69663ba","69984cb6325fe4eba702007f","image","Movie","No","No","Yes",0,0,"2026-02-21 09:02:19"
"68edd60dff4c9aa0a69663ba","69984c41325fe4eba701f135","image","Education","No","No","Yes",0,0,"2026-02-21 09:02:19"
"68edd60dff4c9aa0a69663ba","69984d16325fe4eba7021594","image","Family","No","No","Yes",0,0,"2026-02-21 09:02:17"
"68edd60dff4c9aa0a69663ba","69984ce6325fe4eba702098d","image","Motivational Quotes","No","No","Yes",0,0,"2026-02-21 09:02:17"
"68edd60dff4c9aa0a69663ba","69984d75325fe4eba702279c","image","Good Night","No","No","Yes",0,0,"2026-02-21 09:01:47"
"68edd60dff4c9aa0a69663ba","699858c4325fe4eba7028e0d","image","Education","No","No","Yes",0,0,"2026-02-21 09:01:39"
"68edd60dff4c9aa0a69663ba","69984f7c325fe4eba7027295","image","Family","No","No","Yes",0,0,"2026-02-21 09:01:39"
"69996508325fe4eba702b438","69984d16325fe4eba7021594","image","Family","No","No","Yes",0,0,"2026-02-21 07:58:25"
"69996508325fe4eba702b438","69984d75325fe4eba702279c","image","Good Night","No","No","Yes",0,0,"2026-02-21 07:58:04"
"69996508325fe4eba702b438","69984e02325fe4eba7023d28","video","Good Morning","No","No","Yes",0,4,"2026-02-21 07:57:50"
"699964b1325fe4eba702b12b","6996ff43325fe4eba7019a6d","video","Good Morning","No","No","Yes",0,2,"2026-02-21 07:57:21"
"699964b1325fe4eba702b12b","6996ff91325fe4eba701a40b","video","Good Morning","No","No","Yes",0,3,"2026-02-21 07:57:18"
"6999643d325fe4eba702ad4a","69984f7c325fe4eba7027295","image","Family","No","No","Yes",0,0,"2026-02-21 07:57:02"
"699964b1325fe4eba702b12b","69984c41325fe4eba701f135","image","Education","No","No","Yes",0,0,"2026-02-21 07:57:00"
"699964b1325fe4eba702b12b","699700fe325fe4eba701bf02","image","Motivational Quotes","No","No","Yes",0,0,"2026-02-21 07:57:00"
"699964b1325fe4eba702b12b","69984c7e325fe4eba701f7b7","image","Life","No","No","Yes",0,0,"2026-02-21 07:57:00"
"699964b1325fe4eba702b12b","69984cb6325fe4eba702007f","image","Movie","No","No","Yes",0,0,"2026-02-21 07:56:56"
"69996433325fe4eba702ad36","69984f7c325fe4eba7027295","image","Family","Yes","No","Yes",0,0,"2026-02-21 07:56:41"
"699964bf325fe4eba702b14d","69984f7c325fe4eba7027295","image","Family","No","No","Yes",0,0,"2026-02-21 07:56:41"
"69996508325fe4eba702b438","69984f7c325fe4eba7027295","image","Family","No","No","Yes",0,0,"2026-02-21 07:56:37"
"699964b1325fe4eba702b12b","69984ce6325fe4eba702098d","image","Motivational Quotes","No","No","Yes",0,0,"2026-02-21 07:56:35"
"699964b1325fe4eba702b12b","69984d16325fe4eba7021594","image","Family","No","No","Yes",0,0,"2026-02-21 07:56:34"
"699964bf325fe4eba702b14d","699858c4325fe4eba7028e0d","image","Education","No","No","Yes",0,0,"2026-02-21 07:56:32"
"69996508325fe4eba702b438","699858c4325fe4eba7028e0d","image","Education","No","No","Yes",0,0,"2026-02-21 07:56:24"
"699964b1325fe4eba702b12b","69984d75325fe4eba702279c","image","Good Night","No","No","Yes",0,0,"2026-02-21 07:56:24"
"699964b1325fe4eba702b126","69984e94325fe4eba7025258","video","Motivation","No","No","Yes",0,4,"2026-02-21 07:56:15"
"699964b1325fe4eba702b12b","69984f7c325fe4eba7027295","image","Family","No","No","Yes",0,0,"2026-02-21 07:56:08"
"699964b1325fe4eba702b126","69984f7c325fe4eba7027295","image","Family","No","No","Yes",0,0,"2026-02-21 07:56:06"
"699964b1325fe4eba702b126","6998589f325fe4eba702887c","video","Motivation","No","No","Yes",0,6,"2026-02-21 07:56:02"
"699964b1325fe4eba702b12b","699858c4325fe4eba7028e0d","image","Education","No","No","Yes",0,0,"2026-02-21 07:55:37"
"69996353325fe4eba702a6a1","699858c4325fe4eba7028e0d","image","Education","No","No","Yes",0,0,"2026-02-21 07:55:15"
"699964b1325fe4eba702b126","699858c4325fe4eba7028e0d","image","Education","No","No","Yes",0,0,"2026-02-21 07:54:57"
"6999642d325fe4eba702ad2c","69984d79325fe4eba7022a0d","video","Good Morning","No","No","Yes",0,4,"2026-02-21 07:54:55"
"6999642d325fe4eba702ad2c","69984f7c325fe4eba7027295","image","Family","No","No","Yes",0,0,"2026-02-21 07:54:21"
"69996433325fe4eba702ad36","6998589f325fe4eba702887c","video","Motivation","No","No","Yes",0,6,"2026-02-21 07:54:12"
"69996433325fe4eba702ad36","699858c4325fe4eba7028e0d","image","Education","No","No","Yes",0,0,"2026-02-21 07:54:02"
"6999643d325fe4eba702ad4a","699858c4325fe4eba7028e0d","image","Education","No","No","Yes",0,0,"2026-02-21 07:53:53"
"6999643a325fe4eba702ad42","699858c4325fe4eba7028e0d","image","Education","No","No","Yes",0,0,"2026-02-21 07:53:19"
"69996402325fe4eba702ac86","69984f7c325fe4eba7027295","image","Family","No","No","Yes",0,0,"2026-02-21 07:53:06"
"6999642d325fe4eba702ad2c","699858c4325fe4eba7028e0d","image","Education","No","No","Yes",0,0,"2026-02-21 07:52:54"
"69996402325fe4eba702ac86","699858c4325fe4eba7028e0d","image","Education","No","No","Yes",0,0,"2026-02-21 07:52:54"
"69996330325fe4eba702a597","699857bd325fe4eba7027c8f","video","Calm","No","No","Yes",0,4,"2026-02-21 07:51:50"
"69996330325fe4eba702a597","69984f7c325fe4eba7027295","image","Family","No","No","Yes",0,0,"2026-02-21 07:51:50"
"69996330325fe4eba702a597","6998589f325fe4eba702887c","video","Motivation","No","No","Yes",0,6,"2026-02-21 07:51:43"
"69996330325fe4eba702a597","699858c4325fe4eba7028e0d","image","Education","No","No","Yes",0,0,"2026-02-21 07:51:27"
"69996358325fe4eba702a6a6","69984e02325fe4eba7023d28","video","Good Morning","No","No","Yes",0,4,"2026-02-21 07:50:34"
"69996358325fe4eba702a6a6","69984daa325fe4eba70230de","video","Good Morning","No","No","Yes",0,2,"2026-02-21 07:50:25"
"69996358325fe4eba702a6a6","69984e94325fe4eba7025258","video","Motivation","No","No","Yes",0,4,"2026-02-21 07:50:15"
"69996358325fe4eba702a6a6","69984f7c325fe4eba7027295","image","Family","No","No","Yes",0,0,"2026-02-21 07:50:02"
"69996358325fe4eba702a6a6","699858c4325fe4eba7028e0d","image","Education","No","No","Yes",0,0,"2026-02-21 07:49:25"
"699962ed325fe4eba702a2c3","699857bd325fe4eba7027c8f","video","Calm","No","No","Yes",0,4,"2026-02-21 07:48:54"
"699962ed325fe4eba702a2c3","69984f7c325fe4eba7027295","image","Family","No","No","Yes",0,0,"2026-02-21 07:48:21"
"6999630f325fe4eba702a462","699858c4325fe4eba7028e0d","image","Education","No","No","Yes",0,0,"2026-02-21 07:48:19"
"699962f6325fe4eba702a2c8","69984f7c325fe4eba7027295","image","Family","No","No","Yes",0,0,"2026-02-21 07:48:03"
"699962ed325fe4eba702a2c3","699858c4325fe4eba7028e0d","image","Education","No","No","Yes",0,0,"2026-02-21 07:47:26"
"699962f6325fe4eba702a2c8","699858c4325fe4eba7028e0d","image","Education","No","No","Yes",0,0,"2026-02-21 07:47:20"
"69996275325fe4eba7029fb6","699858c4325fe4eba7028e0d","image","Education","No","No","Yes",0,0,"2026-02-21 07:45:09"
"690054c6fb26e417408f72a7","699700fe325fe4eba701bf02","image","Motivational Quotes","No","No","Yes",0,0,"2026-02-20 14:53:05"
"690054c6fb26e417408f72a7","69984c41325fe4eba701f135","image","Education","No","No","Yes",0,0,"2026-02-20 14:53:04"
"690054c6fb26e417408f72a7","69984c7e325fe4eba701f7b7","image","Life","No","No","Yes",0,0,"2026-02-20 14:53:03"
"690054c6fb26e417408f72a7","69984cb6325fe4eba702007f","image","Movie","No","No","Yes",0,0,"2026-02-20 14:53:02"
"690054c6fb26e417408f72a7","69984ce6325fe4eba702098d","image","Motivational Quotes","No","No","Yes",0,0,"2026-02-20 14:53:00"
"690054c6fb26e417408f72a7","69984d16325fe4eba7021594","image","Family","No","No","Yes",0,0,"2026-02-20 14:52:59"
"690054c6fb26e417408f72a7","69984d75325fe4eba702279c","image","Good Night","No","No","Yes",0,0,"2026-02-20 14:52:57"
"690054c6fb26e417408f72a7","69984f7c325fe4eba7027295","image","Family","No","No","Yes",0,0,"2026-02-20 14:52:50"
"690054c6fb26e417408f72a7","6998589f325fe4eba702887c","video","Motivation","No","No","Yes",0,6,"2026-02-20 14:52:49"
"690054c6fb26e417408f72a7","699858c4325fe4eba7028e0d","image","Education","No","No","Yes",0,0,"2026-02-20 14:52:11"
"698dd20d2ffac2141d74101a","69984cfc325fe4eba7020ed3","video","Good Morning","No","No","Yes",0,3,"2026-02-20 13:19:50"
"698dd20d2ffac2141d74101a","69984f7c325fe4eba7027295","image","Family","Yes","No","Yes",0,0,"2026-02-20 12:46:20"
"698dd20d2ffac2141d74101a","69984d75325fe4eba702279c","image","Good Night","No","No","Yes",0,0,"2026-02-20 12:03:03"
"698dd20d2ffac2141d74101a","69984cb6325fe4eba702007f","image","Movie","Yes","No","Yes",0,0,"2026-02-20 12:01:46"
"698dd20d2ffac2141d74101a","69984ce6325fe4eba702098d","image","Motivational Quotes","Yes","No","Yes",0,0,"2026-02-20 12:01:41"
"698dd20d2ffac2141d74101a","69984d16325fe4eba7021594","image","Family","No","No","Yes",0,0,"2026-02-20 12:01:41"
"698dd20d2ffac2141d74101a","699700fe325fe4eba701bf02","image","Motivational Quotes","No","No","Yes",0,0,"2026-02-20 11:59:02"
"698dd20d2ffac2141d74101a","69984c7e325fe4eba701f7b7","image","Life","No","No","Yes",0,0,"2026-02-20 11:58:57"
"698dd20d2ffac2141d74101a","69984c41325fe4eba701f135","image","Education","No","No","Yes",0,0,"2026-02-20 11:58:57"
"691c0e526b68b5bc9f69ffd3","69946128b2fbeb55ce5ac9ba","image","Motivation","No","No","Yes",0,0,"2026-02-19 18:11:34"
"691c0e526b68b5bc9f69ffd3","699460fbb2fbeb55ce5ac31a","image","Motivation","No","No","Yes",0,0,"2026-02-19 18:11:34"
"691c0e526b68b5bc9f69ffd3","699461f1b2fbeb55ce5add4c","video","Motivation","No","No","Yes",0,1,"2026-02-19 18:10:40"
"691c0e526b68b5bc9f69ffd3","69946238b2fbeb55ce5ae356","video","Motivation","No","No","Yes",0,1,"2026-02-19 18:10:29"
"691c0e526b68b5bc9f69ffd3","69946265b2fbeb55ce5ae897","video","Motivation","No","No","Yes",0,1,"2026-02-19 18:10:15"
"691c0e526b68b5bc9f69ffd3","699462e3b2fbeb55ce5af64b","video","Motivation","No","No","Yes",0,1,"2026-02-19 18:09:29"
"691c0e526b68b5bc9f69ffd3","6994630ab2fbeb55ce5afba0","video","Motivation","No","No","Yes",0,1,"2026-02-19 18:08:59"
"691c0e526b68b5bc9f69ffd3","69946335b2fbeb55ce5b0238","video","Motivation","No","No","Yes",0,1,"2026-02-19 18:08:38"
"691c0e526b68b5bc9f69ffd3","69957df9e20e8e034dd2d571","image","Good Morning","No","No","Yes",0,0,"2026-02-19 18:08:30"
"691c0e526b68b5bc9f69ffd3","69957e49e20e8e034dd2ddf2","image","Family","No","No","Yes",0,0,"2026-02-19 18:08:28"
"691c0e526b68b5bc9f69ffd3","69957eb0e20e8e034dd2e75c","image","Life","No","No","Yes",0,0,"2026-02-19 18:08:26"
"691c0e526b68b5bc9f69ffd3","69957f24e20e8e034dd2efa9","image","Good Night","No","No","Yes",0,0,"2026-02-19 18:08:25"
"691c0e526b68b5bc9f69ffd3","69957fb2e20e8e034dd2fb5f","image","Movie","No","No","Yes",0,0,"2026-02-19 18:08:23"
"691c0e526b68b5bc9f69ffd3","6995809ae20e8e034dd303c7","image","Motivation","No","No","Yes",0,0,"2026-02-19 18:08:21"
"691c0e526b68b5bc9f69ffd3","69958114e20e8e034dd30b08","image","Education","No","No","Yes",0,0,"2026-02-19 18:08:20"
"691c0e526b68b5bc9f69ffd3","69959a3de20e8e034dd31af8","image","Feeling","No","No","Yes",0,0,"2026-02-19 18:08:18"
"691c0e526b68b5bc9f69ffd3","6995aab6e20e8e034dd32453","video","Motivation","No","No","Yes",0,1,"2026-02-19 18:07:30"
"691c0e526b68b5bc9f69ffd3","6995ac9be20e8e034dd350b1","video","Good Morning","No","No","Yes",0,1,"2026-02-19 18:05:46"
"691c0e526b68b5bc9f69ffd3","6995ace5e20e8e034dd355a9","video","Good Morning","No","No","Yes",0,1,"2026-02-19 18:05:35"
"691c0e526b68b5bc9f69ffd3","6995ad0de20e8e034dd35b42","video","Good Morning","No","No","Yes",0,1,"2026-02-19 18:05:23"
"691c0e526b68b5bc9f69ffd3","6995ad39e20e8e034dd3611d","video","Good Morning","No","No","Yes",0,1,"2026-02-19 18:05:08"
"691c0e526b68b5bc9f69ffd3","6995b183e20e8e034dd367f1","video","Good Morning","No","No","Yes",0,1,"2026-02-19 18:04:41"
"691c0e526b68b5bc9f69ffd3","6995b1f9e20e8e034dd3792e","video","Good Morning","No","No","Yes",0,1,"2026-02-19 18:04:30"
"691c0e526b68b5bc9f69ffd3","6995b806e20e8e034dd39c32","video","Movie","No","No","Yes",0,3,"2026-02-19 18:04:02"
"691c0e526b68b5bc9f69ffd3","6995b878e20e8e034dd3aec2","video","Life","No","No","Yes",0,2,"2026-02-19 18:03:43"
"691c0e526b68b5bc9f69ffd3","6996e972325fe4eba7011890","image","Movie","No","No","Yes",0,0,"2026-02-19 18:03:34"
"691c0e526b68b5bc9f69ffd3","6996e9a4325fe4eba7011f99","image","Good Morning","No","No","Yes",0,0,"2026-02-19 18:03:33"
"691c0e526b68b5bc9f69ffd3","6996e9cb325fe4eba70126f3","image","Family","No","No","Yes",0,0,"2026-02-19 18:03:32"
"691c0e526b68b5bc9f69ffd3","6996e9fb325fe4eba7012c59","image","Life","No","No","Yes",0,0,"2026-02-19 18:03:31"
"691c0e526b68b5bc9f69ffd3","6996ea23325fe4eba70132fd","image","Motivational Quotes","No","No","Yes",0,0,"2026-02-19 18:03:28"
"691c0e526b68b5bc9f69ffd3","6996ea45325fe4eba7013903","image","Good Night","No","No","Yes",0,0,"2026-02-19 18:03:26"
"691c0e526b68b5bc9f69ffd3","6996ea8a325fe4eba7013f53","image","Education","No","No","Yes",0,0,"2026-02-19 18:03:23"
"691c0e526b68b5bc9f69ffd3","6996eb4c325fe4eba70146c9","video","Education","No","No","Yes",0,2,"2026-02-19 18:03:15"
"691c0e526b68b5bc9f69ffd3","6996ebb3325fe4eba7014fee","video","Movie","No","No","Yes",0,3,"2026-02-19 18:02:59"
"691c0e526b68b5bc9f69ffd3","6996f638325fe4eba7015914","video","Happy","No","No","Yes",0,2,"2026-02-19 18:02:46"
"691c0e526b68b5bc9f69ffd3","6996fddb325fe4eba701609b","video","Motivation","No","No","Yes",0,2,"2026-02-19 18:02:36"
"691c0e526b68b5bc9f69ffd3","6996fe0f325fe4eba70166f7","video","Motivation","No","No","Yes",0,1,"2026-02-19 18:02:30"
"691c0e526b68b5bc9f69ffd3","6996ff1c325fe4eba70194b9","video","Good Morning","No","No","Yes",0,1,"2026-02-19 18:02:18"
"691c0e526b68b5bc9f69ffd3","6996ff43325fe4eba7019a6d","video","Good Morning","No","No","Yes",0,2,"2026-02-19 18:01:56"
"691c0e526b68b5bc9f69ffd3","6996ff91325fe4eba701a40b","video","Good Morning","No","No","Yes",0,3,"2026-02-19 18:00:43"
"691c0e526b68b5bc9f69ffd3","69970025325fe4eba701b43e","video","Good Morning","No","No","Yes",0,2,"2026-02-19 18:00:12"
"691c0e526b68b5bc9f69ffd3","69970055325fe4eba701b9c4","video","Good Morning","No","No","Yes",0,1,"2026-02-19 17:59:41"
"691c0e526b68b5bc9f69ffd3","699700fe325fe4eba701bf02","image","Motivational Quotes","No","No","Yes",0,0,"2026-02-19 17:59:34"
"691474336f3817fc8d6a0c12","699700fe325fe4eba701bf02","image","Motivational Quotes","No","No","Yes",0,0,"2026-02-19 14:36:34"
"6909ef4b3c6874ef786b2267","6996ff67325fe4eba7019f53","video","Good Morning","No","No","Yes",0,2,"2026-02-19 13:27:25"
"6909ef4b3c6874ef786b2267","6996e972325fe4eba7011890","image","Movie","No","No","Yes",0,0,"2026-02-19 13:27:05"
"6909ef4b3c6874ef786b2267","6996ea23325fe4eba70132fd","image","Motivational Quotes","No","No","Yes",0,0,"2026-02-19 13:27:01"
"6909ef4b3c6874ef786b2267","6996e9fb325fe4eba7012c59","image","Life","No","No","Yes",0,0,"2026-02-19 13:27:01"
"6909ef4b3c6874ef786b2267","6996e9cb325fe4eba70126f3","image","Family","No","No","Yes",0,0,"2026-02-19 13:27:01"
"6909ef4b3c6874ef786b2267","6996e9a4325fe4eba7011f99","image","Good Morning","No","No","Yes",0,0,"2026-02-19 13:27:01"
"6909ef4b3c6874ef786b2267","6996ebb3325fe4eba7014fee","video","Movie","No","No","Yes",0,3,"2026-02-19 13:26:52"
"6909ef4b3c6874ef786b2267","6996eb4c325fe4eba70146c9","video","Education","No","No","Yes",0,2,"2026-02-19 13:26:46"
"6909ef4b3c6874ef786b2267","6996ea8a325fe4eba7013f53","image","Education","No","No","Yes",0,0,"2026-02-19 13:26:38"
"6909ef4b3c6874ef786b2267","6996ea45325fe4eba7013903","image","Good Night","No","No","Yes",0,0,"2026-02-19 13:26:38"
"6909ef4b3c6874ef786b2267","6996f638325fe4eba7015914","video","Happy","No","No","Yes",0,2,"2026-02-19 13:26:32"
"6909ef4b3c6874ef786b2267","699700fe325fe4eba701bf02","image","Motivational Quotes","No","No","Yes",0,0,"2026-02-19 13:25:27"
"69872f34b1cd208b2c0623ef","699700fe325fe4eba701bf02","image","Motivational Quotes","No","No","Yes",0,0,"2026-02-19 12:24:32"
"698dd20d2ffac2141d74101a","6996e9cb325fe4eba70126f3","image","Family","No","No","Yes",0,0,"2026-02-19 10:49:08"
"698dd20d2ffac2141d74101a","6996e9a4325fe4eba7011f99","image","Good Morning","No","No","Yes",0,0,"2026-02-19 10:49:08"
"698dd20d2ffac2141d74101a","6996ea8a325fe4eba7013f53","image","Education","Yes","No","Yes",0,0,"2026-02-19 10:49:06"
"698dd20d2ffac2141d74101a","6996e9fb325fe4eba7012c59","image","Life","No","No","Yes",0,0,"2026-02-19 10:49:06"
"698dd20d2ffac2141d74101a","6996ea45325fe4eba7013903","image","Good Night","No","No","Yes",0,0,"2026-02-19 10:49:06"
"698dd20d2ffac2141d74101a","6996ea23325fe4eba70132fd","image","Motivational Quotes","No","No","Yes",0,0,"2026-02-19 10:49:06"
"698dd20d2ffac2141d74101a","69957e49e20e8e034dd2ddf2","image","Family","No","No","Yes",0,0,"2026-02-19 10:44:12"
"698dd20d2ffac2141d74101a","69957f24e20e8e034dd2efa9","image","Good Night","No","No","Yes",0,0,"2026-02-19 10:44:12"
"698dd20d2ffac2141d74101a","69957eb0e20e8e034dd2e75c","image","Life","No","No","Yes",0,0,"2026-02-19 10:44:12"
"698dd20d2ffac2141d74101a","6996e972325fe4eba7011890","image","Movie","Yes","No","Yes",0,0,"2026-02-19 10:44:09"
"698dd20d2ffac2141d74101a","69958114e20e8e034dd30b08","image","Education","Yes","No","Yes",0,0,"2026-02-19 10:42:06"
"698dd20d2ffac2141d74101a","6995809ae20e8e034dd303c7","image","Motivation","No","No","Yes",0,0,"2026-02-19 10:42:06"
"698dd20d2ffac2141d74101a","69957fb2e20e8e034dd2fb5f","image","Movie","No","No","Yes",0,0,"2026-02-19 10:42:06"
"698dd20d2ffac2141d74101a","69959a3de20e8e034dd31af8","image","Feeling","No","No","Yes",0,0,"2026-02-19 10:42:06"
"6909ef4b3c6874ef786b2267","6995b806e20e8e034dd39af1","video","Education","No","No","Yes",0,2,"2026-02-19 09:17:01"
"698dd20d2ffac2141d74101a","699411012f05ad3205f859fd","video","Life","No","No","Yes",0,1,"2026-02-17 06:56:38"
"698dd20d2ffac2141d74101a","699408c62f05ad3205f84310","video","Education","No","No","Yes",0,1,"2026-02-17 06:56:22"
"698dd20d2ffac2141d74101a","69930e622f05ad3205f705ae","video","Self Confidence","No","No","Yes",0,1,"2026-02-17 06:14:19"
"698dd20d2ffac2141d74101a","6993f3ff2f05ad3205f79c2c","video","Dad Emotional","No","No","Yes",0,2,"2026-02-17 05:34:17"
"698dd20d2ffac2141d74101a","6993fd472f05ad3205f7fb43","video","Friendship","No","No","Yes",0,2,"2026-02-17 05:32:13"
"698dd20d2ffac2141d74101a","6993fa6b2f05ad3205f7cb23","video","Friendship","Yes","No","Yes",0,2,"2026-02-17 05:28:27"
"698dd20d2ffac2141d74101a","6993fc5e2f05ad3205f7ef43","unknown","Uncategorized","No","No","Yes",0,1,"2026-02-17 05:28:08"
"698dd20d2ffac2141d74101a","6993fc042f05ad3205f7e257","unknown","Uncategorized","No","No","Yes",0,1,"2026-02-17 05:26:58"
"698dd20d2ffac2141d74101a","6993fad22f05ad3205f7d22e","video","Friendship","No","No","Yes",0,1,"2026-02-17 05:25:54"
"698dd20d2ffac2141d74101a","6993fb8d2f05ad3205f7d9eb","video","Friendship","No","No","Yes",0,2,"2026-02-17 05:25:45"
"695e2e3bc7c9d0251c6cf3f4","6993f5262f05ad3205f7a811","video","Friendship","No","No","Yes",0,1,"2026-02-17 05:22:12"
"695e2e3bc7c9d0251c6cf3f4","6993f5662f05ad3205f7aea5","video","Friendship","No","No","Yes",0,1,"2026-02-17 05:22:08"
"695e2e3bc7c9d0251c6cf3f4","6993f5a92f05ad3205f7b554","video","Friendship","No","No","Yes",0,2,"2026-02-17 05:21:59"
"695e2e3bc7c9d0251c6cf3f4","6993f6492f05ad3205f7be4d","video","Friendship","No","No","Yes",0,2,"2026-02-17 05:21:49"
"695e2e3bc7c9d0251c6cf3f4","6993f9f02f05ad3205f7c535","video","Friendship","No","No","Yes",0,1,"2026-02-17 05:21:34"
"698dd20d2ffac2141d74101a","6993f6492f05ad3205f7be4d","video","Friendship","No","No","Yes",0,2,"2026-02-17 05:02:50"
"698dd20d2ffac2141d74101a","6993f5a92f05ad3205f7b554","video","Friendship","No","No","Yes",0,2,"2026-02-17 04:59:30"
"698dd20d2ffac2141d74101a","699317aa2f05ad3205f77817","video","Friendship","No","No","Yes",0,1,"2026-02-17 04:43:14"
"698dd20d2ffac2141d74101a","699315592f05ad3205f73166","video","Devotional","No","No","Yes",0,1,"2026-02-17 04:41:05"
"698dd20d2ffac2141d74101a","699316082f05ad3205f74249","video","Tourism","No","No","Yes",0,1,"2026-02-17 04:40:57"
"691474336f3817fc8d6a0c12","69929da52f05ad3205f5ddbf","image","Education","No","No","Yes",0,0,"2026-02-17 04:40:51"
"691474336f3817fc8d6a0c12","69929d1c2f05ad3205f5c9cb","image","Emotional","No","No","Yes",0,0,"2026-02-17 04:40:51"
"691474336f3817fc8d6a0c12","69929c6b2f05ad3205f5b844","image","Motivational Quotes","No","No","Yes",0,0,"2026-02-17 04:40:51"
"698dd20d2ffac2141d74101a","6993163f2f05ad3205f7480f","video","Tourism","No","No","Yes",0,1,"2026-02-17 04:40:49"
"691474336f3817fc8d6a0c12","6992a7352f05ad3205f6694e","video","Life","No","No","Yes",0,2,"2026-02-17 04:40:44"
"691474336f3817fc8d6a0c12","69930bd92f05ad3205f6c494","image","Motivational Quotes","No","No","Yes",0,0,"2026-02-17 04:40:03"
"690054c6fb26e417408f72a7","69930b072f05ad3205f6b1a1","image","Motivational Quotes","No","No","Yes",0,0,"2026-02-16 14:21:37"
"690054c6fb26e417408f72a7","69930b322f05ad3205f6b77e","image","Motivational Quotes","No","No","Yes",0,0,"2026-02-16 14:21:37"
"690054c6fb26e417408f72a7","69930bd92f05ad3205f6c494","image","Motivational Quotes","No","No","Yes",0,0,"2026-02-16 14:21:37"
"690054c6fb26e417408f72a7","69930adb2f05ad3205f6ab52","image","Motivational Quotes","No","No","Yes",0,0,"2026-02-16 14:21:37"
"690054c6fb26e417408f72a7","69930bad2f05ad3205f6be13","image","Motivational Quotes","No","No","Yes",0,0,"2026-02-16 14:21:37"
"690054c6fb26e417408f72a7","69930a952f05ad3205f6a4fd","image","Motivational Quotes","No","No","Yes",0,0,"2026-02-16 14:21:37"
"698dd20d2ffac2141d74101a","69930a952f05ad3205f6a4fd","image","Motivational Quotes","No","No","Yes",0,0,"2026-02-16 12:57:08"
"698dd20d2ffac2141d74101a","69930adb2f05ad3205f6ab52","image","Motivational Quotes","No","No","Yes",0,0,"2026-02-16 12:57:08"
"698dd20d2ffac2141d74101a","69930b072f05ad3205f6b1a1","image","Motivational Quotes","No","No","Yes",0,0,"2026-02-16 12:57:07"
"698dd20d2ffac2141d74101a","69930bd92f05ad3205f6c494","image","Motivational Quotes","No","No","Yes",0,0,"2026-02-16 12:57:06"
"698dd20d2ffac2141d74101a","69930bad2f05ad3205f6be13","image","Motivational Quotes","No","No","Yes",0,0,"2026-02-16 12:57:06"
"698dd20d2ffac2141d74101a","69930b322f05ad3205f6b77e","image","Motivational Quotes","No","No","Yes",0,0,"2026-02-16 12:57:06"
"69872f34b1cd208b2c0623ef","69930bad2f05ad3205f6be13","image","Motivational Quotes","No","No","Yes",0,0,"2026-02-16 12:33:41"
"69872f34b1cd208b2c0623ef","69930bd92f05ad3205f6c494","image","Motivational Quotes","No","No","Yes",0,0,"2026-02-16 12:33:40"
"698ed1a92ffac2141d743243","69930b072f05ad3205f6b1a1","image","Motivational Quotes","No","No","Yes",0,0,"2026-02-16 12:26:16"
"698ed1a92ffac2141d743243","69930a952f05ad3205f6a4fd","image","Motivational Quotes","No","No","Yes",0,0,"2026-02-16 12:26:16"
"698ed1a92ffac2141d743243","69930adb2f05ad3205f6ab52","image","Motivational Quotes","No","No","Yes",0,0,"2026-02-16 12:26:16"
"698ed1a92ffac2141d743243","69930b322f05ad3205f6b77e","image","Motivational Quotes","No","No","Yes",0,0,"2026-02-16 12:26:16"
"698ed1a92ffac2141d743243","69930bd92f05ad3205f6c494","image","Motivational Quotes","No","No","Yes",0,0,"2026-02-16 12:25:51"
"698ed1a92ffac2141d743243","69930bad2f05ad3205f6be13","image","Motivational Quotes","No","No","Yes",0,0,"2026-02-16 12:25:51"
"691474336f3817fc8d6a0c12","69930bad2f05ad3205f6be13","image","Motivational Quotes","No","No","Yes",0,0,"2026-02-16 12:21:17"
"691474336f3817fc8d6a0c12","69930b322f05ad3205f6b77e","image","Motivational Quotes","No","No","Yes",0,0,"2026-02-16 12:21:17"
"691474336f3817fc8d6a0c12","69930b072f05ad3205f6b1a1","image","Motivational Quotes","No","No","Yes",0,0,"2026-02-16 12:21:17"
"691474336f3817fc8d6a0c12","69930adb2f05ad3205f6ab52","image","Motivational Quotes","No","No","Yes",0,0,"2026-02-16 12:21:17"
"69872f34b1cd208b2c0623ef","69930b072f05ad3205f6b1a1","image","Motivational Quotes","No","No","Yes",0,0,"2026-02-16 12:19:02"
"69872f34b1cd208b2c0623ef","69930b322f05ad3205f6b77e","image","Motivational Quotes","No","No","Yes",0,0,"2026-02-16 12:19:02"
"69872f34b1cd208b2c0623ef","69930adb2f05ad3205f6ab52","image","Motivational Quotes","No","No","Yes",0,0,"2026-02-16 12:19:02"
"691474336f3817fc8d6a0c12","69930a952f05ad3205f6a4fd","image","Motivational Quotes","No","No","Yes",0,0,"2026-02-16 12:16:29"
"69872f34b1cd208b2c0623ef","69930a952f05ad3205f6a4fd","image","Motivational Quotes","No","No","Yes",0,0,"2026-02-16 12:16:23"
"69872f34b1cd208b2c0623ef","6992a0322f05ad3205f602db","video","Good Evening","No","No","Yes",0,1,"2026-02-16 12:14:45"
"69872f34b1cd208b2c0623ef","6992a0792f05ad3205f60a6a","video","Good Afternoon","No","No","Yes",0,1,"2026-02-16 12:14:35"
"69872f34b1cd208b2c0623ef","6992a6d32f05ad3205f662d6","video","Dad Emotional","No","No","Yes",0,2,"2026-02-16 12:14:13"
"69872f34b1cd208b2c0623ef","6992a7352f05ad3205f6694e","video","Life","No","No","Yes",0,2,"2026-02-16 12:14:05"
"69872f34b1cd208b2c0623ef","6992a7e72f05ad3205f6709d","video","Life","No","No","Yes",0,1,"2026-02-16 12:13:53"
"69872f34b1cd208b2c0623ef","6992ae522f05ad3205f699a1","video","Emotional","No","No","Yes",0,4,"2026-02-16 12:13:34"
"69872f34b1cd208b2c0623ef","6992ac0e2f05ad3205f68e8c","video","Love","No","No","Yes",0,1,"2026-02-16 12:13:22"
"69872f34b1cd208b2c0623ef","6992abbd2f05ad3205f68864","video","Love","No","No","Yes",0,1,"2026-02-16 12:13:11"
"69872f34b1cd208b2c0623ef","69929c6b2f05ad3205f5b844","image","Motivational Quotes","No","No","Yes",0,0,"2026-02-16 12:12:47"
"69872f34b1cd208b2c0623ef","69929d1c2f05ad3205f5c9cb","image","Emotional","No","No","Yes",0,0,"2026-02-16 12:12:46"
"69872f34b1cd208b2c0623ef","69929da52f05ad3205f5ddbf","image","Education","No","No","Yes",0,0,"2026-02-16 12:12:46"
"690054c6fb26e417408f72a7","69929c6b2f05ad3205f5b844","image","Motivational Quotes","No","No","Yes",0,0,"2026-02-16 11:52:05"
"690054c6fb26e417408f72a7","69929d1c2f05ad3205f5c9cb","image","Emotional","No","No","Yes",0,0,"2026-02-16 11:52:01"
"690054c6fb26e417408f72a7","69929da52f05ad3205f5ddbf","image","Education","No","No","Yes",0,0,"2026-02-16 11:51:59"
"690054c6fb26e417408f72a7","6992a0d42f05ad3205f611bc","video","Good Afternoon","No","No","Yes",0,1,"2026-02-16 11:51:52"
"698dd20d2ffac2141d74101a","6992a2082f05ad3205f6278d","video","Good Afternoon","No","No","Yes",0,1,"2026-02-16 05:02:13"
"698dd20d2ffac2141d74101a","6992a1d42f05ad3205f61fd6","video","Good Afternoon","No","No","Yes",0,1,"2026-02-16 05:02:13"
"698dd20d2ffac2141d74101a","6992a2492f05ad3205f62f28","video","Good Night","No","No","Yes",0,1,"2026-02-16 05:02:13"
"698dd20d2ffac2141d74101a","69929e422f05ad3205f5e46f","unknown","Uncategorized","No","No","Yes",0,0,"2026-02-16 04:35:00"
"698dd20d2ffac2141d74101a","69929da52f05ad3205f5ddbf","image","Education","No","No","Yes",0,0,"2026-02-16 04:31:35"
"698dd20d2ffac2141d74101a","69929d672f05ad3205f5d03e","unknown","Uncategorized","No","No","Yes",0,0,"2026-02-16 04:30:35"
"698dd20d2ffac2141d74101a","69929d1c2f05ad3205f5c9cb","image","Emotional","No","No","Yes",0,0,"2026-02-16 04:29:27"
"698dd20d2ffac2141d74101a","69929cc12f05ad3205f5be26","unknown","Uncategorized","No","No","Yes",0,0,"2026-02-16 04:27:49"
"698dd20d2ffac2141d74101a","69929c6b2f05ad3205f5b844","image","Motivational Quotes","No","No","Yes",0,0,"2026-02-16 04:26:21"
"698dd20d2ffac2141d74101a","69929bfe2f05ad3205f5aaa1","unknown","Uncategorized","No","No","Yes",0,0,"2026-02-16 04:24:36"
"698dd20d2ffac2141d74101a","69905c382f05ad3205f488ce","video","Festival Wishes","No","No","Yes",0,2,"2026-02-16 04:21:48"
"698dd20d2ffac2141d74101a","69905c382f05ad3205f48795","video","Motivational Quotes","No","No","Yes",0,1,"2026-02-16 04:21:48"
"698dd20d2ffac2141d74101a","69905db72f05ad3205f4c2c6","image","Love","No","No","Yes",0,0,"2026-02-16 04:20:41"
"698dd20d2ffac2141d74101a","69905db82f05ad3205f4c7b4","image","Education","No","No","Yes",0,0,"2026-02-16 04:20:40"
"698dd20d2ffac2141d74101a","69905db82f05ad3205f4c67b","image","Education","No","No","Yes",0,0,"2026-02-16 04:20:40"
"698dd20d2ffac2141d74101a","69905db82f05ad3205f4c8ed","image","Education","No","No","Yes",0,0,"2026-02-16 04:20:39"
"698dd20d2ffac2141d74101a","699071352f05ad3205f51b75","image","Positive Thinking","No","No","Yes",0,0,"2026-02-16 04:20:34"
"698dd20d2ffac2141d74101a","699073472f05ad3205f557ed","image","Motivational Quotes","No","No","Yes",0,0,"2026-02-16 04:20:28"
"698dd20d2ffac2141d74101a","699073972f05ad3205f55fbe","image","Positive Thinking","No","No","Yes",0,0,"2026-02-16 04:20:28"
"690054c6fb26e417408f72a7","6990237e90a65cd9632e1134","video","Sad","No","No","Yes",0,1,"2026-02-15 06:27:55"
"690054c6fb26e417408f72a7","699071df2f05ad3205f52b98","video","Valentine’s Day","No","No","Yes",0,1,"2026-02-15 06:27:49"
"690054c6fb26e417408f72a7","699055e72f05ad3205f3899b","video","Jesus","No","No","Yes",0,1,"2026-02-14 21:42:38"
"690054c6fb26e417408f72a7","699055e72f05ad3205f38ad2","video","God","No","No","Yes",0,1,"2026-02-14 21:42:33"
"690054c6fb26e417408f72a7","699055e72f05ad3205f38c0b","video","Spiritual","No","No","Yes",0,2,"2026-02-14 21:42:27"
"690054c6fb26e417408f72a7","699055e72f05ad3205f38e7e","video","God","No","No","Yes",0,2,"2026-02-14 21:42:17"
"690054c6fb26e417408f72a7","6990572c2f05ad3205f3c239","video","Love","No","No","Yes",0,2,"2026-02-14 21:42:07"
"690054c6fb26e417408f72a7","699058492f05ad3205f3f67a","video","Love","No","No","Yes",0,1,"2026-02-14 21:41:58"
"690054c6fb26e417408f72a7","6990584a2f05ad3205f3fb88","video","Love","No","No","Yes",0,1,"2026-02-14 21:41:44"
"690054c6fb26e417408f72a7","69905a142f05ad3205f43eab","video","Love, Father’s Day","No","No","Yes",0,1,"2026-02-14 21:41:30"
"690054c6fb26e417408f72a7","69905c382f05ad3205f48523","video","Inspiration","No","No","Yes",0,2,"2026-02-14 21:41:20"
"690054c6fb26e417408f72a7","69905c382f05ad3205f4865c","video","Festival Wishes","No","No","Yes",0,1,"2026-02-14 21:41:15"
"690054c6fb26e417408f72a7","69905c382f05ad3205f488ce","video","Festival Wishes","No","No","Yes",0,2,"2026-02-14 21:41:06"
"690054c6fb26e417408f72a7","69905db72f05ad3205f4c2c6","image","Love","No","No","Yes",0,0,"2026-02-14 21:41:01"
"690054c6fb26e417408f72a7","69905db72f05ad3205f4c2d0","video","Love","No","No","Yes",0,1,"2026-02-14 21:41:00"
"690054c6fb26e417408f72a7","69905db72f05ad3205f4c409","video","Love","No","No","Yes",0,1,"2026-02-14 21:40:41"
"690054c6fb26e417408f72a7","69905db72f05ad3205f4c542","video","Love","No","No","Yes",0,1,"2026-02-14 21:40:33"
"690054c6fb26e417408f72a7","69905db82f05ad3205f4c67b","image","Education","No","No","Yes",0,0,"2026-02-14 21:40:28"
"690054c6fb26e417408f72a7","69905db82f05ad3205f4c7b4","image","Education","No","No","Yes",0,0,"2026-02-14 21:40:27"
"690054c6fb26e417408f72a7","69905db82f05ad3205f4c8ed","image","Education","No","No","Yes",0,0,"2026-02-14 21:40:21"
"690054c6fb26e417408f72a7","69905db82f05ad3205f4ca26","video","Dialogue Status, Attitude","No","No","Yes",0,1,"2026-02-14 21:40:20"
"690054c6fb26e417408f72a7","69905db82f05ad3205f4cb5f","video","Song Status","No","No","Yes",0,2,"2026-02-14 21:40:02"
"690054c6fb26e417408f72a7","69905f8d2f05ad3205f50340","video","Motivational Quotes","No","No","Yes",0,2,"2026-02-14 21:39:53"
"690054c6fb26e417408f72a7","69905f8d2f05ad3205f5034a","video","Education","No","No","Yes",0,2,"2026-02-14 21:39:44"
"690054c6fb26e417408f72a7","69905f8d2f05ad3205f50483","video","Inspiration","No","No","Yes",0,2,"2026-02-14 21:39:32"
"690054c6fb26e417408f72a7","69905f8d2f05ad3205f505bc","video","Inspiration","No","No","Yes",0,3,"2026-02-14 21:39:10"
"690054c6fb26e417408f72a7","699071352f05ad3205f51b75","image","Positive Thinking","No","No","Yes",0,0,"2026-02-14 21:39:03"
"690054c6fb26e417408f72a7","6990718c2f05ad3205f5253d","video","Valentine’s Day","No","No","Yes",0,1,"2026-02-14 21:39:00"
"690054c6fb26e417408f72a7","699072132f05ad3205f531b9","video","Valentine’s Day","No","No","Yes",0,1,"2026-02-14 21:38:48"
"690054c6fb26e417408f72a7","699072392f05ad3205f536fb","video","Motivational Quotes","No","No","Yes",0,1,"2026-02-14 21:38:37"
"690054c6fb26e417408f72a7","6990237e90a65cd9632e1274","video","Motivational Quotes, Night Motivation, Self Confidence","No","No","Yes",0,1,"2026-02-14 21:38:12"
"690054c6fb26e417408f72a7","699072662f05ad3205f53cdb","video","Self Confidence","No","No","Yes",0,1,"2026-02-14 21:37:54"
"690054c6fb26e417408f72a7","6990728f2f05ad3205f54243","video","Valentine’s Day","No","No","Yes",0,1,"2026-02-14 21:37:37"
"690054c6fb26e417408f72a7","699072fd2f05ad3205f54d82","video","Valentine’s Day","No","No","Yes",0,2,"2026-02-14 21:37:16"
"690054c6fb26e417408f72a7","699073972f05ad3205f55fbe","image","Positive Thinking","Yes","No","Yes",0,0,"2026-02-14 21:36:53"
"69875f7fb1cd208b2c06a6cc","699073472f05ad3205f557ed","image","Motivational Quotes","No","No","Yes",0,0,"2026-02-14 17:28:34"
"69875f7fb1cd208b2c06a6cc","699073972f05ad3205f55fbe","image","Positive Thinking","No","No","Yes",0,0,"2026-02-14 17:28:25"
"690054c6fb26e417408f72a7","699073242f05ad3205f5527d","video","Valentine’s Day","No","No","Yes",0,2,"2026-02-14 16:42:24"
"691474336f3817fc8d6a0c12","69905db82f05ad3205f4c8ed","image","Education","No","No","Yes",0,0,"2026-02-14 16:27:27"
"691474336f3817fc8d6a0c12","699071352f05ad3205f51b75","image","Positive Thinking","No","No","Yes",0,0,"2026-02-14 16:27:27"
"690054c6fb26e417408f72a7","699073472f05ad3205f557ed","image","Motivational Quotes","No","No","Yes",0,0,"2026-02-14 16:25:54"
"690054c6fb26e417408f72a7","699072bd2f05ad3205f548d5","video","Valentine’s Day","No","No","Yes",0,1,"2026-02-14 16:25:50"
"691474336f3817fc8d6a0c12","699073972f05ad3205f55fbe","image","Positive Thinking","No","No","Yes",0,0,"2026-02-14 16:25:21"
"691474336f3817fc8d6a0c12","699073472f05ad3205f557ed","image","Motivational Quotes","No","No","Yes",0,0,"2026-02-14 16:25:21"
"698077c38a81b29c153b4f20","69905db82f05ad3205f4c7b4","image","Education","No","No","Yes",0,0,"2026-02-14 13:45:21"
"698077c38a81b29c153b4f20","69905db82f05ad3205f4c67b","image","Education","No","No","Yes",0,0,"2026-02-14 13:45:21"
"698077c38a81b29c153b4f20","69905db72f05ad3205f4c2c6","image","Love","No","No","Yes",0,0,"2026-02-14 13:45:21"
"698077c38a81b29c153b4f20","69905db82f05ad3205f4c8ed","image","Education","No","No","Yes",0,0,"2026-02-14 13:45:20"
"698077c38a81b29c153b4f20","699071352f05ad3205f51b75","image","Positive Thinking","No","No","Yes",0,0,"2026-02-14 13:45:19"
"698077c38a81b29c153b4f20","699073972f05ad3205f55fbe","image","Positive Thinking","No","No","Yes",0,0,"2026-02-14 13:42:18"
"698077c38a81b29c153b4f20","699073472f05ad3205f557ed","image","Motivational Quotes","No","No","Yes",0,0,"2026-02-14 13:42:18"
"6909ef4b3c6874ef786b2267","699071352f05ad3205f51b75","image","Positive Thinking","No","No","Yes",0,0,"2026-02-14 13:16:54"
"6909ef4b3c6874ef786b2267","699073972f05ad3205f55fbe","image","Positive Thinking","No","No","Yes",0,0,"2026-02-14 13:16:44"
"6909ef4b3c6874ef786b2267","699073472f05ad3205f557ed","image","Motivational Quotes","No","No","Yes",0,0,"2026-02-14 13:16:44"
"695e2e3bc7c9d0251c6cf3f4","699073472f05ad3205f557ed","image","Motivational Quotes","No","No","Yes",0,0,"2026-02-14 13:13:44"
"695e2e3bc7c9d0251c6cf3f4","699073972f05ad3205f55fbe","image","Positive Thinking","No","No","Yes",0,0,"2026-02-14 13:13:44"
"69872f34b1cd208b2c0623ef","699073972f05ad3205f55fbe","image","Positive Thinking","No","No","Yes",0,0,"2026-02-14 13:07:36"
"69872f34b1cd208b2c0623ef","699073472f05ad3205f557ed","image","Motivational Quotes","No","No","Yes",0,0,"2026-02-14 13:06:18"
"695e2e3bc7c9d0251c6cf3f4","69905db82f05ad3205f4cb5f","video","Song Status","Yes","No","No",0,2,"2026-02-14 12:58:12"
"695e2e3bc7c9d0251c6cf3f4","699071352f05ad3205f51b75","image","Positive Thinking","Yes","Yes","No",0,0,"2026-02-14 12:58:12"
"69872f34b1cd208b2c0623ef","699071352f05ad3205f51b75","image","Positive Thinking","No","No","Yes",0,0,"2026-02-14 12:57:30"
"69872f34b1cd208b2c0623ef","6990572c2f05ad3205f3c239","video","Love","No","No","Yes",0,2,"2026-02-14 12:54:54"
"69872f34b1cd208b2c0623ef","6990584a2f05ad3205f3f7bd","video","Love","No","No","Yes",0,1,"2026-02-14 12:54:33"
"69872f34b1cd208b2c0623ef","69905db72f05ad3205f4c2c6","image","Love","No","No","Yes",0,0,"2026-02-14 12:54:11"
"69872f34b1cd208b2c0623ef","69905db82f05ad3205f4c7b4","image","Education","No","No","Yes",0,0,"2026-02-14 12:54:10"
"69872f34b1cd208b2c0623ef","69905db82f05ad3205f4c67b","image","Education","No","No","Yes",0,0,"2026-02-14 12:54:10"
"69872f34b1cd208b2c0623ef","69905db82f05ad3205f4c8ed","image","Education","No","No","Yes",0,0,"2026-02-14 12:54:03"
"6909ef4b3c6874ef786b2267","69905f8d2f05ad3205f505bc","video","Inspiration","No","No","Yes",0,3,"2026-02-14 12:21:29"
"6909ef4b3c6874ef786b2267","69905f8d2f05ad3205f50483","video","Inspiration","No","No","Yes",0,2,"2026-02-14 12:21:29"
"6909ef4b3c6874ef786b2267","69905f8d2f05ad3205f50340","video","Motivational Quotes","No","No","Yes",0,2,"2026-02-14 12:21:29"
"6909ef4b3c6874ef786b2267","69905f8d2f05ad3205f5034a","video","Education","No","No","Yes",0,2,"2026-02-14 12:21:29"
"6909ef4b3c6874ef786b2267","69905db72f05ad3205f4c2c6","image","Love","No","No","Yes",0,0,"2026-02-14 12:19:57"
"6909ef4b3c6874ef786b2267","69905db82f05ad3205f4c7b4","image","Education","No","No","Yes",0,0,"2026-02-14 12:19:56"
"6909ef4b3c6874ef786b2267","69905db82f05ad3205f4c67b","image","Education","No","No","Yes",0,0,"2026-02-14 12:19:56"
"6909ef4b3c6874ef786b2267","69905db82f05ad3205f4c8ed","image","Education","No","No","Yes",0,0,"2026-02-14 12:19:33"
"695e2e3bc7c9d0251c6cf3f4","69905db82f05ad3205f4c8ed","image","Education","No","Yes","Yes",0,0,"2026-02-14 12:03:19"
"695e2e3bc7c9d0251c6cf3f4","6990572c2f05ad3205f3c37b","video","Love","No","Yes","No",0,0,"2026-02-14 11:30:24"
"695e2e3bc7c9d0251c6cf3f4","6990258d90a65cd9632e78b6","video","Pain, Alone","Yes","No","No",0,3,"2026-02-14 10:50:24"
"690054c6fb26e417408f72a7","6990247d90a65cd9632e3dea","video","Life, Motivational Quotes","No","No","Yes",0,2,"2026-02-14 10:48:05"
"690054c6fb26e417408f72a7","6990258d90a65cd9632e7775","video","Alone","No","No","Yes",0,4,"2026-02-14 10:44:09"
"69904f5790a65cd9632eab30","6990258d90a65cd9632e7c5e","video","Sad, Life","No","Yes","Yes",0,3,"2026-02-14 10:42:24"
"69904f5790a65cd9632eab30","698738d5b1cd208b2c068e97","video","Jesus","No","Yes","No",0,9,"2026-02-14 10:41:32"
"690054c6fb26e417408f72a7","6990258d90a65cd9632e7780","video","Happy","No","No","Yes",0,2,"2026-02-14 10:40:46"
"69904f5790a65cd9632eab30","6990258d90a65cd9632e7775","video","Alone","Yes","No","No",0,4,"2026-02-14 10:40:44"
"69904f5790a65cd9632eab30","6990258d90a65cd9632e763f","video","Alone","Yes","No","No",0,2,"2026-02-14 10:40:42"
"690054c6fb26e417408f72a7","698ff99c90a65cd9632aee87","video","Devotional","No","No","Yes",0,3,"2026-02-14 10:36:25"
"69904f5790a65cd9632eab30","6990258d90a65cd9632e78b6","video","Pain, Alone","Yes","No","No",0,3,"2026-02-14 10:33:47"
"69904f5790a65cd9632eab30","6990258d90a65cd9632e79ee","video","Life, Happy","Yes","No","No",0,2,"2026-02-14 10:33:46"
"69904f5790a65cd9632eab30","6990258d90a65cd9632e7b26","video","Song Status","Yes","No","No",0,1,"2026-02-14 10:33:42"
"695e2e3bc7c9d0251c6cf3f4","6990237e90a65cd9632e1134","video","Sad","Yes","Yes","No",0,1,"2026-02-14 10:28:02"
"695e2e3bc7c9d0251c6cf3f4","6990258d90a65cd9632e7b26","video","Song Status","Yes","No","No",0,1,"2026-02-14 10:20:03"
"695e2e3bc7c9d0251c6cf3f4","6990237e90a65cd9632e13b6","video","Alone","Yes","No","No",0,1,"2026-02-14 10:18:56"
"695e2e3bc7c9d0251c6cf3f4","6990258d90a65cd9632e763f","video","Alone","Yes","No","No",0,2,"2026-02-14 10:18:16"
"695e2e3bc7c9d0251c6cf3f4","6990258d90a65cd9632e7775","video","Alone","Yes","No","No",0,4,"2026-02-14 10:18:12"
"695e2e3bc7c9d0251c6cf3f4","6990258d90a65cd9632e7780","video","Happy","Yes","No","No",0,2,"2026-02-14 10:18:09"
"690054c6fb26e417408f72a7","6990258d90a65cd9632e763f","video","Alone","No","No","Yes",0,2,"2026-02-14 10:17:35"
"695e2e3bc7c9d0251c6cf3f4","6990258d90a65cd9632e7c5e","video","Sad, Life","Yes","Yes","No",0,3,"2026-02-14 10:11:50"
"690054c6fb26e417408f72a7","6990258d90a65cd9632e7635","video","Motivational Quotes","No","No","Yes",0,3,"2026-02-14 08:15:37"
"690054c6fb26e417408f72a7","6990125d90a65cd9632c7b53","video","Birthday","No","No","Yes",0,3,"2026-02-14 08:14:48"
"690054c6fb26e417408f72a7","6990237e90a65cd9632e112a","video","Song Status","No","No","Yes",0,1,"2026-02-14 08:14:29"
"690054c6fb26e417408f72a7","6990247d90a65cd9632e406d","video","Birthday","No","No","Yes",0,6,"2026-02-14 08:13:16"
"690054c6fb26e417408f72a7","6990111590a65cd9632c449e","video","Father’s Day","No","No","Yes",0,0,"2026-02-14 08:12:33"
"690054c6fb26e417408f72a7","6990166090a65cd9632ce1cc","video","Education","No","No","Yes",0,0,"2026-02-14 08:11:54"
"690054c6fb26e417408f72a7","6990247d90a65cd9632e3f2a","video","Happy","No","No","Yes",0,0,"2026-02-14 08:08:02"
"6909ef4b3c6874ef786b2267","6990131090a65cd9632c8b3f","video","Birthday","No","No","Yes",0,3,"2026-02-14 08:04:42"
"6909ef4b3c6874ef786b2267","6990125d90a65cd9632c7b5e","video","Birthday","No","No","Yes",0,5,"2026-02-14 08:04:37"
"6909ef4b3c6874ef786b2267","6990247d90a65cd9632e406d","video","Birthday","No","No","Yes",0,6,"2026-02-14 08:03:51"
"6909ef4b3c6874ef786b2267","6990258d90a65cd9632e7635","video","Motivational Quotes","No","No","Yes",0,3,"2026-02-14 08:03:41"
"6909ef4b3c6874ef786b2267","6990258d90a65cd9632e763f","video","Alone","No","No","Yes",0,2,"2026-02-14 08:03:25"
"6909ef4b3c6874ef786b2267","6990258d90a65cd9632e7780","video","Happy","No","No","Yes",0,2,"2026-02-14 08:03:15"
"6909ef4b3c6874ef786b2267","6990258d90a65cd9632e7775","video","Alone","No","No","Yes",0,4,"2026-02-14 08:02:58"
"690054c6fb26e417408f72a7","69900b7690a65cd9632bb2bf","video","Love","No","No","Yes",0,0,"2026-02-14 07:38:32"
"690054c6fb26e417408f72a7","6990166090a65cd9632ce1b8","video","Education","No","No","Yes",0,0,"2026-02-14 07:36:24"
"690054c6fb26e417408f72a7","6990258d90a65cd9632e7c5e","video","Sad, Life","No","No","Yes",0,3,"2026-02-14 07:35:17"
"690054c6fb26e417408f72a7","6990258d90a65cd9632e79ee","video","Life, Happy","No","No","Yes",0,2,"2026-02-14 07:35:17"
"690054c6fb26e417408f72a7","6990258d90a65cd9632e78b6","video","Pain, Alone","No","No","Yes",0,3,"2026-02-14 07:35:17"
"690054c6fb26e417408f72a7","6990258d90a65cd9632e7b26","video","Song Status","No","No","Yes",0,1,"2026-02-14 07:35:17"
"690054c6fb26e417408f72a7","6990166090a65cd9632ce304","video","Education","No","No","Yes",0,0,"2026-02-14 07:32:40"
"690054c6fb26e417408f72a7","6990247d90a65cd9632e41a4","video","Life","No","No","Yes",0,2,"2026-02-14 07:32:19"
"690054c6fb26e417408f72a7","6990125c90a65cd9632c78dc","video","Birthday","No","No","Yes",0,3,"2026-02-14 07:29:43"
"690054c6fb26e417408f72a7","6990143890a65cd9632c9e00","video","Education","No","No","Yes",0,0,"2026-02-14 07:23:27"
"690054c6fb26e417408f72a7","6990166090a65cd9632ce815","video","Education","No","No","Yes",0,1,"2026-02-14 07:09:03"
"690054c6fb26e417408f72a7","6990166090a65cd9632ce6d5","video","Education","No","No","Yes",0,1,"2026-02-14 07:09:02"
"690054c6fb26e417408f72a7","6990166090a65cd9632ce959","video","Education","No","No","Yes",0,1,"2026-02-14 07:09:01"
"690054c6fb26e417408f72a7","6990166190a65cd9632ce973","video","Education","No","No","Yes",0,1,"2026-02-14 06:45:20"
"690054c6fb26e417408f72a7","6990125d90a65cd9632c7b5e","video","Birthday","No","No","Yes",0,5,"2026-02-14 06:44:33"
"690054c6fb26e417408f72a7","69900b7690a65cd9632bb400","video","Love","No","No","Yes",0,1,"2026-02-14 06:13:28"
"690054c6fb26e417408f72a7","6990111590a65cd9632c4228","video","Sibling","No","No","Yes",0,2,"2026-02-14 06:11:37"
"690054c6fb26e417408f72a7","6990111590a65cd9632c45dd","video","Father’s Day","No","No","Yes",0,1,"2026-02-14 06:08:06"
"690054c6fb26e417408f72a7","69900b7790a65cd9632bb54f","video","Love","No","No","Yes",0,2,"2026-02-14 05:48:07"
"690054c6fb26e417408f72a7","69900b7790a65cd9632bb7ea","video","Love","No","No","Yes",0,1,"2026-02-14 05:48:06"
"690054c6fb26e417408f72a7","69900b7790a65cd9632bb6a4","video","Love","No","No","Yes",0,1,"2026-02-14 05:48:06"
"690054c6fb26e417408f72a7","69900b7790a65cd9632bb695","video","Love","No","No","Yes",0,2,"2026-02-14 05:48:06"
"690054c6fb26e417408f72a7","699007ba90a65cd9632b3248","unknown","Uncategorized","No","No","Yes",0,1,"2026-02-14 05:33:48"
"690054c6fb26e417408f72a7","699007ba90a65cd9632b34b9","unknown","Uncategorized","No","No","Yes",0,1,"2026-02-14 05:30:04"
"690054c6fb26e417408f72a7","699007fc90a65cd9632b3c61","unknown","Uncategorized","No","No","Yes",0,1,"2026-02-14 05:30:00"
"695e2e3bc7c9d0251c6cf3f4","698ffa5e90a65cd9632af93b","video","Devotional","No","No","Yes",0,4,"2026-02-14 05:18:16"
"695e2e3bc7c9d0251c6cf3f4","698ffae390a65cd9632b0162","video","Devotional","No","No","Yes",0,4,"2026-02-14 05:18:16"
"6909ef4b3c6874ef786b2267","698ff8f390a65cd9632ae88d","video","Devotional","No","No","Yes",0,2,"2026-02-14 05:02:19"
"6909ef4b3c6874ef786b2267","698ffa5e90a65cd9632af93b","video","Devotional","No","No","Yes",0,4,"2026-02-14 05:01:49"
"6909ef4b3c6874ef786b2267","698ffae390a65cd9632b0162","video","Devotional","No","No","Yes",0,4,"2026-02-14 05:01:16"
"695e2e3bc7c9d0251c6cf3f4","698ffbe190a65cd9632b0595","unknown","Uncategorized","No","No","Yes",0,0,"2026-02-14 04:57:58"
"695e2e3bc7c9d0251c6cf3f4","698ffb7b90a65cd9632b03c5","unknown","Uncategorized","No","No","Yes",0,0,"2026-02-14 04:57:58"
"691474336f3817fc8d6a0c12","698ffbe190a65cd9632b0595","unknown","Uncategorized","No","No","Yes",0,0,"2026-02-14 04:43:57"
"691474336f3817fc8d6a0c12","698ffb7b90a65cd9632b03c5","unknown","Uncategorized","No","No","Yes",0,0,"2026-02-14 04:43:57"
"690054c6fb26e417408f72a7","698ffa5e90a65cd9632af93b","video","Devotional","No","No","Yes",0,4,"2026-02-14 04:40:33"
"690054c6fb26e417408f72a7","698ffae390a65cd9632b0162","video","Devotional","No","No","Yes",0,4,"2026-02-14 04:40:33"
"690054c6fb26e417408f72a7","698ffbe190a65cd9632b0595","unknown","Uncategorized","No","No","Yes",0,0,"2026-02-14 04:39:16"
"6909ef4b3c6874ef786b2267","698ffbe190a65cd9632b0595","unknown","Uncategorized","No","No","Yes",0,0,"2026-02-14 04:37:01"
"690054c6fb26e417408f72a7","698ffb7b90a65cd9632b03c5","unknown","Uncategorized","No","No","Yes",0,0,"2026-02-14 04:35:26"
"6909ef4b3c6874ef786b2267","698ffb7b90a65cd9632b03c5","unknown","Uncategorized","No","No","Yes",0,0,"2026-02-14 04:35:17"
"691474336f3817fc8d6a0c12","698ff99c90a65cd9632aee87","video","Devotional","No","No","Yes",0,3,"2026-02-14 04:27:48"
"691474336f3817fc8d6a0c12","698ff8f390a65cd9632ae88d","video","Devotional","No","No","Yes",0,2,"2026-02-14 04:27:48"
"698ed1a92ffac2141d743243","698daf3f2ffac2141d73f053","video","Valentine’s Day","No","No","Yes",0,12,"2026-02-14 04:23:06"
"698ed1a92ffac2141d743243","698ee6792ffac2141d7457a2","image","Good Morning","No","No","Yes",0,0,"2026-02-14 04:22:31"
"69872f34b1cd208b2c0623ef","698dbd862ffac2141d73fe80","image","Motivational Quotes","No","No","Yes",0,0,"2026-02-14 04:20:01"
"69872f34b1cd208b2c0623ef","698ee6792ffac2141d7457a2","image","Good Morning","No","No","Yes",0,0,"2026-02-14 04:20:01"
"691474336f3817fc8d6a0c12","698c84b3b1cd208b2c077bda","video","Devotional","Yes","No","Yes",0,10,"2026-02-13 14:36:45"
"691474336f3817fc8d6a0c12","698c8642b1cd208b2c07aeea","video","Devotional","Yes","No","No",0,11,"2026-02-13 14:36:44"
"691474336f3817fc8d6a0c12","69873a35b1cd208b2c06a222","video","Happy","No","No","Yes",0,8,"2026-02-13 14:30:08"
"691474336f3817fc8d6a0c12","698f1a8090a65cd9632acf01","unknown","Uncategorized","No","No","Yes",0,0,"2026-02-13 14:04:46"
"691474336f3817fc8d6a0c12","698f192390a65cd9632abd5d","unknown","Uncategorized","No","No","Yes",0,0,"2026-02-13 14:04:46"
"698dd20d2ffac2141d74101a","698f1a8090a65cd9632acf01","unknown","Uncategorized","No","No","Yes",0,0,"2026-02-13 12:35:21"
"698dd20d2ffac2141d74101a","698f192390a65cd9632abd5d","unknown","Uncategorized","No","No","Yes",0,0,"2026-02-13 12:29:25"
"691474336f3817fc8d6a0c12","698ee6792ffac2141d7457a2","image","Good Morning","Yes","No","Yes",0,0,"2026-02-13 11:51:34"
"6923e91497388df4028311b1","6983565c0ae80c0f92d1e5b9","video","Murugan","No","No","Yes",0,13,"2026-02-13 11:42:54"
"6923e91497388df4028311b1","698ad384b1cd208b2c06f3ce","video","Devotional","No","No","Yes",0,8,"2026-02-13 11:42:15"
"6923e91497388df4028311b1","698ad145b1cd208b2c06da5f","video","Devotional","No","No","Yes",0,8,"2026-02-13 11:38:01"
"6923e91497388df4028311b1","698ad260b1cd208b2c06e416","video","Devotional","No","No","Yes",0,5,"2026-02-13 11:37:55"
"698f036990a65cd9632a8f73","6987365bb1cd208b2c066295","image","Motivational Quotes","No","No","Yes",0,0,"2026-02-13 11:22:37"
"698f036990a65cd9632a8f73","69847b6c1e985f253b406223","image","Motivational Quotes","No","No","Yes",0,0,"2026-02-13 11:22:37"
"698f036990a65cd9632a8f73","698ad260b1cd208b2c06e416","video","Devotional","No","No","Yes",0,5,"2026-02-13 11:18:40"
"6923e91497388df4028311b1","698ad433b1cd208b2c06ffda","video","Devotional","No","No","Yes",0,9,"2026-02-13 11:11:48"
"6923e91497388df4028311b1","698c7e05b1cd208b2c07163d","video","Devotional","No","Yes","Yes",0,7,"2026-02-13 11:09:17"
"698f036990a65cd9632a8f73","698738d5b1cd208b2c068e97","video","Jesus","No","No","Yes",0,9,"2026-02-13 11:09:14"
"6923e91497388df4028311b1","698c84b3b1cd208b2c077bda","video","Devotional","No","No","Yes",0,10,"2026-02-13 11:09:06"
"6923e91497388df4028311b1","698c8752b1cd208b2c07c58b","video","Motivational Quotes","No","No","Yes",0,11,"2026-02-13 11:08:57"
"698f036990a65cd9632a8f73","698acddbb1cd208b2c06c0f7","video","Devotional","No","No","Yes",0,3,"2026-02-13 11:08:52"
"6923e91497388df4028311b1","698dae132ffac2141d73d7e1","video","Valentine’s Day","No","No","Yes",0,10,"2026-02-13 11:08:46"
"698f036990a65cd9632a8f73","698ace1ab1cd208b2c06c8a3","video","Devotional","No","No","Yes",0,4,"2026-02-13 11:08:42"
"698f036990a65cd9632a8f73","698ad0d7b1cd208b2c06d368","video","Devotional","No","No","Yes",0,8,"2026-02-13 11:08:31"
"698f036990a65cd9632a8f73","698ad145b1cd208b2c06da5f","video","Devotional","No","No","Yes",0,8,"2026-02-13 11:08:22"
"6923e91497388df4028311b1","6987365bb1cd208b2c066295","image","Motivational Quotes","No","No","Yes",0,0,"2026-02-13 11:08:03"
"6923e91497388df4028311b1","69847b6c1e985f253b406223","image","Motivational Quotes","No","No","Yes",0,0,"2026-02-13 11:08:03"
"698f036990a65cd9632a8f73","698ad340b1cd208b2c06ecb3","video","Devotional","No","No","Yes",0,6,"2026-02-13 11:07:31"
"6923e91497388df4028311b1","6985fa56d10500fad55c09c7","image","Morning Motivation","No","No","Yes",0,0,"2026-02-13 11:07:31"
"698f036990a65cd9632a8f73","698ad384b1cd208b2c06f3ce","video","Devotional","No","No","Yes",0,8,"2026-02-13 11:07:15"
"698f036990a65cd9632a8f73","698c8752b1cd208b2c07c58b","video","Motivational Quotes","No","No","Yes",0,11,"2026-02-13 11:06:38"
"6923e91497388df4028311b1","698dae712ffac2141d73de0c","video","Valentine’s Day","No","No","Yes",0,9,"2026-02-13 11:05:26"
"691587aef4af6c516dc1caed","698c8752b1cd208b2c07c58b","video","Motivational Quotes","No","No","Yes",0,11,"2026-02-13 11:05:08"
"6923e91497388df4028311b1","698daf3f2ffac2141d73f053","video","Valentine’s Day","No","No","Yes",0,12,"2026-02-13 11:05:03"
"698f036990a65cd9632a8f73","698dae132ffac2141d73d7e1","video","Valentine’s Day","No","No","Yes",0,10,"2026-02-13 11:03:07"
"691587aef4af6c516dc1caed","69873a35b1cd208b2c06a222","video","Happy","No","No","Yes",0,8,"2026-02-13 11:02:52"
"691587aef4af6c516dc1caed","698c8642b1cd208b2c07aeea","video","Devotional","No","No","Yes",0,11,"2026-02-13 11:01:51"
"691587aef4af6c516dc1caed","698dae132ffac2141d73d7e1","video","Valentine’s Day","No","No","Yes",0,10,"2026-02-13 11:01:12"
"6923e91497388df4028311b1","698dbd862ffac2141d73fe80","image","Motivational Quotes","No","No","Yes",0,0,"2026-02-13 10:59:58"
"6923e91497388df4028311b1","698ee6792ffac2141d7457a2","image","Good Morning","No","No","Yes",0,0,"2026-02-13 10:59:57"
"693faf85ab825b23c883bf85","698ee6792ffac2141d7457a2","image","Good Morning","Yes","Yes","Yes",0,0,"2026-02-13 10:59:25"
"693faf85ab825b23c883bf85","698dbd862ffac2141d73fe80","image","Motivational Quotes","Yes","No","Yes",0,0,"2026-02-13 10:59:24"
"693faf85ab825b23c883bf85","6987365bb1cd208b2c066295","image","Motivational Quotes","Yes","No","Yes",0,0,"2026-02-13 10:59:23"
"693faf85ab825b23c883bf85","6985fa56d10500fad55c09c7","image","Morning Motivation","Yes","No","Yes",0,0,"2026-02-13 10:59:22"
"698f036990a65cd9632a8f73","698c7e05b1cd208b2c07163d","video","Devotional","No","No","Yes",0,7,"2026-02-13 10:58:43"
"698f036990a65cd9632a8f73","698ad433b1cd208b2c06ffda","video","Devotional","No","No","Yes",0,9,"2026-02-13 10:58:41"
"698f036990a65cd9632a8f73","698c8642b1cd208b2c07aeea","video","Devotional","No","No","Yes",0,11,"2026-02-13 10:58:40"
"691587aef4af6c516dc1caed","698dae712ffac2141d73de0c","video","Valentine’s Day","No","No","Yes",0,9,"2026-02-13 10:58:34"
"691587aef4af6c516dc1caed","698daf3f2ffac2141d73f053","video","Valentine’s Day","No","No","Yes",0,12,"2026-02-13 10:58:27"
"691474336f3817fc8d6a0c12","698ad145b1cd208b2c06da5f","video","Devotional","No","No","Yes",0,8,"2026-02-13 10:58:25"
"691474336f3817fc8d6a0c12","698ad340b1cd208b2c06ecb3","video","Devotional","No","No","Yes",0,6,"2026-02-13 10:58:16"
"698f036990a65cd9632a8f73","698c84b3b1cd208b2c077bda","video","Devotional","No","No","Yes",0,10,"2026-02-13 10:58:12"
"698f036990a65cd9632a8f73","6985fa56d10500fad55c09c7","image","Morning Motivation","No","No","Yes",0,0,"2026-02-13 10:57:57"
"698f036990a65cd9632a8f73","698dae712ffac2141d73de0c","video","Valentine’s Day","No","No","Yes",0,9,"2026-02-13 10:57:43"
"698f036990a65cd9632a8f73","698daf3f2ffac2141d73f053","video","Valentine’s Day","No","No","Yes",0,12,"2026-02-13 10:57:42"
"698f036990a65cd9632a8f73","698dbd862ffac2141d73fe80","image","Motivational Quotes","No","No","Yes",0,0,"2026-02-13 10:56:58"
"698f036990a65cd9632a8f73","698ee6792ffac2141d7457a2","image","Good Morning","No","No","Yes",0,0,"2026-02-13 10:56:58"
"691474336f3817fc8d6a0c12","698ad384b1cd208b2c06f3ce","video","Devotional","No","No","Yes",0,8,"2026-02-13 10:55:07"
"695e2e3bc7c9d0251c6cf3f4","698dae132ffac2141d73d7e1","video","Valentine’s Day","No","No","Yes",0,10,"2026-02-13 10:54:41"
"691587aef4af6c516dc1caed","69847b6c1e985f253b406223","image","Motivational Quotes","No","No","Yes",0,0,"2026-02-13 10:54:24"
"691587aef4af6c516dc1caed","6987365bb1cd208b2c066295","image","Motivational Quotes","No","No","Yes",0,0,"2026-02-13 10:54:23"
"691587aef4af6c516dc1caed","6985fa56d10500fad55c09c7","image","Morning Motivation","No","No","Yes",0,0,"2026-02-13 10:54:23"
"691587aef4af6c516dc1caed","698dbd862ffac2141d73fe80","image","Motivational Quotes","No","No","Yes",0,0,"2026-02-13 10:54:14"
"691587aef4af6c516dc1caed","698ee6792ffac2141d7457a2","image","Good Morning","No","No","Yes",0,0,"2026-02-13 10:54:14"
"693faf85ab825b23c883bf85","69847b6c1e985f253b406223","image","Motivational Quotes","No","No","Yes",0,0,"2026-02-13 10:53:27"
"693faf85ab825b23c883bf85","6983565c0ae80c0f92d1e5b9","video","Murugan","Yes","No","No",0,13,"2026-02-13 10:52:53"
"693faf85ab825b23c883bf85","69834d0a0ae80c0f92d1e1a8","video","Murugan, Spiritual, Bhakti","Yes","No","No",0,16,"2026-02-13 10:52:52"
"693faf85ab825b23c883bf85","698738d5b1cd208b2c068e97","video","Jesus","Yes","No","No",0,9,"2026-02-13 10:52:37"
"698dd20d2ffac2141d74101a","698ee6792ffac2141d7457a2","image","Good Morning","Yes","No","Yes",0,0,"2026-02-13 10:45:32"
"6909ef4b3c6874ef786b2267","698ee6792ffac2141d7457a2","image","Good Morning","Yes","No","Yes",0,0,"2026-02-13 10:45:22"
"691474336f3817fc8d6a0c12","698ad433b1cd208b2c06ffda","video","Devotional","No","No","Yes",0,9,"2026-02-13 10:37:50"
"691474336f3817fc8d6a0c12","69872cc6b1cd208b2c06217e","video","God Quotes","No","No","Yes",0,9,"2026-02-13 10:06:55"
"691474336f3817fc8d6a0c12","69834d0a0ae80c0f92d1e1a8","video","Murugan, Spiritual, Bhakti","No","No","Yes",0,16,"2026-02-13 10:06:40"
"691474336f3817fc8d6a0c12","698c7e05b1cd208b2c07163d","video","Devotional","No","No","Yes",0,7,"2026-02-13 10:06:02"
"691474336f3817fc8d6a0c12","698ee6e72ffac2141d7462b2","unknown","Uncategorized","No","No","Yes",0,0,"2026-02-13 10:04:32"
"695e2e3bc7c9d0251c6cf3f4","698ee6792ffac2141d7457a2","image","Good Morning","No","Yes","Yes",0,0,"2026-02-13 09:43:29"
"690054c6fb26e417408f72a7","698ee6792ffac2141d7457a2","image","Good Morning","No","No","Yes",0,0,"2026-02-13 09:30:51"
"690054c6fb26e417408f72a7","698ee6e72ffac2141d7462b2","unknown","Uncategorized","No","No","Yes",0,0,"2026-02-13 09:30:51"
"695e2e3bc7c9d0251c6cf3f4","698daf3f2ffac2141d73f053","video","Valentine’s Day","No","Yes","Yes",0,12,"2026-02-13 09:20:26"
"695e2e3bc7c9d0251c6cf3f4","698dae712ffac2141d73de0c","video","Valentine’s Day","No","No","Yes",0,9,"2026-02-13 09:00:22"
"695e2e3bc7c9d0251c6cf3f4","698ee6e72ffac2141d7462b2","unknown","Uncategorized","No","No","Yes",0,0,"2026-02-13 08:56:45"
"698dd20d2ffac2141d74101a","698ee6292ffac2141d744d5f","unknown","Uncategorized","No","No","Yes",0,0,"2026-02-13 08:52:01"
"698dd20d2ffac2141d74101a","698ee4cd2ffac2141d743ff1","unknown","Uncategorized","No","No","Yes",0,0,"2026-02-13 08:46:26"
"698dd20d2ffac2141d74101a","698daf3f2ffac2141d73f053","video","Valentine’s Day","Yes","No","Yes",0,12,"2026-02-13 08:43:26"
"698ed1a92ffac2141d743243","6987365bb1cd208b2c066295","image","Motivational Quotes","No","No","Yes",0,0,"2026-02-13 07:26:51"
"698ed1a92ffac2141d743243","6985fa56d10500fad55c09c7","image","Morning Motivation","No","No","Yes",0,0,"2026-02-13 07:26:51"
"698ed1a92ffac2141d743243","69847b6c1e985f253b406223","image","Motivational Quotes","No","No","Yes",0,0,"2026-02-13 07:26:51"
"698ed1a92ffac2141d743243","698ad145b1cd208b2c06da5f","video","Devotional","No","No","Yes",0,8,"2026-02-13 07:26:45"
"698ed1a92ffac2141d743243","698dbd862ffac2141d73fe80","image","Motivational Quotes","No","No","Yes",0,0,"2026-02-13 07:24:43"
"6909ef4b3c6874ef786b2267","698c7e05b1cd208b2c07163d","video","Devotional","No","No","Yes",0,7,"2026-02-13 05:19:05"
"6909ef4b3c6874ef786b2267","698c84b3b1cd208b2c077bda","video","Devotional","No","No","Yes",0,10,"2026-02-13 05:19:00"
"6909ef4b3c6874ef786b2267","698c8642b1cd208b2c07aeea","video","Devotional","No","No","Yes",0,11,"2026-02-13 05:18:45"
"691474336f3817fc8d6a0c12","698dae712ffac2141d73de0c","video","Valentine’s Day","No","No","Yes",0,9,"2026-02-13 05:02:37"
"691474336f3817fc8d6a0c12","698daf3f2ffac2141d73f053","video","Valentine’s Day","No","No","Yes",0,12,"2026-02-13 05:02:37"
"691474336f3817fc8d6a0c12","698dae132ffac2141d73d7e1","video","Valentine’s Day","No","No","Yes",0,10,"2026-02-13 05:02:37"
"691474336f3817fc8d6a0c12","6985fa56d10500fad55c09c7","image","Morning Motivation","No","No","Yes",0,0,"2026-02-13 04:57:22"
"691474336f3817fc8d6a0c12","69847b6c1e985f253b406223","image","Motivational Quotes","No","No","Yes",0,0,"2026-02-13 04:57:22"
"691474336f3817fc8d6a0c12","6987365bb1cd208b2c066295","image","Motivational Quotes","No","No","Yes",0,0,"2026-02-13 04:57:21"
"691474336f3817fc8d6a0c12","698dbd862ffac2141d73fe80","image","Motivational Quotes","Yes","No","Yes",0,0,"2026-02-13 04:57:08"
"691c0e526b68b5bc9f69ffd3","698c8642b1cd208b2c07aeea","video","Devotional","No","No","Yes",0,11,"2026-02-12 18:41:30"
"691c0e526b68b5bc9f69ffd3","6983565c0ae80c0f92d1e5b9","video","Murugan","No","No","Yes",0,13,"2026-02-12 18:40:08"
"691c0e526b68b5bc9f69ffd3","69834d0a0ae80c0f92d1e1a8","video","Murugan, Spiritual, Bhakti","No","No","Yes",0,16,"2026-02-12 18:39:59"
"691c0e526b68b5bc9f69ffd3","69847b6c1e985f253b406223","image","Motivational Quotes","No","No","Yes",0,0,"2026-02-12 18:39:40"
"691c0e526b68b5bc9f69ffd3","6985fa56d10500fad55c09c7","image","Morning Motivation","No","No","Yes",0,0,"2026-02-12 18:39:38"
"691c0e526b68b5bc9f69ffd3","698c84b3b1cd208b2c077bda","video","Devotional","No","No","Yes",0,10,"2026-02-12 18:38:56"
"691c0e526b68b5bc9f69ffd3","698dae712ffac2141d73de0c","video","Valentine’s Day","No","No","Yes",0,9,"2026-02-12 18:38:34"
"691c0e526b68b5bc9f69ffd3","6987365bb1cd208b2c066295","image","Motivational Quotes","Yes","No","Yes",0,0,"2026-02-12 18:38:15"
"691c0e526b68b5bc9f69ffd3","698738d5b1cd208b2c068e97","video","Jesus","Yes","No","Yes",0,9,"2026-02-12 18:38:13"
"691c0e526b68b5bc9f69ffd3","698ad0d7b1cd208b2c06d368","video","Devotional","Yes","No","Yes",0,8,"2026-02-12 18:37:53"
"691c0e526b68b5bc9f69ffd3","698ad145b1cd208b2c06da5f","video","Devotional","Yes","No","No",0,8,"2026-02-12 18:37:40"
"691c0e526b68b5bc9f69ffd3","698ad260b1cd208b2c06e416","video","Devotional","Yes","No","No",0,5,"2026-02-12 18:37:36"
"691c0e526b68b5bc9f69ffd3","698ad384b1cd208b2c06f3ce","video","Devotional","No","No","Yes",0,8,"2026-02-12 18:37:27"
"691c0e526b68b5bc9f69ffd3","698ad433b1cd208b2c06ffda","video","Devotional","No","No","Yes",0,9,"2026-02-12 18:37:22"
"691c0e526b68b5bc9f69ffd3","698c7e05b1cd208b2c07163d","video","Devotional","Yes","No","Yes",0,7,"2026-02-12 18:37:18"
"691c0e526b68b5bc9f69ffd3","698daf3f2ffac2141d73f053","video","Valentine’s Day","No","No","Yes",0,12,"2026-02-12 18:36:36"
"691c0e526b68b5bc9f69ffd3","698dbd862ffac2141d73fe80","image","Motivational Quotes","No","No","Yes",0,0,"2026-02-12 18:36:21"
"6909ef4b3c6874ef786b2267","698dbd862ffac2141d73fe80","image","Motivational Quotes","No","No","Yes",0,0,"2026-02-12 13:35:55"
"690054c6fb26e417408f72a7","698daf3f2ffac2141d73f053","video","Valentine’s Day","No","No","Yes",0,12,"2026-02-12 13:25:33"
"690054c6fb26e417408f72a7","698dae712ffac2141d73de0c","video","Valentine’s Day","No","No","Yes",0,9,"2026-02-12 13:25:33"
"690054c6fb26e417408f72a7","698dae132ffac2141d73d7e1","video","Valentine’s Day","No","No","Yes",0,10,"2026-02-12 13:25:23"
"690054c6fb26e417408f72a7","698dd2fe2ffac2141d741a36","unknown","Uncategorized","No","No","Yes",0,0,"2026-02-12 13:20:34"
"690054c6fb26e417408f72a7","698dd1742ffac2141d740df8","unknown","Uncategorized","No","No","Yes",0,0,"2026-02-12 13:20:34"
"690054c6fb26e417408f72a7","698dbd862ffac2141d73fe80","image","Motivational Quotes","No","No","Yes",0,0,"2026-02-12 13:20:34"
"698077c38a81b29c153b4f20","698dd2fe2ffac2141d741a36","unknown","Uncategorized","No","No","Yes",0,0,"2026-02-12 13:18:25"
"698077c38a81b29c153b4f20","698dd1742ffac2141d740df8","unknown","Uncategorized","No","No","Yes",0,0,"2026-02-12 13:18:25"
"698dd20d2ffac2141d74101a","698dd2fe2ffac2141d741a36","unknown","Uncategorized","No","No","Yes",0,0,"2026-02-12 13:17:57"
"698dd20d2ffac2141d74101a","698c8752b1cd208b2c07c58b","video","Motivational Quotes","No","No","Yes",0,11,"2026-02-12 13:15:38"
"698dd20d2ffac2141d74101a","6985fa56d10500fad55c09c7","image","Morning Motivation","Yes","No","Yes",0,0,"2026-02-12 13:14:56"
"698dd20d2ffac2141d74101a","6987365bb1cd208b2c066295","image","Motivational Quotes","Yes","No","Yes",0,0,"2026-02-12 13:14:56"
"698dd20d2ffac2141d74101a","69873493b1cd208b2c064649","unknown","Uncategorized","No","No","Yes",0,0,"2026-02-12 13:14:56"
"698dd20d2ffac2141d74101a","69847b6c1e985f253b406223","image","Motivational Quotes","No","No","Yes",0,0,"2026-02-12 13:14:56"
"698dd20d2ffac2141d74101a","698dbd862ffac2141d73fe80","image","Motivational Quotes","Yes","No","Yes",0,0,"2026-02-12 13:14:10"
"698dd20d2ffac2141d74101a","698dd1742ffac2141d740df8","unknown","Uncategorized","No","No","Yes",0,0,"2026-02-12 13:14:10"
"698077c38a81b29c153b4f20","698dbd862ffac2141d73fe80","image","Motivational Quotes","No","No","Yes",0,0,"2026-02-12 13:09:17"
"695e2e3bc7c9d0251c6cf3f4","698dbd862ffac2141d73fe80","image","Motivational Quotes","Yes","No","Yes",0,0,"2026-02-12 12:29:31"
"698da6b5f3bcf997169898af","698c8642b1cd208b2c07aeea","video","Devotional","No","No","Yes",0,11,"2026-02-12 10:58:40"
"698da6b5f3bcf997169898af","698ad340b1cd208b2c06ecb3","video","Devotional","No","No","Yes",0,6,"2026-02-12 10:57:28"
"698da6b5f3bcf997169898af","698ad384b1cd208b2c06f3ce","video","Devotional","No","No","Yes",0,8,"2026-02-12 10:57:09"
"698da6b5f3bcf997169898af","69847b6c1e985f253b406223","image","Motivational Quotes","No","No","Yes",0,0,"2026-02-12 10:56:51"
"698da6b5f3bcf997169898af","6985fa56d10500fad55c09c7","image","Morning Motivation","No","No","Yes",0,0,"2026-02-12 10:56:49"
"698da6b5f3bcf997169898af","69873493b1cd208b2c064649","unknown","Uncategorized","No","No","Yes",0,0,"2026-02-12 10:56:45"
"698da6b5f3bcf997169898af","69873a35b1cd208b2c06a222","video","Happy","No","No","Yes",0,8,"2026-02-12 10:56:32"
"698da6b5f3bcf997169898af","6987365bb1cd208b2c066295","image","Motivational Quotes","No","No","Yes",0,0,"2026-02-12 10:56:16"
"698da6b5f3bcf997169898af","698ad0d7b1cd208b2c06d368","video","Devotional","No","No","Yes",0,8,"2026-02-12 10:56:09"
"698da6b5f3bcf997169898af","698ad145b1cd208b2c06da5f","video","Devotional","No","No","Yes",0,8,"2026-02-12 10:56:05"
"698da6b5f3bcf997169898af","698dae132ffac2141d73d7e1","video","Valentine’s Day","No","No","Yes",0,10,"2026-02-12 10:49:30"
"698da6b5f3bcf997169898af","698daf3f2ffac2141d73f053","video","Valentine’s Day","No","No","Yes",0,12,"2026-02-12 10:47:33"
"698da6b5f3bcf997169898af","698dae712ffac2141d73de0c","video","Valentine’s Day","No","No","Yes",0,9,"2026-02-12 10:46:23"
"69872f34b1cd208b2c0623ef","698dae132ffac2141d73d7e1","video","Valentine’s Day","No","No","Yes",0,10,"2026-02-12 10:44:07"
"698da6b5f3bcf997169898af","698c8752b1cd208b2c07c58b","video","Motivational Quotes","No","No","Yes",0,11,"2026-02-12 10:14:11"
"698da6b5f3bcf997169898af","698d63a7f3bcf99716987716","unknown","Uncategorized","No","No","Yes",0,0,"2026-02-12 10:09:09"
"69872f34b1cd208b2c0623ef","698d63a7f3bcf99716987716","unknown","Uncategorized","No","No","Yes",0,0,"2026-02-12 09:56:56"
"691474336f3817fc8d6a0c12","698c8752b1cd208b2c07c58b","video","Motivational Quotes","Yes","No","Yes",0,11,"2026-02-12 09:06:44"
"691474336f3817fc8d6a0c12","698d63a7f3bcf99716987716","unknown","Uncategorized","No","No","Yes",0,0,"2026-02-12 09:05:35"
"695e2e3bc7c9d0251c6cf3f4","6987365bb1cd208b2c066295","image","Motivational Quotes","No","No","Yes",0,0,"2026-02-12 06:56:42"
"695e2e3bc7c9d0251c6cf3f4","69873814b1cd208b2c068230","unknown","Uncategorized","No","No","Yes",0,0,"2026-02-12 06:56:42"
"695e2e3bc7c9d0251c6cf3f4","69873493b1cd208b2c064649","unknown","Uncategorized","No","No","Yes",0,0,"2026-02-12 06:56:42"
"695e2e3bc7c9d0251c6cf3f4","698d63a7f3bcf99716987716","unknown","Uncategorized","No","No","Yes",0,0,"2026-02-12 06:55:59"
"690054c6fb26e417408f72a7","698d63a7f3bcf99716987716","unknown","Uncategorized","No","No","Yes",0,0,"2026-02-12 05:24:54"
"698077c38a81b29c153b4f20","698d63a7f3bcf99716987716","unknown","Uncategorized","No","No","Yes",0,0,"2026-02-12 05:22:54"
"698077c38a81b29c153b4f20","698c84b3b1cd208b2c077bda","video","Devotional","No","No","Yes",0,10,"2026-02-12 05:21:10"
"698077c38a81b29c153b4f20","698c8642b1cd208b2c07aeea","video","Devotional","No","No","Yes",0,11,"2026-02-12 05:21:10"
"698077c38a81b29c153b4f20","698d627ff3bcf99716985eb0","unknown","Uncategorized","No","No","Yes",0,1,"2026-02-12 05:18:07"
"698077c38a81b29c153b4f20","698c8752b1cd208b2c07c58b","video","Motivational Quotes","No","No","Yes",0,11,"2026-02-12 04:19:56"
"698077c38a81b29c153b4f20","69873814b1cd208b2c068230","unknown","Uncategorized","No","No","Yes",0,0,"2026-02-12 04:19:23"
"698077c38a81b29c153b4f20","6987365bb1cd208b2c066295","image","Motivational Quotes","No","No","Yes",0,0,"2026-02-12 04:19:23"
"698077c38a81b29c153b4f20","69873493b1cd208b2c064649","unknown","Uncategorized","No","No","Yes",0,0,"2026-02-12 04:19:23"
"69875f7fb1cd208b2c06a6cc","698c8642b1cd208b2c07aeea","video","Devotional","No","No","Yes",0,11,"2026-02-11 15:24:19"
"690054c6fb26e417408f72a7","698c7e05b1cd208b2c07163d","video","Devotional","No","No","Yes",0,7,"2026-02-11 15:22:55"
"690054c6fb26e417408f72a7","698c8752b1cd208b2c07c58b","video","Motivational Quotes","Yes","No","Yes",0,11,"2026-02-11 15:13:58"
"690054c6fb26e417408f72a7","698c84b3b1cd208b2c077bda","video","Devotional","No","No","Yes",0,10,"2026-02-11 15:07:11"
"690054c6fb26e417408f72a7","698c8642b1cd208b2c07aeea","video","Devotional","Yes","No","Yes",0,11,"2026-02-11 15:07:02"
"69872f34b1cd208b2c0623ef","698c8793b1cd208b2c07cdc3","unknown","Uncategorized","No","No","Yes",0,1,"2026-02-11 13:51:50"
"69872f34b1cd208b2c0623ef","698c8752b1cd208b2c07c58b","video","Motivational Quotes","No","No","Yes",0,11,"2026-02-11 13:51:50"
"69872f34b1cd208b2c0623ef","698c87fab1cd208b2c07de90","unknown","Uncategorized","No","No","Yes",0,0,"2026-02-11 13:51:31"
"69872f34b1cd208b2c0623ef","698c881bb1cd208b2c07e44b","unknown","Uncategorized","No","No","Yes",0,0,"2026-02-11 13:51:21"
"69872f34b1cd208b2c0623ef","698c8844b1cd208b2c07eabd","unknown","Uncategorized","No","No","Yes",0,0,"2026-02-11 13:51:19"
"69872f34b1cd208b2c0623ef","698c8879b1cd208b2c07f0f4","unknown","Uncategorized","No","No","Yes",0,0,"2026-02-11 13:51:14"
"69872f34b1cd208b2c0623ef","698c88eab1cd208b2c0802b3","unknown","Uncategorized","No","No","Yes",0,0,"2026-02-11 13:51:03"
"69872f34b1cd208b2c0623ef","698c889cb1cd208b2c07f7b4","unknown","Uncategorized","No","No","Yes",0,0,"2026-02-11 13:51:03"
"690054c6fb26e417408f72a7","698c847bb1cd208b2c077050","unknown","Uncategorized","No","No","Yes",0,0,"2026-02-11 13:38:58"
"690054c6fb26e417408f72a7","698c84d7b1cd208b2c078368","unknown","Uncategorized","No","No","Yes",0,0,"2026-02-11 13:38:05"
"690054c6fb26e417408f72a7","698c8535b1cd208b2c078ad2","unknown","Uncategorized","No","No","Yes",0,0,"2026-02-11 13:38:04"
"690054c6fb26e417408f72a7","698c8570b1cd208b2c0792aa","unknown","Uncategorized","No","No","Yes",0,0,"2026-02-11 13:38:00"
"690054c6fb26e417408f72a7","698c861ab1cd208b2c07aaa0","unknown","Uncategorized","No","No","Yes",0,0,"2026-02-11 13:37:51"
"690054c6fb26e417408f72a7","698c85e9b1cd208b2c07a1eb","unknown","Uncategorized","No","No","Yes",0,0,"2026-02-11 13:37:40"
"690054c6fb26e417408f72a7","698c85a6b1cd208b2c0799bd","unknown","Uncategorized","No","No","Yes",0,0,"2026-02-11 13:37:40"
"690054c6fb26e417408f72a7","698c8420b1cd208b2c076298","unknown","Uncategorized","No","No","Yes",0,0,"2026-02-11 13:30:03"
"6909ef4b3c6874ef786b2267","69873a35b1cd208b2c06a222","video","Happy","No","No","Yes",0,8,"2026-02-11 12:30:01"
"6909ef4b3c6874ef786b2267","698acd93b1cd208b2c06ba5f","video","Devotional","No","No","Yes",0,3,"2026-02-11 12:29:22"
"6909ef4b3c6874ef786b2267","698ace1ab1cd208b2c06c8a3","video","Devotional","No","No","Yes",0,4,"2026-02-11 12:29:03"
"6909ef4b3c6874ef786b2267","698ad145b1cd208b2c06da5f","video","Devotional","No","No","Yes",0,8,"2026-02-11 12:28:55"
"6909ef4b3c6874ef786b2267","698ad260b1cd208b2c06e416","video","Devotional","No","No","Yes",0,5,"2026-02-11 12:28:53"
"6909ef4b3c6874ef786b2267","698ad340b1cd208b2c06ecb3","video","Devotional","No","No","Yes",0,6,"2026-02-11 12:28:39"
"6909ef4b3c6874ef786b2267","698ad384b1cd208b2c06f3ce","video","Devotional","No","No","Yes",0,8,"2026-02-11 12:28:38"
"6909ef4b3c6874ef786b2267","698ad0d7b1cd208b2c06d368","video","Devotional","No","No","Yes",0,8,"2026-02-11 05:20:41"
"6909ef4b3c6874ef786b2267","698ad433b1cd208b2c06ffda","video","Devotional","No","No","Yes",0,9,"2026-02-11 05:11:20"
"690054c6fb26e417408f72a7","698ad433b1cd208b2c06ffda","video","Devotional","Yes","No","Yes",0,9,"2026-02-11 04:16:24"
"690054c6fb26e417408f72a7","698acd93b1cd208b2c06ba5f","video","Devotional","No","Yes","Yes",0,3,"2026-02-11 01:03:39"
"690054c6fb26e417408f72a7","698acddbb1cd208b2c06c0f7","video","Devotional","No","No","Yes",0,3,"2026-02-11 01:03:32"
"690054c6fb26e417408f72a7","698ace1ab1cd208b2c06c8a3","video","Devotional","No","No","Yes",0,4,"2026-02-11 01:03:16"
"690054c6fb26e417408f72a7","698ad0d7b1cd208b2c06d368","video","Devotional","Yes","Yes","Yes",0,8,"2026-02-11 01:02:50"
"690054c6fb26e417408f72a7","698ad145b1cd208b2c06da5f","video","Devotional","No","No","Yes",0,8,"2026-02-11 01:02:42"
"690054c6fb26e417408f72a7","698ad260b1cd208b2c06e416","video","Devotional","No","No","Yes",0,5,"2026-02-11 01:02:39"
"690054c6fb26e417408f72a7","698ad340b1cd208b2c06ecb3","video","Devotional","No","No","Yes",0,6,"2026-02-11 01:02:30"
"690054c6fb26e417408f72a7","698ad384b1cd208b2c06f3ce","video","Devotional","No","No","Yes",0,8,"2026-02-11 01:02:21"
"69872f34b1cd208b2c0623ef","698ad0d7b1cd208b2c06d368","video","Devotional","No","No","Yes",0,8,"2026-02-10 06:33:56"
"69872f34b1cd208b2c0623ef","69873a35b1cd208b2c06a222","video","Happy","No","No","Yes",0,8,"2026-02-10 06:16:42"
"695e2e3bc7c9d0251c6cf3f4","69873a35b1cd208b2c06a222","video","Happy","No","Yes","No",0,8,"2026-02-08 10:22:48"
"690054c6fb26e417408f72a7","698738d5b1cd208b2c068e97","video","Jesus","Yes","No","Yes",0,9,"2026-02-07 16:34:01"
"690054c6fb26e417408f72a7","69873a35b1cd208b2c06a222","video","Happy","Yes","No","Yes",0,8,"2026-02-07 16:33:59"
"690054c6fb26e417408f72a7","69872cc6b1cd208b2c06217e","video","God Quotes","No","No","Yes",0,9,"2026-02-07 16:29:05"
"690054c6fb26e417408f72a7","69873493b1cd208b2c064649","unknown","Uncategorized","No","No","Yes",0,0,"2026-02-07 16:28:57"
"690054c6fb26e417408f72a7","6987365bb1cd208b2c066295","image","Motivational Quotes","No","No","Yes",0,0,"2026-02-07 16:28:56"
"690054c6fb26e417408f72a7","69873814b1cd208b2c068230","unknown","Uncategorized","No","No","Yes",0,0,"2026-02-07 16:28:52"
"6909ef4b3c6874ef786b2267","69834d0a0ae80c0f92d1e1a8","video","Murugan, Spiritual, Bhakti","No","No","Yes",0,16,"2026-02-07 16:12:01"
"6909ef4b3c6874ef786b2267","698738d5b1cd208b2c068e97","video","Jesus","No","No","Yes",0,9,"2026-02-07 16:11:43"
"69875f7fb1cd208b2c06a6cc","69834d0a0ae80c0f92d1e1a8","video","Murugan, Spiritual, Bhakti","No","Yes","Yes",0,16,"2026-02-07 15:55:13"
"69875f7fb1cd208b2c06a6cc","69847b6c1e985f253b406223","image","Motivational Quotes","No","No","Yes",0,0,"2026-02-07 15:54:57"
"69875f7fb1cd208b2c06a6cc","6985fa56d10500fad55c09c7","image","Morning Motivation","No","No","Yes",0,0,"2026-02-07 15:54:25"
"69875f7fb1cd208b2c06a6cc","69872cc6b1cd208b2c06217e","video","God Quotes","No","No","Yes",0,9,"2026-02-07 15:54:24"
"69875f7fb1cd208b2c06a6cc","69873493b1cd208b2c064649","unknown","Uncategorized","No","No","Yes",0,0,"2026-02-07 15:54:19"
"69875f7fb1cd208b2c06a6cc","69873814b1cd208b2c068230","unknown","Uncategorized","No","No","Yes",0,0,"2026-02-07 15:54:14"
"69875f7fb1cd208b2c06a6cc","6987365bb1cd208b2c066295","image","Motivational Quotes","No","No","Yes",0,0,"2026-02-07 15:54:14"
"69875f7fb1cd208b2c06a6cc","698738d5b1cd208b2c068e97","video","Jesus","No","No","Yes",0,9,"2026-02-07 15:53:47"
"6909ef4b3c6874ef786b2267","69873814b1cd208b2c068230","unknown","Uncategorized","No","No","Yes",0,0,"2026-02-07 13:07:54"
"69872f34b1cd208b2c0623ef","69873814b1cd208b2c068230","unknown","Uncategorized","No","No","Yes",0,0,"2026-02-07 13:03:25"
"6909ef4b3c6874ef786b2267","698737a6b1cd208b2c0676d3","unknown","Uncategorized","No","No","Yes",0,0,"2026-02-07 13:01:32"
"6909ef4b3c6874ef786b2267","69873493b1cd208b2c064649","unknown","Uncategorized","No","No","Yes",0,0,"2026-02-07 13:00:47"
"6909ef4b3c6874ef786b2267","6987365bb1cd208b2c066295","image","Motivational Quotes","No","No","Yes",0,0,"2026-02-07 13:00:45"
"6909ef4b3c6874ef786b2267","69872cc6b1cd208b2c06217e","video","God Quotes","No","No","Yes",0,9,"2026-02-07 13:00:18"
"69872f34b1cd208b2c0623ef","6987365bb1cd208b2c066295","image","Motivational Quotes","No","No","Yes",0,0,"2026-02-07 12:56:12"
"69872f34b1cd208b2c0623ef","69873493b1cd208b2c064649","unknown","Uncategorized","No","No","Yes",0,0,"2026-02-07 12:48:27"
"69872f34b1cd208b2c0623ef","698732c4b1cd208b2c0631f5","unknown","Uncategorized","No","No","Yes",0,0,"2026-02-07 12:40:52"
"69872f34b1cd208b2c0623ef","69872cc6b1cd208b2c06217e","video","God Quotes","No","No","Yes",0,9,"2026-02-07 12:27:43"
"69872f34b1cd208b2c0623ef","69847b6c1e985f253b406223","image","Motivational Quotes","No","No","Yes",0,0,"2026-02-07 12:27:39"
"69872f34b1cd208b2c0623ef","6985fa56d10500fad55c09c7","image","Morning Motivation","No","No","Yes",0,0,"2026-02-07 12:26:37"
"698077c38a81b29c153b4f20","69834d0a0ae80c0f92d1e1a8","video","Murugan, Spiritual, Bhakti","No","Yes","Yes",0,16,"2026-02-07 10:01:33"
"698077c38a81b29c153b4f20","6983565c0ae80c0f92d1e5b9","video","Murugan","No","No","Yes",0,13,"2026-02-07 10:00:54"
"698077c38a81b29c153b4f20","6985fa56d10500fad55c09c7","image","Morning Motivation","No","No","Yes",0,0,"2026-02-07 09:58:36"
"698077c38a81b29c153b4f20","69847b6c1e985f253b406223","image","Motivational Quotes","No","No","Yes",0,0,"2026-02-07 09:58:36"
"695e2e3bc7c9d0251c6cf3f4","6983565c0ae80c0f92d1e5b9","video","Murugan","No","No","Yes",0,13,"2026-02-06 19:26:01"
"695e2e3bc7c9d0251c6cf3f4","69847b6c1e985f253b406223","image","Motivational Quotes","No","Yes","Yes",0,0,"2026-02-06 17:59:05"
"695e2e3bc7c9d0251c6cf3f4","6985fa56d10500fad55c09c7","image","Morning Motivation","No","Yes","Yes",0,0,"2026-02-06 17:57:25"
"695e2e3bc7c9d0251c6cf3f4","69834d0a0ae80c0f92d1e1a8","video","Murugan, Spiritual, Bhakti","No","No","Yes",0,16,"2026-02-06 17:04:15"
"690054c6fb26e417408f72a7","6985fa56d10500fad55c09c7","image","Morning Motivation","No","No","Yes",0,0,"2026-02-06 14:33:25"
"6909ef4b3c6874ef786b2267","6985fa56d10500fad55c09c7","image","Morning Motivation","No","Yes","Yes",0,0,"2026-02-06 14:27:54"
"6909ef4b3c6874ef786b2267","6985f95bd10500fad55c075d","unknown","Uncategorized","No","No","Yes",0,0,"2026-02-06 14:23:31"
"6909ef4b3c6874ef786b2267","6985f285d10500fad55c04eb","unknown","Uncategorized","No","No","Yes",0,0,"2026-02-06 13:54:50"
"6909ef4b3c6874ef786b2267","6983565c0ae80c0f92d1e5b9","video","Murugan","No","No","Yes",0,13,"2026-02-05 15:40:16"
"6909ef4b3c6874ef786b2267","69847a191e985f253b4060d7","unknown","Uncategorized","No","No","Yes",0,0,"2026-02-05 15:28:10"
"6909ef4b3c6874ef786b2267","69847b6c1e985f253b406223","image","Motivational Quotes","No","No","Yes",0,0,"2026-02-05 15:28:10"
"690054c6fb26e417408f72a7","69847b6c1e985f253b406223","image","Motivational Quotes","No","Yes","Yes",0,0,"2026-02-05 11:15:14"
"690054c6fb26e417408f72a7","69847a191e985f253b4060d7","unknown","Uncategorized","No","No","Yes",0,0,"2026-02-05 11:14:02"
"690054c6fb26e417408f72a7","6983565c0ae80c0f92d1e5b9","video","Murugan","Yes","Yes","Yes",0,13,"2026-02-04 18:19:02"
"690054c6fb26e417408f72a7","69834d0a0ae80c0f92d1e1a8","video","Murugan, Spiritual, Bhakti","Yes","No","Yes",0,16,"2026-02-04 18:19:01"
"690054c6fb26e417408f72a7","6983439a0ae80c0f92d1dba2","unknown","Uncategorized","No","No","Yes",0,0,"2026-02-04 13:03:34"
"690054c6fb26e417408f72a7","69832f9c90d06ef0db6b95ef","unknown","Uncategorized","No","No","Yes",0,0,"2026-02-04 12:13:29"
"690054c6fb26e417408f72a7","698337a51c333b68deff07de","unknown","Uncategorized","No","No","Yes",0,0,"2026-02-04 12:13:17"
"695e2e3bc7c9d0251c6cf3f4","697c750752d60805f96ed724","unknown","Uncategorized","No","No","Yes",0,0,"2026-02-02 17:33:25"
"69809ebe870b8f5f3922cd67","697c750752d60805f96ed724","unknown","Uncategorized","No","No","Yes",0,0,"2026-02-02 13:46:44"
"698077c38a81b29c153b4f20","697c750752d60805f96ed724","unknown","Uncategorized","No","No","Yes",0,0,"2026-02-02 10:09:55"
"690054c6fb26e417408f72a7","697f2ee0201cf3df97152d1f","unknown","Uncategorized","No","No","Yes",0,0,"2026-02-01 18:18:54"
"694e2448c4aba06b836eae05","697c750752d60805f96ed724","unknown","Uncategorized","No","No","Yes",0,0,"2026-01-31 00:47:32"
"6962195af2bf79bf72c5c504","697c750752d60805f96ed724","unknown","Uncategorized","No","No","Yes",0,0,"2026-01-30 12:33:50"
"690054c6fb26e417408f72a7","697c750752d60805f96ed724","unknown","Uncategorized","No","No","Yes",0,0,"2026-01-30 09:09:03"
"690054c6fb26e417408f72a7","697c4da7411b05210882fd7c","unknown","Uncategorized","No","No","Yes",0,0,"2026-01-30 06:21:23"
"690054c6fb26e417408f72a7","697c36def616ea9448d5a219","unknown","Uncategorized","No","No","Yes",0,0,"2026-01-30 04:48:53"
"690054c6fb26e417408f72a7","697b653ad46dc69c55c0d0e0","unknown","Uncategorized","No","No","Yes",0,0,"2026-01-29 13:55:56"
"6979bb1108e5bd6fb907ce10","6978b7cfc322fd99ac3d7eda","unknown","Uncategorized","No","No","Yes",0,0,"2026-01-28 07:31:27"
"6979b94876cac59fbb997b74","6978b7cfc322fd99ac3d7eda","unknown","Uncategorized","No","No","Yes",0,0,"2026-01-28 07:29:21"
"6979b9db76cac59fbb997b80","6978b7cfc322fd99ac3d7eda","unknown","Uncategorized","No","No","Yes",0,0,"2026-01-28 07:28:26"
"6909ef4b3c6874ef786b2267","6978b7cfc322fd99ac3d7eda","unknown","Uncategorized","No","No","Yes",0,0,"2026-01-27 17:06:05"
"690054c6fb26e417408f72a7","6978b7cfc322fd99ac3d7eda","unknown","Uncategorized","No","No","Yes",0,0,"2026-01-27 13:04:35"
"690054c6fb26e417408f72a7","69736e87db18c21362c16f40","unknown","Uncategorized","No","No","Yes",0,0,"2026-01-24 11:12:41"
"6971b16261e0d7dbd6161e6d","69687a41740ed35d194a04f7","unknown","Uncategorized","No","No","Yes",0,0,"2026-01-22 05:19:23"
"6971b16261e0d7dbd6161e6d","69687b0323f5a95cc44c2e9b","unknown","Uncategorized","No","No","Yes",0,0,"2026-01-22 05:15:52"
"6971b22461e0d7dbd61620b3","6970b169af6656cdac155213","unknown","Uncategorized","No","No","Yes",0,0,"2026-01-22 05:15:03"
"6971b22461e0d7dbd61620b3","6970a381af6656cdac15498c","unknown","Uncategorized","No","No","Yes",0,0,"2026-01-22 05:15:03"
"6971b0e461e0d7dbd6161ceb","695f5fde8921ece9cab29886","unknown","Uncategorized","No","No","Yes",0,0,"2026-01-22 05:14:53"
"6971b0e461e0d7dbd6161ceb","695f60068921ece9cab29935","unknown","Uncategorized","No","No","Yes",0,0,"2026-01-22 05:14:46"
"6971b0e461e0d7dbd6161ceb","695f5ff68921ece9cab298db","unknown","Uncategorized","No","No","Yes",0,0,"2026-01-22 05:14:46"
"6971b0e461e0d7dbd6161ceb","69662c6e3e2d61714b839556","unknown","Uncategorized","No","No","Yes",0,0,"2026-01-22 05:14:44"
"6971b0e461e0d7dbd6161ceb","69662f1c3e2d61714b83958f","unknown","Uncategorized","No","No","Yes",0,0,"2026-01-22 05:14:39"
"6971b0e461e0d7dbd6161ceb","69687a41740ed35d194a04f7","unknown","Uncategorized","No","No","Yes",0,0,"2026-01-22 05:14:35"
"6971b16261e0d7dbd6161e6d","69687b2d23f5a95cc44c2eeb","unknown","Uncategorized","No","No","Yes",0,0,"2026-01-22 05:14:28"
"6971b16261e0d7dbd6161e6d","6969c940b909e9dad1109f09","unknown","Uncategorized","No","No","Yes",0,0,"2026-01-22 05:14:26"
"6971b16261e0d7dbd6161e6d","69707789ffc140418ab61e29","unknown","Uncategorized","No","No","Yes",0,0,"2026-01-22 05:14:25"
"6971b16761e0d7dbd6161e84","69707789ffc140418ab61e29","unknown","Uncategorized","No","No","Yes",0,0,"2026-01-22 05:12:44"
"6971b16261e0d7dbd6161e6d","6970b169af6656cdac155213","unknown","Uncategorized","No","No","Yes",0,0,"2026-01-22 05:12:35"
"6971b19461e0d7dbd6161ec4","69707789ffc140418ab61e29","unknown","Uncategorized","No","No","Yes",0,0,"2026-01-22 05:12:35"
"6971b16261e0d7dbd6161e6d","6970a381af6656cdac15498c","unknown","Uncategorized","No","No","Yes",0,0,"2026-01-22 05:12:35"
"6971b16761e0d7dbd6161e84","6970b169af6656cdac155213","unknown","Uncategorized","No","No","Yes",0,0,"2026-01-22 05:12:22"
"6971b16761e0d7dbd6161e84","6970a381af6656cdac15498c","unknown","Uncategorized","No","No","Yes",0,0,"2026-01-22 05:12:22"
"6971b19461e0d7dbd6161ec4","6970b169af6656cdac155213","unknown","Uncategorized","No","No","Yes",0,0,"2026-01-22 05:12:02"
"6971b19461e0d7dbd6161ec4","6970a381af6656cdac15498c","unknown","Uncategorized","No","No","Yes",0,0,"2026-01-22 05:12:02"
"6971b11661e0d7dbd6161d52","6970b169af6656cdac155213","unknown","Uncategorized","No","No","Yes",0,0,"2026-01-22 05:12:02"
"6971b11661e0d7dbd6161d52","6970a381af6656cdac15498c","unknown","Uncategorized","No","No","Yes",0,0,"2026-01-22 05:12:02"
"6971b0e761e0d7dbd6161cf0","695e61e7fb3a24812c5e43b3","unknown","Uncategorized","No","No","Yes",0,0,"2026-01-22 05:11:20"
"6971b0e761e0d7dbd6161cf0","695e61f5fb3a24812c5e4460","unknown","Uncategorized","No","No","Yes",0,0,"2026-01-22 05:11:19"
"6971b0e461e0d7dbd6161ceb","6969c940b909e9dad1109f09","unknown","Uncategorized","No","No","Yes",0,0,"2026-01-22 05:11:13"
"6971b0e461e0d7dbd6161ceb","69687b2d23f5a95cc44c2eeb","unknown","Uncategorized","No","No","Yes",0,0,"2026-01-22 05:11:13"
"6971b0e461e0d7dbd6161ceb","69687b0323f5a95cc44c2e9b","unknown","Uncategorized","No","No","Yes",0,0,"2026-01-22 05:11:13"
"6971b0e761e0d7dbd6161cf0","695f5fde8921ece9cab29886","unknown","Uncategorized","No","No","Yes",0,0,"2026-01-22 05:11:04"
"6971b0e761e0d7dbd6161cf0","695f60068921ece9cab29935","unknown","Uncategorized","No","No","Yes",0,0,"2026-01-22 05:11:03"
"6971b0e761e0d7dbd6161cf0","695f5ff68921ece9cab298db","unknown","Uncategorized","No","No","Yes",0,0,"2026-01-22 05:11:03"
"6971b0e761e0d7dbd6161cf0","69662c6e3e2d61714b839556","unknown","Uncategorized","No","No","Yes",0,0,"2026-01-22 05:11:02"
"6971b0e761e0d7dbd6161cf0","69662f1c3e2d61714b83958f","unknown","Uncategorized","No","No","Yes",0,0,"2026-01-22 05:11:00"
"6971b0e761e0d7dbd6161cf0","69687a41740ed35d194a04f7","unknown","Uncategorized","No","No","Yes",0,0,"2026-01-22 05:10:53"
"6971b0e461e0d7dbd6161ceb","69707789ffc140418ab61e29","unknown","Uncategorized","No","No","Yes",0,0,"2026-01-22 05:10:28"
"6971b0e761e0d7dbd6161cf0","69687b0323f5a95cc44c2e9b","unknown","Uncategorized","No","No","Yes",0,0,"2026-01-22 05:10:03"
"6971b0e761e0d7dbd6161cf0","69687b2d23f5a95cc44c2eeb","unknown","Uncategorized","No","No","Yes",0,0,"2026-01-22 05:10:02"
"6971b0e761e0d7dbd6161cf0","69707789ffc140418ab61e29","unknown","Uncategorized","No","No","Yes",0,0,"2026-01-22 05:10:00"
"6971b0e761e0d7dbd6161cf0","6969c940b909e9dad1109f09","unknown","Uncategorized","No","No","Yes",0,0,"2026-01-22 05:10:00"
"6971b0e461e0d7dbd6161ceb","6970b169af6656cdac155213","unknown","Uncategorized","No","No","Yes",0,0,"2026-01-22 05:09:57"
"6971b0e461e0d7dbd6161ceb","6970a381af6656cdac15498c","unknown","Uncategorized","No","No","Yes",0,0,"2026-01-22 05:09:57"
"6971b0e761e0d7dbd6161cf0","6970b169af6656cdac155213","unknown","Uncategorized","No","No","Yes",0,0,"2026-01-22 05:09:50"
"6971b0e761e0d7dbd6161cf0","6970a381af6656cdac15498c","unknown","Uncategorized","No","No","Yes",0,0,"2026-01-22 05:09:50"
"6971b0ed61e0d7dbd6161cf7","69687b0323f5a95cc44c2e9b","unknown","Uncategorized","No","No","Yes",0,0,"2026-01-22 05:09:38"
"6971b0ed61e0d7dbd6161cf7","69687b2d23f5a95cc44c2eeb","unknown","Uncategorized","No","No","Yes",0,0,"2026-01-22 05:09:37"
"6971b0ed61e0d7dbd6161cf7","69707789ffc140418ab61e29","unknown","Uncategorized","No","No","Yes",0,0,"2026-01-22 05:09:36"
"6971b0ed61e0d7dbd6161cf7","6969c940b909e9dad1109f09","unknown","Uncategorized","No","No","Yes",0,0,"2026-01-22 05:09:36"
"6971b0ed61e0d7dbd6161cf7","6970a381af6656cdac15498c","unknown","Uncategorized","No","No","Yes",0,0,"2026-01-22 05:09:15"
"6971b0ed61e0d7dbd6161cf7","6970b169af6656cdac155213","unknown","Uncategorized","No","No","Yes",0,0,"2026-01-22 05:09:15"
"69159968f4af6c516dc1f88f","6970b169af6656cdac155213","unknown","Uncategorized","No","No","Yes",0,0,"2026-01-21 13:53:57"
"690054c6fb26e417408f72a7","6970b169af6656cdac155213","unknown","Uncategorized","No","No","Yes",0,0,"2026-01-21 13:51:32"
"69159968f4af6c516dc1f88f","69687b0323f5a95cc44c2e9b","unknown","Uncategorized","No","No","Yes",0,0,"2026-01-21 10:21:14"
"69159968f4af6c516dc1f88f","69687b2d23f5a95cc44c2eeb","unknown","Uncategorized","No","No","Yes",0,0,"2026-01-21 10:21:12"
"69159968f4af6c516dc1f88f","6969c940b909e9dad1109f09","unknown","Uncategorized","No","No","Yes",0,0,"2026-01-21 10:21:11"
"69159968f4af6c516dc1f88f","69707789ffc140418ab61e29","unknown","Uncategorized","No","No","Yes",0,0,"2026-01-21 10:20:50"
"69159968f4af6c516dc1f88f","6970a310af6656cdac154907","unknown","Uncategorized","No","No","Yes",0,0,"2026-01-21 10:20:47"
"69159968f4af6c516dc1f88f","6970a381af6656cdac15498c","unknown","Uncategorized","No","No","Yes",0,0,"2026-01-21 10:20:45"
"697079ef8b282376aed39499","69707789ffc140418ab61e29","unknown","Uncategorized","No","No","Yes",0,0,"2026-01-21 07:04:16"
"697079ef8b282376aed39499","69707989ffc140418ab61ed2","unknown","Uncategorized","No","No","Yes",0,0,"2026-01-21 07:04:08"
"690054c6fb26e417408f72a7","696f8cab6b21def59b67faf3","unknown","Uncategorized","No","No","Yes",0,0,"2026-01-20 15:20:04"
"690054c6fb26e417408f72a7","696f7ce745f0b10d950a9fe4","unknown","Uncategorized","No","No","Yes",0,0,"2026-01-20 13:49:38"
"691474336f3817fc8d6a0c12","6969c940b909e9dad1109f09","unknown","Uncategorized","No","No","Yes",0,0,"2026-01-20 04:56:43"
"690054c6fb26e417408f72a7","69687a41740ed35d194a04f7","unknown","Uncategorized","No","No","Yes",0,0,"2026-01-19 09:11:57"
"690054c6fb26e417408f72a7","69687b0323f5a95cc44c2e9b","unknown","Uncategorized","No","No","Yes",0,0,"2026-01-19 09:11:56"
"690054c6fb26e417408f72a7","69687b2d23f5a95cc44c2eeb","unknown","Uncategorized","No","No","Yes",0,0,"2026-01-19 09:11:44"
"690054c6fb26e417408f72a7","6969c940b909e9dad1109f09","unknown","Uncategorized","No","No","Yes",0,0,"2026-01-19 09:11:38"
"694e2448c4aba06b836eae05","69662f1c3e2d61714b83958f","unknown","Uncategorized","No","No","Yes",0,0,"2026-01-18 13:09:36"
"694e2448c4aba06b836eae05","69687a41740ed35d194a04f7","unknown","Uncategorized","No","No","Yes",0,0,"2026-01-18 13:09:35"
"694e2448c4aba06b836eae05","6969c940b909e9dad1109f09","unknown","Uncategorized","No","No","Yes",0,0,"2026-01-18 13:05:21"
"694e2448c4aba06b836eae05","69687b0323f5a95cc44c2e9b","unknown","Uncategorized","No","No","Yes",0,0,"2026-01-18 13:05:21"
"694e2448c4aba06b836eae05","69687b2d23f5a95cc44c2eeb","unknown","Uncategorized","No","No","Yes",0,0,"2026-01-18 13:05:21"
"6909ef4b3c6874ef786b2267","6969c940b909e9dad1109f09","unknown","Uncategorized","No","No","Yes",0,0,"2026-01-16 05:14:44"
"691474336f3817fc8d6a0c12","69662c6e3e2d61714b839556","unknown","Uncategorized","No","No","Yes",0,0,"2026-01-15 08:58:25"
"691474336f3817fc8d6a0c12","69687a41740ed35d194a04f7","unknown","Uncategorized","No","No","Yes",0,0,"2026-01-15 08:58:18"
"691474336f3817fc8d6a0c12","69687b0323f5a95cc44c2e9b","unknown","Uncategorized","No","No","Yes",0,0,"2026-01-15 08:58:14"
"691474336f3817fc8d6a0c12","69687b2d23f5a95cc44c2eeb","unknown","Uncategorized","No","No","Yes",0,0,"2026-01-15 08:58:03"
"6909ef4b3c6874ef786b2267","69687b2d23f5a95cc44c2eeb","unknown","Uncategorized","No","No","Yes",0,0,"2026-01-15 06:51:27"
"6909ef4b3c6874ef786b2267","69687b0323f5a95cc44c2e9b","unknown","Uncategorized","No","No","Yes",0,0,"2026-01-15 05:28:40"
"6909ef4b3c6874ef786b2267","69687a41740ed35d194a04f7","unknown","Uncategorized","No","No","Yes",0,0,"2026-01-15 05:25:25"
"6962195af2bf79bf72c5c504","69662c6e3e2d61714b839556","unknown","Uncategorized","No","No","Yes",0,0,"2026-01-13 12:52:52"
"6962195af2bf79bf72c5c504","69662f1c3e2d61714b83958f","unknown","Uncategorized","No","No","Yes",0,0,"2026-01-13 12:49:30"
"691474336f3817fc8d6a0c12","69662f1c3e2d61714b83958f","unknown","Uncategorized","No","No","Yes",0,0,"2026-01-13 12:10:45"
"690054c6fb26e417408f72a7","69662f1c3e2d61714b83958f","unknown","Uncategorized","No","No","Yes",0,0,"2026-01-13 11:42:20"
"690054c6fb26e417408f72a7","69662c6e3e2d61714b839556","unknown","Uncategorized","No","No","Yes",0,0,"2026-01-13 11:42:20"
"6962195af2bf79bf72c5c504","69661931de62ff026b511c8c","unknown","Uncategorized","No","No","Yes",0,0,"2026-01-13 10:31:56"
"691474336f3817fc8d6a0c12","69661931de62ff026b511c8c","unknown","Uncategorized","No","No","Yes",0,0,"2026-01-13 10:19:04"
"690054c6fb26e417408f72a7","69661931de62ff026b511c8c","unknown","Uncategorized","No","No","Yes",0,0,"2026-01-13 10:07:25"
"690054c6fb26e417408f72a7","69660daa9e9b125d697443b4","unknown","Uncategorized","No","No","Yes",0,0,"2026-01-13 09:19:00"
"690054c6fb26e417408f72a7","69660dae9e9b125d697443be","unknown","Uncategorized","No","No","Yes",0,0,"2026-01-13 09:18:59"
"690054c6fb26e417408f72a7","69660db29e9b125d697443ca","unknown","Uncategorized","No","No","Yes",0,0,"2026-01-13 09:18:58"
"690054c6fb26e417408f72a7","69660807688510505c696f8e","unknown","Uncategorized","No","No","Yes",0,0,"2026-01-13 08:56:53"
"690054c6fb26e417408f72a7","69660807688510505c696f98","unknown","Uncategorized","No","No","Yes",0,0,"2026-01-13 08:56:52"
"690054c6fb26e417408f72a7","69660807688510505c696fa2","unknown","Uncategorized","No","No","Yes",0,0,"2026-01-13 08:56:50"
"690054c6fb26e417408f72a7","695e5fb9d5f4fb34ab312bd9","unknown","Uncategorized","No","No","Yes",0,1,"2026-01-12 14:00:49"
"690054c6fb26e417408f72a7","69621bc8625020dcf2e10bd9","unknown","Uncategorized","No","No","Yes",0,2,"2026-01-12 11:33:37"
"695e2e3bc7c9d0251c6cf3f4","6962166a1f5c18b5d59d6842","unknown","Uncategorized","No","No","Yes",0,0,"2026-01-12 07:18:10"
"6909ef4b3c6874ef786b2267","6960e9a99ace577aa759886d","unknown","Uncategorized","No","No","Yes",0,0,"2026-01-11 13:50:02"
"6909ef4b3c6874ef786b2267","6960edb10c5e860a9747ce78","unknown","Uncategorized","No","No","Yes",0,0,"2026-01-11 13:50:01"
"6909ef4b3c6874ef786b2267","6960edb60c5e860a9747ce7d","unknown","Uncategorized","No","No","Yes",0,0,"2026-01-11 13:49:53"
"6909ef4b3c6874ef786b2267","6960edbd0c5e860a9747ce82","unknown","Uncategorized","No","No","Yes",0,0,"2026-01-11 13:49:52"
"6909ef4b3c6874ef786b2267","69611489d9c7d8309114d249","unknown","Uncategorized","No","No","Yes",0,0,"2026-01-11 13:49:42"
"6909ef4b3c6874ef786b2267","6961e0f2fc9b2476baf0668e","unknown","Uncategorized","No","No","Yes",0,0,"2026-01-11 13:49:41"
"6909ef4b3c6874ef786b2267","6962166a1f5c18b5d59d6842","unknown","Uncategorized","No","No","Yes",0,0,"2026-01-11 13:49:39"
"695e0c87174c5fc37fdf4d93","6962166a1f5c18b5d59d6842","unknown","Uncategorized","No","No","Yes",0,0,"2026-01-11 10:37:52"
"691474336f3817fc8d6a0c12","695f4f6c3a42dbc2279b4d57","unknown","Uncategorized","No","No","Yes",0,5,"2026-01-11 05:06:40"
"691474336f3817fc8d6a0c12","695e6193fb3a24812c5e401c","unknown","Uncategorized","No","No","Yes",0,0,"2026-01-11 05:06:18"
"6963193187338f9095e3051f","695f5ff68921ece9cab298db","unknown","Uncategorized","No","No","Yes",0,0,"2026-01-11 03:34:41"
"6963193187338f9095e3051f","695f60068921ece9cab29935","unknown","Uncategorized","No","No","Yes",0,0,"2026-01-11 03:34:22"
"6963193187338f9095e3051f","695fb4d4bda886d2cf2ce5d9","unknown","Uncategorized","No","No","Yes",0,0,"2026-01-11 03:34:21"
"6963193187338f9095e3051f","6960edbd0c5e860a9747ce82","unknown","Uncategorized","No","No","Yes",0,0,"2026-01-11 03:30:54"
"6963193187338f9095e3051f","6960edb10c5e860a9747ce78","unknown","Uncategorized","No","No","Yes",0,0,"2026-01-11 03:30:54"
"6963193187338f9095e3051f","6960e9a99ace577aa759886d","unknown","Uncategorized","No","No","Yes",0,0,"2026-01-11 03:30:54"
"6963193187338f9095e3051f","6960edb60c5e860a9747ce7d","unknown","Uncategorized","No","No","Yes",0,0,"2026-01-11 03:30:54"
"6963193187338f9095e3051f","6961e0f2fc9b2476baf0668e","unknown","Uncategorized","No","No","Yes",0,0,"2026-01-11 03:30:45"
"6963193187338f9095e3051f","69611489d9c7d8309114d249","unknown","Uncategorized","No","No","Yes",0,0,"2026-01-11 03:30:45"
"6963193187338f9095e3051f","6962166a1f5c18b5d59d6842","unknown","Uncategorized","No","No","Yes",0,0,"2026-01-11 03:30:27"
"690054c6fb26e417408f72a7","695f4f7d3a42dbc2279b4d97","unknown","Uncategorized","No","No","Yes",0,5,"2026-01-10 12:59:26"
"696217c025c60a8aeb84ed33","695e5f9ad5f4fb34ab312b77","unknown","Uncategorized","No","No","Yes",0,1,"2026-01-10 10:09:57"
"696212dbfaa127a8075dc4bb","695e61e7fb3a24812c5e43b3","unknown","Uncategorized","No","No","Yes",0,0,"2026-01-10 09:39:18"
"696212dbfaa127a8075dc4bb","695e61dbfb3a24812c5e430d","unknown","Uncategorized","No","No","Yes",0,0,"2026-01-10 09:39:18"
"696212dbfaa127a8075dc4bb","695e61f5fb3a24812c5e4460","unknown","Uncategorized","No","No","Yes",0,0,"2026-01-10 09:38:44"
"696212dbfaa127a8075dc4bb","695f4f7d3a42dbc2279b4d97","unknown","Uncategorized","No","No","Yes",0,5,"2026-01-10 09:37:58"
"696212dbfaa127a8075dc4bb","695f4f913a42dbc2279b4de4","unknown","Uncategorized","No","No","Yes",0,4,"2026-01-10 09:37:46"
"6962195af2bf79bf72c5c504","695e61e7fb3a24812c5e43b3","unknown","Uncategorized","No","No","Yes",0,0,"2026-01-10 09:29:41"
"6962195af2bf79bf72c5c504","695e61f5fb3a24812c5e4460","unknown","Uncategorized","No","No","Yes",0,0,"2026-01-10 09:29:32"
"6962195af2bf79bf72c5c504","695f4f7d3a42dbc2279b4d97","unknown","Uncategorized","No","No","Yes",0,5,"2026-01-10 09:29:18"
"691474336f3817fc8d6a0c12","6962166a1f5c18b5d59d6842","unknown","Uncategorized","No","No","Yes",0,0,"2026-01-10 09:29:09"
"6962195af2bf79bf72c5c504","695f5fde8921ece9cab29886","unknown","Uncategorized","No","No","Yes",0,0,"2026-01-10 09:28:40"
"6962195af2bf79bf72c5c504","695f5ff68921ece9cab298db","unknown","Uncategorized","No","No","Yes",0,0,"2026-01-10 09:28:26"
"6962195af2bf79bf72c5c504","695fb4d4bda886d2cf2ce5d9","unknown","Uncategorized","No","No","Yes",0,0,"2026-01-10 09:28:15"
"6962195af2bf79bf72c5c504","695f60068921ece9cab29935","unknown","Uncategorized","No","No","Yes",0,0,"2026-01-10 09:28:15"
"696212dbfaa127a8075dc4bb","6962166a1f5c18b5d59d6842","unknown","Uncategorized","No","No","Yes",0,0,"2026-01-10 09:28:01"
"6962195af2bf79bf72c5c504","6960edbd0c5e860a9747ce82","unknown","Uncategorized","No","No","Yes",0,0,"2026-01-10 09:25:40"
"6962195af2bf79bf72c5c504","69611489d9c7d8309114d249","unknown","Uncategorized","No","No","Yes",0,0,"2026-01-10 09:23:23"
"6962195af2bf79bf72c5c504","6961e0f2fc9b2476baf0668e","unknown","Uncategorized","No","No","Yes",0,0,"2026-01-10 09:20:09"
"6962195af2bf79bf72c5c504","6962166a1f5c18b5d59d6842","unknown","Uncategorized","No","No","Yes",0,0,"2026-01-10 09:19:37"
"696217c025c60a8aeb84ed33","695fb4d4bda886d2cf2ce5d9","unknown","Uncategorized","No","No","Yes",0,0,"2026-01-10 09:13:15"
"696217c025c60a8aeb84ed33","6960e9a99ace577aa759886d","unknown","Uncategorized","No","No","Yes",0,0,"2026-01-10 09:13:07"
"696217c025c60a8aeb84ed33","6960edb10c5e860a9747ce78","unknown","Uncategorized","No","No","Yes",0,0,"2026-01-10 09:13:03"
"696217c025c60a8aeb84ed33","6960edb60c5e860a9747ce7d","unknown","Uncategorized","No","No","Yes",0,0,"2026-01-10 09:12:49"
"696217c025c60a8aeb84ed33","6960edbd0c5e860a9747ce82","unknown","Uncategorized","No","No","Yes",0,0,"2026-01-10 09:12:45"
"696217c025c60a8aeb84ed33","69611489d9c7d8309114d249","unknown","Uncategorized","No","No","Yes",0,0,"2026-01-10 09:12:05"
"696217c025c60a8aeb84ed33","6962166a1f5c18b5d59d6842","unknown","Uncategorized","No","No","Yes",0,0,"2026-01-10 09:12:03"
"696217c025c60a8aeb84ed33","6961e0f2fc9b2476baf0668e","unknown","Uncategorized","No","No","Yes",0,0,"2026-01-10 09:12:03"
"690054c6fb26e417408f72a7","6962166a1f5c18b5d59d6842","unknown","Uncategorized","No","No","Yes",0,0,"2026-01-10 09:05:50"
"696212dbfaa127a8075dc4bb","695f5fde8921ece9cab29886","unknown","Uncategorized","No","No","Yes",0,0,"2026-01-10 08:52:45"
"696212dbfaa127a8075dc4bb","695f5ff68921ece9cab298db","unknown","Uncategorized","No","No","Yes",0,0,"2026-01-10 08:52:43"
"696212dbfaa127a8075dc4bb","695fb4d4bda886d2cf2ce5d9","unknown","Uncategorized","No","No","Yes",0,0,"2026-01-10 08:52:42"
"696212dbfaa127a8075dc4bb","695f60068921ece9cab29935","unknown","Uncategorized","No","No","Yes",0,0,"2026-01-10 08:52:42"
"696212dbfaa127a8075dc4bb","6960e9a99ace577aa759886d","unknown","Uncategorized","No","No","Yes",0,0,"2026-01-10 08:51:45"
"696212dbfaa127a8075dc4bb","6960edb60c5e860a9747ce7d","unknown","Uncategorized","No","No","Yes",0,0,"2026-01-10 08:51:44"
"696212dbfaa127a8075dc4bb","6960edb10c5e860a9747ce78","unknown","Uncategorized","No","No","Yes",0,0,"2026-01-10 08:51:44"
"696212dbfaa127a8075dc4bb","6960edbd0c5e860a9747ce82","unknown","Uncategorized","No","No","Yes",0,0,"2026-01-10 08:51:43"
"696212dbfaa127a8075dc4bb","69611489d9c7d8309114d249","unknown","Uncategorized","No","No","Yes",0,0,"2026-01-10 08:51:42"
"696212dbfaa127a8075dc4bb","6961e0f2fc9b2476baf0668e","unknown","Uncategorized","No","No","Yes",0,0,"2026-01-10 08:51:41"
"695e2e3bc7c9d0251c6cf3f4","6960edb10c5e860a9747ce78","unknown","Uncategorized","No","No","Yes",0,0,"2026-01-10 08:43:29"
"695e2e3bc7c9d0251c6cf3f4","6960edb60c5e860a9747ce7d","unknown","Uncategorized","No","No","Yes",0,0,"2026-01-10 08:43:28"
"695e2e3bc7c9d0251c6cf3f4","69611489d9c7d8309114d249","unknown","Uncategorized","No","No","Yes",0,0,"2026-01-10 08:43:15"
"695e2e3bc7c9d0251c6cf3f4","6961e0f2fc9b2476baf0668e","unknown","Uncategorized","No","No","Yes",0,0,"2026-01-10 08:43:02"
"690054c6fb26e417408f72a7","6961faf1ed7133798382ac5f","unknown","Uncategorized","No","No","Yes",0,1,"2026-01-10 07:28:50"
"690054c6fb26e417408f72a7","695f4f6c3a42dbc2279b4d57","unknown","Uncategorized","No","No","Yes",0,5,"2026-01-10 06:43:42"
"690054c6fb26e417408f72a7","695f4f913a42dbc2279b4de4","unknown","Uncategorized","No","No","Yes",0,4,"2026-01-10 06:39:39"
"691474336f3817fc8d6a0c12","6961e0f2fc9b2476baf0668e","unknown","Uncategorized","No","No","Yes",0,0,"2026-01-10 06:02:25"
"690054c6fb26e417408f72a7","6961e0f2fc9b2476baf0668e","unknown","Uncategorized","No","No","Yes",0,0,"2026-01-10 05:18:08"
"691474336f3817fc8d6a0c12","695e61a2fb3a24812c5e40af","unknown","Uncategorized","No","No","Yes",0,0,"2026-01-10 04:45:51"
"691474336f3817fc8d6a0c12","695e61b2fb3a24812c5e4145","unknown","Uncategorized","No","No","Yes",0,0,"2026-01-10 04:45:50"
"691474336f3817fc8d6a0c12","695e61c2fb3a24812c5e41d7","unknown","Uncategorized","No","No","Yes",0,0,"2026-01-10 04:45:48"
"691474336f3817fc8d6a0c12","695e61cefb3a24812c5e4271","unknown","Uncategorized","No","No","Yes",0,0,"2026-01-10 04:45:44"
"691474336f3817fc8d6a0c12","695e61dbfb3a24812c5e430d","unknown","Uncategorized","No","No","Yes",0,0,"2026-01-10 04:45:43"
"691474336f3817fc8d6a0c12","695e61e7fb3a24812c5e43b3","unknown","Uncategorized","No","No","Yes",0,0,"2026-01-10 04:45:42"
"691474336f3817fc8d6a0c12","695e61f5fb3a24812c5e4460","unknown","Uncategorized","No","No","Yes",0,0,"2026-01-10 04:45:41"
"691474336f3817fc8d6a0c12","6960e9a99ace577aa759886d","unknown","Uncategorized","No","No","Yes",0,0,"2026-01-10 04:45:32"
"691474336f3817fc8d6a0c12","6960edb10c5e860a9747ce78","unknown","Uncategorized","No","No","Yes",0,0,"2026-01-10 04:45:23"
"691474336f3817fc8d6a0c12","6960edb60c5e860a9747ce7d","unknown","Uncategorized","No","No","Yes",0,0,"2026-01-10 04:45:22"
"691474336f3817fc8d6a0c12","69611489d9c7d8309114d249","unknown","Uncategorized","No","No","Yes",0,0,"2026-01-10 04:45:11"
"691474336f3817fc8d6a0c12","6960edbd0c5e860a9747ce82","unknown","Uncategorized","No","No","Yes",0,0,"2026-01-10 04:45:11"
"690054c6fb26e417408f72a7","69611489d9c7d8309114d249","unknown","Uncategorized","No","No","Yes",0,0,"2026-01-09 14:45:39"
"690054c6fb26e417408f72a7","6961001dc9a81b625e7d231f","unknown","Uncategorized","No","No","Yes",0,0,"2026-01-09 13:48:24"
"695e2e3bc7c9d0251c6cf3f4","6960edbd0c5e860a9747ce82","unknown","Uncategorized","No","No","Yes",0,0,"2026-01-09 13:21:44"
"695e2e3bc7c9d0251c6cf3f4","6961001dc9a81b625e7d231f","unknown","Uncategorized","No","No","Yes",0,0,"2026-01-09 13:21:42"
"690054c6fb26e417408f72a7","6960edb10c5e860a9747ce78","unknown","Uncategorized","No","No","Yes",0,0,"2026-01-09 12:00:59"
"690054c6fb26e417408f72a7","6960edb60c5e860a9747ce7d","unknown","Uncategorized","No","No","Yes",0,0,"2026-01-09 12:00:57"
"690054c6fb26e417408f72a7","6960edbd0c5e860a9747ce82","unknown","Uncategorized","No","No","Yes",0,0,"2026-01-09 12:00:52"
"690054c6fb26e417408f72a7","6960e9a99ace577aa759886d","unknown","Uncategorized","No","No","Yes",0,0,"2026-01-09 11:42:49"
"690054c6fb26e417408f72a7","695e5f61d5f4fb34ab312b1c","unknown","Uncategorized","No","No","Yes",0,1,"2026-01-09 10:24:58"
"690054c6fb26e417408f72a7","695e5eecd5f4fb34ab3129ef","unknown","Uncategorized","No","No","Yes",0,3,"2026-01-09 10:24:51"
"690054c6fb26e417408f72a7","6960d07979227fe6ef6ba025","unknown","Uncategorized","No","No","Yes",0,0,"2026-01-09 09:55:29"
"690054c6fb26e417408f72a7","6960d07d79227fe6ef6ba029","unknown","Uncategorized","No","No","Yes",0,0,"2026-01-09 09:55:28"
"690054c6fb26e417408f72a7","6960d08179227fe6ef6ba02d","unknown","Uncategorized","No","No","Yes",0,0,"2026-01-09 09:55:26"
"690054c6fb26e417408f72a7","6960cc3a79227fe6ef6b9dc9","unknown","Uncategorized","No","No","Yes",0,0,"2026-01-09 09:37:11"
"690054c6fb26e417408f72a7","6960cbbb79227fe6ef6b9cd2","unknown","Uncategorized","No","No","Yes",0,0,"2026-01-09 09:36:18"
"690054c6fb26e417408f72a7","6960cbe779227fe6ef6b9cd8","unknown","Uncategorized","No","No","Yes",0,0,"2026-01-09 09:36:16"
"690054c6fb26e417408f72a7","6960cbf679227fe6ef6b9cdd","unknown","Uncategorized","No","No","Yes",0,0,"2026-01-09 09:36:13"
"690054c6fb26e417408f72a7","695e5ff0d5f4fb34ab312c39","unknown","Uncategorized","No","No","Yes",0,0,"2026-01-09 09:31:51"
"690054c6fb26e417408f72a7","695e6143fb3a24812c5e3c5a","unknown","Uncategorized","No","No","Yes",0,0,"2026-01-09 09:31:50"
"690054c6fb26e417408f72a7","695e6016d5f4fb34ab312c9f","unknown","Uncategorized","No","No","Yes",0,0,"2026-01-09 09:31:50"
"690054c6fb26e417408f72a7","695e6153fb3a24812c5e3cc9","unknown","Uncategorized","No","No","Yes",0,0,"2026-01-09 09:31:48"
"690054c6fb26e417408f72a7","695e6185fb3a24812c5e3f90","unknown","Uncategorized","No","No","Yes",0,0,"2026-01-09 09:31:47"
"690054c6fb26e417408f72a7","695e6178fb3a24812c5e3f13","unknown","Uncategorized","No","No","Yes",0,0,"2026-01-09 09:31:47"
"690054c6fb26e417408f72a7","695e6193fb3a24812c5e401c","unknown","Uncategorized","No","No","Yes",0,0,"2026-01-09 09:31:46"
"690054c6fb26e417408f72a7","695e61a2fb3a24812c5e40af","unknown","Uncategorized","No","No","Yes",0,0,"2026-01-09 09:31:45"
"690054c6fb26e417408f72a7","6960c88079227fe6ef6b997f","unknown","Uncategorized","No","No","Yes",0,0,"2026-01-09 09:21:30"
"690054c6fb26e417408f72a7","6960c88379227fe6ef6b9983","unknown","Uncategorized","No","No","Yes",0,0,"2026-01-09 09:21:27"
"690054c6fb26e417408f72a7","6960c88779227fe6ef6b9988","unknown","Uncategorized","No","No","Yes",0,0,"2026-01-09 09:21:24"
"690054c6fb26e417408f72a7","6960bd0b6feb0a40d3b796b0","unknown","Uncategorized","No","No","Yes",0,0,"2026-01-09 08:32:33"
"690054c6fb26e417408f72a7","6960bd106feb0a40d3b796b4","unknown","Uncategorized","No","No","Yes",0,0,"2026-01-09 08:32:32"
"690054c6fb26e417408f72a7","6960a926deff4231243ad9c7","unknown","Uncategorized","No","No","Yes",0,0,"2026-01-09 07:07:28"
"690054c6fb26e417408f72a7","6960a653e922415049de47d3","unknown","Uncategorized","No","No","Yes",0,0,"2026-01-09 06:55:39"
"690054c6fb26e417408f72a7","6960a0e4b59101e90714eec5","unknown","Uncategorized","No","No","Yes",0,0,"2026-01-09 06:32:14"
"691474336f3817fc8d6a0c12","695f5ff68921ece9cab298db","unknown","Uncategorized","No","No","Yes",0,0,"2026-01-09 04:55:35"
"691474336f3817fc8d6a0c12","695f5fde8921ece9cab29886","unknown","Uncategorized","No","No","Yes",0,0,"2026-01-09 04:55:35"
"691474336f3817fc8d6a0c12","695fb4d4bda886d2cf2ce5d9","unknown","Uncategorized","No","No","Yes",0,0,"2026-01-09 04:54:56"
"691474336f3817fc8d6a0c12","695f60068921ece9cab29935","unknown","Uncategorized","No","No","Yes",0,0,"2026-01-09 04:54:56"
"690054c6fb26e417408f72a7","695f5fde8921ece9cab29886","unknown","Uncategorized","No","No","Yes",0,0,"2026-01-09 04:49:15"
"690054c6fb26e417408f72a7","695f5ff68921ece9cab298db","unknown","Uncategorized","No","No","Yes",0,0,"2026-01-09 04:49:14"
"690054c6fb26e417408f72a7","695f60068921ece9cab29935","unknown","Uncategorized","No","No","Yes",0,0,"2026-01-09 04:49:12"
"690054c6fb26e417408f72a7","695fb4d4bda886d2cf2ce5d9","unknown","Uncategorized","No","No","Yes",0,0,"2026-01-09 04:49:08"
"695e2e3bc7c9d0251c6cf3f4","695fb4d4bda886d2cf2ce5d9","unknown","Uncategorized","No","No","Yes",0,0,"2026-01-08 14:56:51"
"6909ef4b3c6874ef786b2267","695fb4d4bda886d2cf2ce5d9","unknown","Uncategorized","No","No","Yes",0,0,"2026-01-08 13:49:10"
"695e2e3bc7c9d0251c6cf3f4","695f5ff68921ece9cab298db","unknown","Uncategorized","No","No","Yes",0,0,"2026-01-08 13:24:25"
"6948e8c07cbb8cca3ea6a3cb","695e61cefb3a24812c5e4271","unknown","Uncategorized","No","No","Yes",0,0,"2026-01-08 13:18:38"
"6948e8c07cbb8cca3ea6a3cb","695e61dbfb3a24812c5e430d","unknown","Uncategorized","No","No","Yes",0,0,"2026-01-08 13:18:33"
"6948e8c07cbb8cca3ea6a3cb","695e61f5fb3a24812c5e4460","unknown","Uncategorized","No","No","Yes",0,0,"2026-01-08 13:18:32"
"6948e8c07cbb8cca3ea6a3cb","695e61e7fb3a24812c5e43b3","unknown","Uncategorized","No","No","Yes",0,0,"2026-01-08 13:18:32"
"6948e8c07cbb8cca3ea6a3cb","695f5fde8921ece9cab29886","unknown","Uncategorized","No","No","Yes",0,0,"2026-01-08 13:15:15"
"6948e8c07cbb8cca3ea6a3cb","695f5ff68921ece9cab298db","unknown","Uncategorized","No","No","Yes",0,0,"2026-01-08 13:15:13"
"6948e8c07cbb8cca3ea6a3cb","695f60068921ece9cab29935","unknown","Uncategorized","No","No","Yes",0,0,"2026-01-08 13:15:12"
"695e2e3bc7c9d0251c6cf3f4","695e5eecd5f4fb34ab3129ef","unknown","Uncategorized","No","No","Yes",0,3,"2026-01-08 12:44:47"
"695e2e3bc7c9d0251c6cf3f4","695e5f1ad5f4fb34ab312a77","unknown","Uncategorized","No","No","Yes",0,0,"2026-01-08 12:44:28"
"695e2e3bc7c9d0251c6cf3f4","695e5f04d5f4fb34ab312a30","unknown","Uncategorized","No","No","Yes",0,0,"2026-01-08 12:44:28"
"695e2e3bc7c9d0251c6cf3f4","695e5f33d5f4fb34ab312ac5","unknown","Uncategorized","No","No","Yes",0,0,"2026-01-08 12:44:26"
"695e2e3bc7c9d0251c6cf3f4","695e5ff0d5f4fb34ab312c39","unknown","Uncategorized","No","No","Yes",0,0,"2026-01-08 12:44:24"
"695e2e3bc7c9d0251c6cf3f4","695e6143fb3a24812c5e3c5a","unknown","Uncategorized","No","No","Yes",0,0,"2026-01-08 12:44:20"
"695e2e3bc7c9d0251c6cf3f4","695e6016d5f4fb34ab312c9f","unknown","Uncategorized","No","No","Yes",0,0,"2026-01-08 12:44:20"
"695e2e3bc7c9d0251c6cf3f4","695e6178fb3a24812c5e3f13","unknown","Uncategorized","No","No","Yes",0,0,"2026-01-08 12:44:19"
"695e2e3bc7c9d0251c6cf3f4","695e6153fb3a24812c5e3cc9","unknown","Uncategorized","No","No","Yes",0,0,"2026-01-08 12:44:19"
"695e2e3bc7c9d0251c6cf3f4","695e61a2fb3a24812c5e40af","unknown","Uncategorized","No","No","Yes",0,0,"2026-01-08 12:44:18"
"695e2e3bc7c9d0251c6cf3f4","695e6193fb3a24812c5e401c","unknown","Uncategorized","No","No","Yes",0,0,"2026-01-08 12:44:18"
"695e2e3bc7c9d0251c6cf3f4","695e6185fb3a24812c5e3f90","unknown","Uncategorized","No","No","Yes",0,0,"2026-01-08 12:44:18"
"695e2e3bc7c9d0251c6cf3f4","695e61b2fb3a24812c5e4145","unknown","Uncategorized","No","No","Yes",0,0,"2026-01-08 12:44:17"
"695e2e3bc7c9d0251c6cf3f4","695e61cefb3a24812c5e4271","unknown","Uncategorized","No","No","Yes",0,0,"2026-01-08 12:44:16"
"695e2e3bc7c9d0251c6cf3f4","695e61c2fb3a24812c5e41d7","unknown","Uncategorized","No","No","Yes",0,0,"2026-01-08 12:44:16"
"695e2e3bc7c9d0251c6cf3f4","695e61dbfb3a24812c5e430d","unknown","Uncategorized","No","No","Yes",0,0,"2026-01-08 12:44:13"
"695e2e3bc7c9d0251c6cf3f4","695f5fde8921ece9cab29886","unknown","Uncategorized","No","No","Yes",0,0,"2026-01-08 12:44:00"
"695e2e3bc7c9d0251c6cf3f4","695f60068921ece9cab29935","unknown","Uncategorized","No","No","Yes",0,0,"2026-01-08 08:39:14"
"6909ef4b3c6874ef786b2267","695f4f913a42dbc2279b4de4","unknown","Uncategorized","No","No","Yes",0,4,"2026-01-08 07:43:23"
"6909ef4b3c6874ef786b2267","695f60068921ece9cab29935","unknown","Uncategorized","No","No","Yes",0,0,"2026-01-08 07:43:06"
"6909ef4b3c6874ef786b2267","695f5fde8921ece9cab29886","unknown","Uncategorized","No","No","Yes",0,0,"2026-01-08 07:42:49"
"6909ef4b3c6874ef786b2267","695f5ff68921ece9cab298db","unknown","Uncategorized","No","No","Yes",0,0,"2026-01-08 07:42:49"
"6909ef4b3c6874ef786b2267","695e61cefb3a24812c5e4271","unknown","Uncategorized","No","No","Yes",0,0,"2026-01-08 07:35:48"
"690054c6fb26e417408f72a7","695e61b2fb3a24812c5e4145","unknown","Uncategorized","No","No","Yes",0,0,"2026-01-08 07:11:51"
"6909ef4b3c6874ef786b2267","695e61dbfb3a24812c5e430d","unknown","Uncategorized","No","No","Yes",0,0,"2026-01-08 07:08:36"
"695e2e3bc7c9d0251c6cf3f4","695e61e7fb3a24812c5e43b3","unknown","Uncategorized","No","No","Yes",0,0,"2026-01-07 17:11:37"
"690054c6fb26e417408f72a7","695e61c2fb3a24812c5e41d7","unknown","Uncategorized","No","No","Yes",0,0,"2026-01-07 15:14:55"
"690054c6fb26e417408f72a7","695e61cefb3a24812c5e4271","unknown","Uncategorized","No","No","Yes",0,0,"2026-01-07 15:14:52"
"695e2e3bc7c9d0251c6cf3f4","695e61f5fb3a24812c5e4460","unknown","Uncategorized","No","No","Yes",0,0,"2026-01-07 15:14:30"
"690054c6fb26e417408f72a7","695e61e7fb3a24812c5e43b3","unknown","Uncategorized","No","No","Yes",0,0,"2026-01-07 13:53:09"
"690054c6fb26e417408f72a7","695e61dbfb3a24812c5e430d","unknown","Uncategorized","No","No","Yes",0,0,"2026-01-07 13:53:09"
"690054c6fb26e417408f72a7","695e61f5fb3a24812c5e4460","unknown","Uncategorized","No","No","Yes",0,0,"2026-01-07 13:53:08"
"6909ef4b3c6874ef786b2267","695e61e7fb3a24812c5e43b3","unknown","Uncategorized","No","No","Yes",0,0,"2026-01-07 13:43:52"
"6909ef4b3c6874ef786b2267","695e61f5fb3a24812c5e4460","unknown","Uncategorized","No","No","Yes",0,0,"2026-01-07 13:43:52"
"6909ef4b3c6874ef786b2267","695e61c2fb3a24812c5e41d7","unknown","Uncategorized","No","No","Yes",0,0,"2026-01-07 13:39:01"
"6909ef4b3c6874ef786b2267","695e61b2fb3a24812c5e4145","unknown","Uncategorized","No","No","Yes",0,0,"2026-01-07 13:38:48"
"6909ef4b3c6874ef786b2267","695e61a2fb3a24812c5e40af","unknown","Uncategorized","No","No","Yes",0,0,"2026-01-07 13:38:35"
"6909ef4b3c6874ef786b2267","695e6193fb3a24812c5e401c","unknown","Uncategorized","No","No","Yes",0,0,"2026-01-07 13:38:22"
"6909ef4b3c6874ef786b2267","695e6185fb3a24812c5e3f90","unknown","Uncategorized","No","No","Yes",0,0,"2026-01-07 13:38:10"
"6909ef4b3c6874ef786b2267","695e6178fb3a24812c5e3f13","unknown","Uncategorized","No","No","Yes",0,0,"2026-01-07 13:37:55"
"6909ef4b3c6874ef786b2267","695e6153fb3a24812c5e3cc9","unknown","Uncategorized","No","No","Yes",0,0,"2026-01-07 13:36:23"
"6909ef4b3c6874ef786b2267","695e6143fb3a24812c5e3c5a","unknown","Uncategorized","No","No","Yes",0,0,"2026-01-07 13:36:06"
"6909ef4b3c6874ef786b2267","695e6016d5f4fb34ab312c9f","unknown","Uncategorized","No","No","Yes",0,0,"2026-01-07 13:31:06"
"6909ef4b3c6874ef786b2267","695e5ff0d5f4fb34ab312c39","unknown","Uncategorized","No","No","Yes",0,0,"2026-01-07 13:30:28"
"6909ef4b3c6874ef786b2267","695e5f33d5f4fb34ab312ac5","unknown","Uncategorized","No","No","Yes",0,0,"2026-01-07 13:27:19"
"6909ef4b3c6874ef786b2267","695e5f1ad5f4fb34ab312a77","unknown","Uncategorized","No","No","Yes",0,0,"2026-01-07 13:26:53"
"6909ef4b3c6874ef786b2267","695e5f04d5f4fb34ab312a30","unknown","Uncategorized","No","No","Yes",0,0,"2026-01-07 13:26:31"
"690054c6fb26e417408f72a7","695e5f33d5f4fb34ab312ac5","unknown","Uncategorized","No","No","Yes",0,0,"2026-01-07 13:25:10"
"690054c6fb26e417408f72a7","695e5f1ad5f4fb34ab312a77","unknown","Uncategorized","No","No","Yes",0,0,"2026-01-07 13:24:43"
"690054c6fb26e417408f72a7","695e5f04d5f4fb34ab312a30","unknown","Uncategorized","No","No","Yes",0,0,"2026-01-07 13:24:18"
"695e2e3bc7c9d0251c6cf3f4","694e866cde7d6e973533deec","unknown","Uncategorized","No","No","Yes",0,0,"2026-01-07 11:16:34"
"695e2e3bc7c9d0251c6cf3f4","694fc4fe4b0597937806c2fc","unknown","Uncategorized","No","No","Yes",0,0,"2026-01-07 11:16:33"
"695e2e3bc7c9d0251c6cf3f4","694fc4ac4b0597937806c23e","unknown","Uncategorized","No","No","Yes",0,0,"2026-01-07 11:16:33"
"695e2e3bc7c9d0251c6cf3f4","694fc57a4b0597937806c386","unknown","Uncategorized","No","No","Yes",0,0,"2026-01-07 11:16:29"
"695e39ab1c96c3005649983f","694fc57a4b0597937806c386","unknown","Uncategorized","No","No","Yes",0,0,"2026-01-07 10:47:38"
"6948e8b47cbb8cca3ea6a362","694e837ade7d6e973533dc22","unknown","Uncategorized","No","No","Yes",0,0,"2026-01-07 10:22:41"
"6948e8b47cbb8cca3ea6a362","694e866cde7d6e973533deec","unknown","Uncategorized","No","No","Yes",0,0,"2026-01-07 10:22:37"
"6948e8b47cbb8cca3ea6a362","694e8459de7d6e973533dcf5","unknown","Uncategorized","No","No","Yes",0,0,"2026-01-07 10:22:37"
"6948e8b47cbb8cca3ea6a362","694fc4ac4b0597937806c23e","unknown","Uncategorized","No","No","Yes",0,0,"2026-01-07 10:22:32"
"6948e8b47cbb8cca3ea6a362","694fc4fe4b0597937806c2fc","unknown","Uncategorized","No","No","Yes",0,0,"2026-01-07 10:22:32"
"6948e8b47cbb8cca3ea6a362","694fc57a4b0597937806c386","unknown","Uncategorized","No","No","Yes",0,0,"2026-01-07 10:22:32"
"6948e8fb7cbb8cca3ea6a555","694a93687cbb8cca3ea6cea8","unknown","Uncategorized","No","No","Yes",0,0,"2026-01-07 10:21:48"
"695e0c87174c5fc37fdf4d93","694fc4ac4b0597937806c23e","unknown","Uncategorized","No","No","Yes",0,0,"2026-01-07 09:32:18"
"6944f438a156a8f3ec0aa344","694fc4fe4b0597937806c2fc","unknown","Uncategorized","No","No","Yes",0,0,"2026-01-07 07:42:17"
"695e0c87174c5fc37fdf4d93","694fc4fe4b0597937806c2fc","unknown","Uncategorized","No","No","Yes",0,0,"2026-01-07 07:35:16"
"695e0c87174c5fc37fdf4d93","694fc57a4b0597937806c386","unknown","Uncategorized","No","No","Yes",0,0,"2026-01-07 07:35:03"
"6944f438a156a8f3ec0aa344","694fc57a4b0597937806c386","unknown","Uncategorized","No","No","Yes",0,0,"2026-01-07 07:28:46"
"695dfd7a8cf3b03f831c7362","694fc4fe4b0597937806c2fc","unknown","Uncategorized","No","No","Yes",0,0,"2026-01-07 06:47:25"
"695dfd7a8cf3b03f831c7362","694fc4ac4b0597937806c23e","unknown","Uncategorized","No","No","Yes",0,0,"2026-01-07 06:47:25"
"695dfd7a8cf3b03f831c7362","694fc57a4b0597937806c386","unknown","Uncategorized","No","No","Yes",0,0,"2026-01-07 06:30:39"
"694e2486c4aba06b836eaf44","6958d4f436d98369368637c4","unknown","Uncategorized","No","No","Yes",0,3,"2026-01-07 06:30:21"
"695df729b5e8ec4eb8bfbcdf","694bc1a17f3896c99b2d463a","unknown","Uncategorized","No","No","Yes",0,0,"2026-01-07 06:06:39"
"695df729b5e8ec4eb8bfbcdf","694bc2297f3896c99b2d46f8","unknown","Uncategorized","No","No","Yes",0,0,"2026-01-07 06:04:00"
"695df729b5e8ec4eb8bfbcdf","694be910273769a95594eefd","unknown","Uncategorized","No","No","Yes",0,0,"2026-01-07 06:03:59"
"695df729b5e8ec4eb8bfbcdf","694cf8581a80800852657412","unknown","Uncategorized","No","No","Yes",0,0,"2026-01-07 06:03:56"
"695df729b5e8ec4eb8bfbcdf","694e8459de7d6e973533dcf5","unknown","Uncategorized","No","No","Yes",0,0,"2026-01-07 06:03:55"
"695df729b5e8ec4eb8bfbcdf","694e837ade7d6e973533dc22","unknown","Uncategorized","No","No","Yes",0,0,"2026-01-07 06:03:55"
"695df729b5e8ec4eb8bfbcdf","694e866cde7d6e973533deec","unknown","Uncategorized","No","No","Yes",0,0,"2026-01-07 06:03:52"
"695df729b5e8ec4eb8bfbcdf","694fc4ac4b0597937806c23e","unknown","Uncategorized","No","No","Yes",0,0,"2026-01-07 06:03:50"
"695df729b5e8ec4eb8bfbcdf","694fc4fe4b0597937806c2fc","unknown","Uncategorized","No","No","Yes",0,0,"2026-01-07 06:03:49"
"695df729b5e8ec4eb8bfbcdf","694fc57a4b0597937806c386","unknown","Uncategorized","No","No","Yes",0,0,"2026-01-07 06:03:33"
"6915845ff4af6c516dc1ae90","694a93687cbb8cca3ea6cea8","unknown","Uncategorized","No","No","Yes",0,0,"2026-01-07 06:02:25"
"6915845ff4af6c516dc1ae90","694b82eebbb7233f7acf7b48","unknown","Uncategorized","No","No","Yes",0,0,"2026-01-07 06:02:08"
"6915845ff4af6c516dc1ae90","694b833dbbb7233f7acf7b72","unknown","Uncategorized","No","No","Yes",0,0,"2026-01-07 06:02:06"
"6915845ff4af6c516dc1ae90","694b88877cbb8cca3ea6d79f","unknown","Uncategorized","No","No","Yes",0,0,"2026-01-07 06:02:01"
"6915845ff4af6c516dc1ae90","694b8d427cbb8cca3ea6d9f7","unknown","Uncategorized","No","No","Yes",0,0,"2026-01-07 06:01:59"
"6915845ff4af6c516dc1ae90","694bc1a17f3896c99b2d463a","unknown","Uncategorized","No","No","Yes",0,0,"2026-01-07 06:01:56"
"6915845ff4af6c516dc1ae90","694b8e047cbb8cca3ea6da77","unknown","Uncategorized","No","No","Yes",0,0,"2026-01-07 06:01:56"
"6915845ff4af6c516dc1ae90","694bc2297f3896c99b2d46f8","unknown","Uncategorized","No","No","Yes",0,0,"2026-01-07 06:01:51"
"6915845ff4af6c516dc1ae90","694cf8581a80800852657412","unknown","Uncategorized","No","No","Yes",0,0,"2026-01-07 06:01:48"
"6915845ff4af6c516dc1ae90","694be910273769a95594eefd","unknown","Uncategorized","No","No","Yes",0,0,"2026-01-07 06:01:48"
"6915845ff4af6c516dc1ae90","694e837ade7d6e973533dc22","unknown","Uncategorized","No","No","Yes",0,0,"2026-01-07 06:01:44"
"6915845ff4af6c516dc1ae90","694e866cde7d6e973533deec","unknown","Uncategorized","No","No","Yes",0,0,"2026-01-07 06:01:43"
"6915845ff4af6c516dc1ae90","694e8459de7d6e973533dcf5","unknown","Uncategorized","No","No","Yes",0,0,"2026-01-07 06:01:43"
"691c0bf06b68b5bc9f69d70b","694e866cde7d6e973533deec","unknown","Uncategorized","No","No","Yes",0,0,"2026-01-07 04:45:03"
"691c0bf06b68b5bc9f69d70b","694fc4ac4b0597937806c23e","unknown","Uncategorized","No","No","Yes",0,0,"2026-01-07 04:44:55"
"695b4dc915dc92389dbe4ebe","694fc4ac4b0597937806c23e","unknown","Uncategorized","No","No","Yes",0,0,"2026-01-05 05:37:01"
"695b4dc915dc92389dbe4ebe","694e866cde7d6e973533deec","unknown","Uncategorized","No","No","Yes",0,0,"2026-01-05 05:37:01"
"695b4dc915dc92389dbe4ebe","694fc4fe4b0597937806c2fc","unknown","Uncategorized","No","No","Yes",0,0,"2026-01-05 05:36:59"
"695b4dc915dc92389dbe4ebe","694fc57a4b0597937806c386","unknown","Uncategorized","No","No","Yes",0,0,"2026-01-05 05:36:44"
"695b4d2a1987b3b857a32848","694be910273769a95594eefd","unknown","Uncategorized","No","No","Yes",0,0,"2026-01-05 05:34:58"
"695b4d2a1987b3b857a32848","694cf8581a80800852657412","unknown","Uncategorized","No","No","Yes",0,0,"2026-01-05 05:34:53"
"695b4d2a1987b3b857a32848","694e837ade7d6e973533dc22","unknown","Uncategorized","No","No","Yes",0,0,"2026-01-05 05:34:48"
"695b4d2a1987b3b857a32848","694e8459de7d6e973533dcf5","unknown","Uncategorized","No","No","Yes",0,0,"2026-01-05 05:34:46"
"695b4d2a1987b3b857a32848","694e866cde7d6e973533deec","unknown","Uncategorized","No","No","Yes",0,0,"2026-01-05 05:34:45"
"695b4d2a1987b3b857a32848","694fc4ac4b0597937806c23e","unknown","Uncategorized","No","No","Yes",0,0,"2026-01-05 05:34:44"
"695b4d2a1987b3b857a32848","694fc4fe4b0597937806c2fc","unknown","Uncategorized","No","No","Yes",0,0,"2026-01-05 05:34:43"
"695b4d2a1987b3b857a32848","694fc57a4b0597937806c386","unknown","Uncategorized","No","No","Yes",0,0,"2026-01-05 05:34:31"
"695b4cff1987b3b857a327a7","694bc2297f3896c99b2d46f8","unknown","Uncategorized","No","No","Yes",0,0,"2026-01-05 05:34:22"
"695b4cff1987b3b857a327a7","694be910273769a95594eefd","unknown","Uncategorized","No","No","Yes",0,0,"2026-01-05 05:34:21"
"695b4cff1987b3b857a327a7","694cf8581a80800852657412","unknown","Uncategorized","No","No","Yes",0,0,"2026-01-05 05:34:19"
"695b4d051987b3b857a327c5","694fc4fe4b0597937806c2fc","unknown","Uncategorized","No","No","Yes",0,0,"2026-01-05 05:34:07"
"695b4d0c1987b3b857a327df","694bc2297f3896c99b2d46f8","unknown","Uncategorized","No","No","Yes",0,0,"2026-01-05 05:33:57"
"695b4d0c1987b3b857a327df","694cf8581a80800852657412","unknown","Uncategorized","No","No","Yes",0,0,"2026-01-05 05:33:56"
"695b4d0c1987b3b857a327df","694be910273769a95594eefd","unknown","Uncategorized","No","No","Yes",0,0,"2026-01-05 05:33:56"
"695b4d0c1987b3b857a327df","694e837ade7d6e973533dc22","unknown","Uncategorized","No","No","Yes",0,0,"2026-01-05 05:33:54"
"695b4d0c1987b3b857a327df","694e866cde7d6e973533deec","unknown","Uncategorized","No","No","Yes",0,0,"2026-01-05 05:33:53"
"695b4d0c1987b3b857a327df","694e8459de7d6e973533dcf5","unknown","Uncategorized","No","No","Yes",0,0,"2026-01-05 05:33:53"
"695b4d0c1987b3b857a327df","694fc4ac4b0597937806c23e","unknown","Uncategorized","No","No","Yes",0,0,"2026-01-05 05:33:52"
"695b4d0c1987b3b857a327df","694fc4fe4b0597937806c2fc","unknown","Uncategorized","No","No","Yes",0,0,"2026-01-05 05:33:50"
"695b4d0c1987b3b857a327df","694fc57a4b0597937806c386","unknown","Uncategorized","No","No","Yes",0,0,"2026-01-05 05:33:46"
"695b4cff1987b3b857a327a7","694fc4ac4b0597937806c23e","unknown","Uncategorized","No","No","Yes",0,0,"2026-01-05 05:33:38"
"695b4cff1987b3b857a327a7","694e866cde7d6e973533deec","unknown","Uncategorized","No","No","Yes",0,0,"2026-01-05 05:33:38"
"695b4cff1987b3b857a327a7","694e8459de7d6e973533dcf5","unknown","Uncategorized","No","No","Yes",0,0,"2026-01-05 05:33:38"
"695b4cff1987b3b857a327a7","694e837ade7d6e973533dc22","unknown","Uncategorized","No","No","Yes",0,0,"2026-01-05 05:33:38"
"695b4d051987b3b857a327c5","694fc57a4b0597937806c386","unknown","Uncategorized","No","No","Yes",0,0,"2026-01-05 05:33:24"
"695b4cff1987b3b857a327a7","694fc4fe4b0597937806c2fc","unknown","Uncategorized","No","No","Yes",0,0,"2026-01-05 05:33:17"
"695b4cff1987b3b857a327a7","694fc57a4b0597937806c386","unknown","Uncategorized","No","No","Yes",0,0,"2026-01-05 05:33:07"
"695b4caa1987b3b857a32674","694fc4fe4b0597937806c2fc","unknown","Uncategorized","No","No","Yes",0,0,"2026-01-05 05:31:51"
"695b4caa1987b3b857a32674","694fc57a4b0597937806c386","unknown","Uncategorized","No","No","Yes",0,0,"2026-01-05 05:31:41"
"695b3bce5b1427931448dbad","694e8459de7d6e973533dcf5","unknown","Uncategorized","No","No","Yes",0,0,"2026-01-05 04:20:12"
"695b3bce5b1427931448dbad","694e837ade7d6e973533dc22","unknown","Uncategorized","No","No","Yes",0,0,"2026-01-05 04:20:12"
"695b3bce5b1427931448dbad","694e866cde7d6e973533deec","unknown","Uncategorized","No","No","Yes",0,0,"2026-01-05 04:19:58"
"695b3bce5b1427931448dbad","694fc4fe4b0597937806c2fc","unknown","Uncategorized","No","No","Yes",0,0,"2026-01-05 04:19:53"
"695b3bce5b1427931448dbad","694fc4ac4b0597937806c23e","unknown","Uncategorized","No","No","Yes",0,0,"2026-01-05 04:19:53"
"695b3bce5b1427931448dbad","694fc57a4b0597937806c386","unknown","Uncategorized","No","No","Yes",0,0,"2026-01-05 04:19:47"
"690054c6fb26e417408f72a7","6958d4f436d98369368637c4","unknown","Uncategorized","No","No","Yes",0,3,"2026-01-03 11:46:44"
"6948e8fb7cbb8cca3ea6a555","694b82eebbb7233f7acf7b48","unknown","Uncategorized","No","No","Yes",0,0,"2026-01-03 11:02:42"
"6948e8fb7cbb8cca3ea6a555","694b833dbbb7233f7acf7b72","unknown","Uncategorized","No","No","Yes",0,0,"2026-01-03 11:02:38"
"6948e8fb7cbb8cca3ea6a555","694b88877cbb8cca3ea6d79f","unknown","Uncategorized","No","No","Yes",0,0,"2026-01-03 09:47:14"
"6948e8fb7cbb8cca3ea6a555","694b8d427cbb8cca3ea6d9f7","unknown","Uncategorized","No","No","Yes",0,0,"2026-01-03 09:47:13"
"6948e8fb7cbb8cca3ea6a555","694bc1a17f3896c99b2d463a","unknown","Uncategorized","No","No","Yes",0,0,"2026-01-03 09:47:12"
"6948e8fb7cbb8cca3ea6a555","694b8e047cbb8cca3ea6da77","unknown","Uncategorized","No","No","Yes",0,0,"2026-01-03 09:47:12"
"6948e8a47cbb8cca3ea6a357","694e837ade7d6e973533dc22","unknown","Uncategorized","No","No","Yes",0,0,"2026-01-03 09:46:37"
"6948e8a47cbb8cca3ea6a357","694e8459de7d6e973533dcf5","unknown","Uncategorized","No","No","Yes",0,0,"2026-01-03 09:46:36"
"6948e8e37cbb8cca3ea6a4b2","694b833dbbb7233f7acf7b72","unknown","Uncategorized","No","No","Yes",0,0,"2026-01-03 09:45:53"
"6948e8e37cbb8cca3ea6a4b2","694a93687cbb8cca3ea6cea8","unknown","Uncategorized","No","No","Yes",0,0,"2026-01-03 09:45:34"
"6948e8e37cbb8cca3ea6a4b2","694b82eebbb7233f7acf7b48","unknown","Uncategorized","No","No","Yes",0,0,"2026-01-03 09:45:33"
"6948e8e37cbb8cca3ea6a4b2","694bc1a17f3896c99b2d463a","unknown","Uncategorized","No","No","Yes",0,0,"2026-01-03 09:45:32"
"6948e8e37cbb8cca3ea6a4b2","694b8e047cbb8cca3ea6da77","unknown","Uncategorized","No","No","Yes",0,0,"2026-01-03 09:45:32"
"6948e8e37cbb8cca3ea6a4b2","694b8d427cbb8cca3ea6d9f7","unknown","Uncategorized","No","No","Yes",0,0,"2026-01-03 09:45:32"
"6948e8e37cbb8cca3ea6a4b2","694b88877cbb8cca3ea6d79f","unknown","Uncategorized","No","No","Yes",0,0,"2026-01-03 09:45:32"
"6948e8fb7cbb8cca3ea6a555","694cf8581a80800852657412","unknown","Uncategorized","No","No","Yes",0,0,"2026-01-03 09:45:15"
"6948e8fb7cbb8cca3ea6a555","694be910273769a95594eefd","unknown","Uncategorized","No","No","Yes",0,0,"2026-01-03 09:45:15"
"6948e8fb7cbb8cca3ea6a555","694bc2297f3896c99b2d46f8","unknown","Uncategorized","No","No","Yes",0,0,"2026-01-03 09:45:15"
"6948e8fb7cbb8cca3ea6a555","694e837ade7d6e973533dc22","unknown","Uncategorized","No","No","Yes",0,0,"2026-01-03 09:45:14"
"6948e8fb7cbb8cca3ea6a555","694e866cde7d6e973533deec","unknown","Uncategorized","No","No","Yes",0,0,"2026-01-03 09:45:13"
"6948e8fb7cbb8cca3ea6a555","694e8459de7d6e973533dcf5","unknown","Uncategorized","No","No","Yes",0,0,"2026-01-03 09:45:13"
"6948e8fb7cbb8cca3ea6a555","694fc4fe4b0597937806c2fc","unknown","Uncategorized","No","No","Yes",0,0,"2026-01-03 09:45:12"
"6948e8fb7cbb8cca3ea6a555","694fc4ac4b0597937806c23e","unknown","Uncategorized","No","No","Yes",0,0,"2026-01-03 09:45:12"
"6948e8fb7cbb8cca3ea6a555","694fc57a4b0597937806c386","unknown","Uncategorized","No","No","Yes",0,0,"2026-01-03 09:45:05"
"6948e8e37cbb8cca3ea6a4b2","694e837ade7d6e973533dc22","unknown","Uncategorized","No","No","Yes",0,0,"2026-01-03 09:44:37"
"6948e8e37cbb8cca3ea6a4b2","694cf8581a80800852657412","unknown","Uncategorized","No","No","Yes",0,0,"2026-01-03 09:44:37"
"6948e8e37cbb8cca3ea6a4b2","694be910273769a95594eefd","unknown","Uncategorized","No","No","Yes",0,0,"2026-01-03 09:44:37"
"6948e8e37cbb8cca3ea6a4b2","694bc2297f3896c99b2d46f8","unknown","Uncategorized","No","No","Yes",0,0,"2026-01-03 09:44:37"
"6948e8e37cbb8cca3ea6a4b2","694e8459de7d6e973533dcf5","unknown","Uncategorized","No","No","Yes",0,0,"2026-01-03 09:44:36"
"6948e8e37cbb8cca3ea6a4b2","694fc4fe4b0597937806c2fc","unknown","Uncategorized","No","No","Yes",0,0,"2026-01-03 09:44:25"
"6948e8e37cbb8cca3ea6a4b2","694fc4ac4b0597937806c23e","unknown","Uncategorized","No","No","Yes",0,0,"2026-01-03 09:44:25"
"6948e8e37cbb8cca3ea6a4b2","694e866cde7d6e973533deec","unknown","Uncategorized","No","No","Yes",0,0,"2026-01-03 09:44:25"
"6948e8e37cbb8cca3ea6a4b2","694fc57a4b0597937806c386","unknown","Uncategorized","No","No","Yes",0,0,"2026-01-03 09:44:19"
"6915845ff4af6c516dc1ae90","694fc4ac4b0597937806c23e","unknown","Uncategorized","No","No","Yes",0,0,"2026-01-03 09:39:57"
"694e2438c4aba06b836eadfd","694b8e047cbb8cca3ea6da77","unknown","Uncategorized","No","No","Yes",0,0,"2026-01-03 07:39:54"
"694e2438c4aba06b836eadfd","694bc1a17f3896c99b2d463a","unknown","Uncategorized","No","No","Yes",0,0,"2026-01-03 07:39:50"
"694e2438c4aba06b836eadfd","694bc2297f3896c99b2d46f8","unknown","Uncategorized","No","No","Yes",0,0,"2026-01-03 07:39:27"
"6948e94b7cbb8cca3ea6a723","694e8459de7d6e973533dcf5","unknown","Uncategorized","No","No","Yes",0,0,"2026-01-03 07:35:18"
"6948e94b7cbb8cca3ea6a723","694e837ade7d6e973533dc22","unknown","Uncategorized","No","No","Yes",0,0,"2026-01-03 07:35:18"
"6948e94b7cbb8cca3ea6a723","694e866cde7d6e973533deec","unknown","Uncategorized","No","No","Yes",0,0,"2026-01-03 07:35:17"
"6948e94b7cbb8cca3ea6a723","694fc4ac4b0597937806c23e","unknown","Uncategorized","No","No","Yes",0,0,"2026-01-03 07:34:10"
"6923e91497388df4028311b1","694bc1a17f3896c99b2d463a","unknown","Uncategorized","No","No","Yes",0,0,"2026-01-03 07:30:37"
"6923e91497388df4028311b1","694bc2297f3896c99b2d46f8","unknown","Uncategorized","No","No","Yes",0,0,"2026-01-03 07:30:35"
"6923e91497388df4028311b1","694cf8581a80800852657412","unknown","Uncategorized","No","No","Yes",0,0,"2026-01-03 07:30:34"
"6923e91497388df4028311b1","694be910273769a95594eefd","unknown","Uncategorized","No","No","Yes",0,0,"2026-01-03 07:30:34"
"6923e91497388df4028311b1","694e837ade7d6e973533dc22","unknown","Uncategorized","No","No","Yes",0,0,"2026-01-03 07:27:06"
"6923e91497388df4028311b1","694e8459de7d6e973533dcf5","unknown","Uncategorized","No","No","Yes",0,0,"2026-01-03 07:19:37"
"6952342190a008b6dd8547b7","694cf8581a80800852657412","unknown","Uncategorized","No","No","Yes",0,0,"2026-01-03 07:17:57"
"6952342190a008b6dd8547b7","694e8459de7d6e973533dcf5","unknown","Uncategorized","No","No","Yes",0,0,"2026-01-03 07:17:56"
"6952342190a008b6dd8547b7","694e837ade7d6e973533dc22","unknown","Uncategorized","No","No","Yes",0,0,"2026-01-03 07:17:56"
"6952342190a008b6dd8547b7","694e866cde7d6e973533deec","unknown","Uncategorized","No","No","Yes",0,0,"2026-01-03 07:17:54"
"6952342190a008b6dd8547b7","694fc4ac4b0597937806c23e","unknown","Uncategorized","No","No","Yes",0,0,"2026-01-03 07:17:53"
"6948e94b7cbb8cca3ea6a723","694fc4fe4b0597937806c2fc","unknown","Uncategorized","No","No","Yes",0,0,"2026-01-03 07:17:40"
"6948e94b7cbb8cca3ea6a723","694fc57a4b0597937806c386","unknown","Uncategorized","No","No","Yes",0,0,"2026-01-03 07:17:35"
"6948f8937cbb8cca3ea6b00e","694fc57a4b0597937806c386","unknown","Uncategorized","No","No","Yes",0,0,"2026-01-03 07:17:08"
"6948f8937cbb8cca3ea6b00e","694fc4fe4b0597937806c2fc","unknown","Uncategorized","No","No","Yes",0,0,"2026-01-03 07:17:08"
"69523142d8be214d5f6420e8","694e8459de7d6e973533dcf5","unknown","Uncategorized","No","No","Yes",0,0,"2026-01-03 07:16:19"
"69523142d8be214d5f6420e8","694cf8581a80800852657412","unknown","Uncategorized","No","No","Yes",0,0,"2026-01-03 07:16:19"
"69523142d8be214d5f6420e8","694e837ade7d6e973533dc22","unknown","Uncategorized","No","No","Yes",0,0,"2026-01-03 07:16:19"
"69523142d8be214d5f6420e8","694be910273769a95594eefd","unknown","Uncategorized","No","No","Yes",0,0,"2026-01-03 07:16:19"
"6923e91497388df4028311b1","6933ed2a9de99402231df7d4","unknown","Uncategorized","No","No","Yes",0,0,"2026-01-03 07:16:12"
"6923e91497388df4028311b1","6933fbac3eb6c35f69778a37","unknown","Uncategorized","No","No","Yes",0,0,"2026-01-03 07:16:07"
"6923e91497388df4028311b1","6933edc69de99402231df85f","unknown","Uncategorized","No","No","Yes",0,0,"2026-01-03 07:16:07"
"6948e9307cbb8cca3ea6a685","694fc57a4b0597937806c386","unknown","Uncategorized","No","No","Yes",0,0,"2026-01-03 07:15:42"
"6948e8c07cbb8cca3ea6a3cb","694fc57a4b0597937806c386","unknown","Uncategorized","No","No","Yes",0,0,"2026-01-03 07:14:40"
"6923e91497388df4028311b1","694e866cde7d6e973533deec","unknown","Uncategorized","No","No","Yes",0,0,"2026-01-03 07:10:31"
"694e2460c4aba06b836eaebe","694e8459de7d6e973533dcf5","unknown","Uncategorized","No","No","Yes",0,0,"2026-01-03 07:10:22"
"6923e91497388df4028311b1","694fc4ac4b0597937806c23e","unknown","Uncategorized","No","No","Yes",0,0,"2026-01-03 07:10:22"
"694e2460c4aba06b836eaebe","694e837ade7d6e973533dc22","unknown","Uncategorized","No","No","Yes",0,0,"2026-01-03 07:10:22"
"6923e91497388df4028311b1","694fc4fe4b0597937806c2fc","unknown","Uncategorized","No","No","Yes",0,0,"2026-01-03 07:07:56"
"694e2460c4aba06b836eaebe","694e866cde7d6e973533deec","unknown","Uncategorized","No","No","Yes",0,0,"2026-01-03 07:06:39"
"6923e91497388df4028311b1","694fc57a4b0597937806c386","unknown","Uncategorized","No","No","Yes",0,0,"2026-01-03 07:06:12"
"6958bd0d0ebf71b8192d3579","694fc4ac4b0597937806c23e","unknown","Uncategorized","No","No","Yes",0,0,"2026-01-03 07:04:57"
"6958bbe69497a5d542b26ebf","694e866cde7d6e973533deec","unknown","Uncategorized","No","No","Yes",0,0,"2026-01-03 07:03:51"
"6958bbe69497a5d542b26ebf","694fc4ac4b0597937806c23e","unknown","Uncategorized","No","No","Yes",0,0,"2026-01-03 07:03:50"
"694e23dec4aba06b836ead25","694b8e047cbb8cca3ea6da77","unknown","Uncategorized","No","No","Yes",0,0,"2026-01-03 07:02:22"
"6958bbe69497a5d542b26ebf","694fc57a4b0597937806c386","unknown","Uncategorized","No","No","Yes",0,0,"2026-01-03 07:01:58"
"6958bbe69497a5d542b26ebf","694fc4fe4b0597937806c2fc","unknown","Uncategorized","No","No","Yes",0,0,"2026-01-03 07:01:58"
"694e2460c4aba06b836eaebe","694fc4ac4b0597937806c23e","unknown","Uncategorized","No","No","Yes",0,0,"2026-01-03 06:59:51"
"694e2460c4aba06b836eaebe","694fc57a4b0597937806c386","unknown","Uncategorized","No","No","Yes",0,0,"2026-01-03 06:59:34"
"694e2460c4aba06b836eaebe","694fc4fe4b0597937806c2fc","unknown","Uncategorized","No","No","Yes",0,0,"2026-01-03 06:59:34"
"6958bdec450d79a72d3ce085","694b8e047cbb8cca3ea6da77","unknown","Uncategorized","No","No","Yes",0,0,"2026-01-03 06:58:17"
"6958bdec450d79a72d3ce085","694bc1a17f3896c99b2d463a","unknown","Uncategorized","No","No","Yes",0,0,"2026-01-03 06:58:15"
"6958bdec450d79a72d3ce085","694bc2297f3896c99b2d46f8","unknown","Uncategorized","No","No","Yes",0,0,"2026-01-03 06:58:14"
"6958bdec450d79a72d3ce085","694be910273769a95594eefd","unknown","Uncategorized","No","No","Yes",0,0,"2026-01-03 06:58:13"
"6958bdec450d79a72d3ce085","694cf8581a80800852657412","unknown","Uncategorized","No","No","Yes",0,0,"2026-01-03 06:58:12"
"6958bdec450d79a72d3ce085","694e8459de7d6e973533dcf5","unknown","Uncategorized","No","No","Yes",0,0,"2026-01-03 06:58:11"
"6958bdec450d79a72d3ce085","694e837ade7d6e973533dc22","unknown","Uncategorized","No","No","Yes",0,0,"2026-01-03 06:58:11"
"6958bdec450d79a72d3ce085","694e866cde7d6e973533deec","unknown","Uncategorized","No","No","Yes",0,0,"2026-01-03 06:58:10"
"6958bdec450d79a72d3ce085","694fc4ac4b0597937806c23e","unknown","Uncategorized","No","No","Yes",0,0,"2026-01-03 06:58:06"
"6958bdec450d79a72d3ce085","694fc4fe4b0597937806c2fc","unknown","Uncategorized","No","No","Yes",0,0,"2026-01-03 06:58:05"
"6958bdec450d79a72d3ce085","694fc57a4b0597937806c386","unknown","Uncategorized","No","No","Yes",0,0,"2026-01-03 06:58:00"
"694e234c755a8fff2b172875","694e866cde7d6e973533deec","unknown","Uncategorized","No","No","Yes",0,0,"2026-01-03 06:57:06"
"694e234c755a8fff2b172875","694fc4ac4b0597937806c23e","unknown","Uncategorized","No","No","Yes",0,0,"2026-01-03 06:56:56"
"694e234c755a8fff2b172875","694fc4fe4b0597937806c2fc","unknown","Uncategorized","No","No","Yes",0,0,"2026-01-03 06:56:48"
"694e2486c4aba06b836eaf44","694e8459de7d6e973533dcf5","unknown","Uncategorized","No","No","Yes",0,0,"2026-01-03 06:55:27"
"694e2486c4aba06b836eaf44","694e837ade7d6e973533dc22","unknown","Uncategorized","No","No","Yes",0,0,"2026-01-03 06:55:27"
"6958bc740ebf71b8192d339a","694b8e047cbb8cca3ea6da77","unknown","Uncategorized","No","No","Yes",0,0,"2026-01-03 06:54:49"
"6958bc740ebf71b8192d339a","694e8459de7d6e973533dcf5","unknown","Uncategorized","No","No","Yes",0,0,"2026-01-03 06:54:48"
"6958bc740ebf71b8192d339a","694e837ade7d6e973533dc22","unknown","Uncategorized","No","No","Yes",0,0,"2026-01-03 06:54:48"
"6958bc740ebf71b8192d339a","694cf8581a80800852657412","unknown","Uncategorized","No","No","Yes",0,0,"2026-01-03 06:54:48"
"6958bc740ebf71b8192d339a","694bc2297f3896c99b2d46f8","unknown","Uncategorized","No","No","Yes",0,0,"2026-01-03 06:54:48"
"6958bc740ebf71b8192d339a","694be910273769a95594eefd","unknown","Uncategorized","No","No","Yes",0,0,"2026-01-03 06:54:48"
"6958bc740ebf71b8192d339a","694bc1a17f3896c99b2d463a","unknown","Uncategorized","No","No","Yes",0,0,"2026-01-03 06:54:48"
"6958bd0d0ebf71b8192d3579","694fc57a4b0597937806c386","unknown","Uncategorized","No","No","Yes",0,0,"2026-01-03 06:54:34"
"6958bd0d0ebf71b8192d3579","694fc4fe4b0597937806c2fc","unknown","Uncategorized","No","No","Yes",0,0,"2026-01-03 06:54:34"
"694e2486c4aba06b836eaf44","694e866cde7d6e973533deec","unknown","Uncategorized","No","No","Yes",0,0,"2026-01-03 06:53:02"
"694e2438c4aba06b836eadfd","694e8459de7d6e973533dcf5","unknown","Uncategorized","No","No","Yes",0,0,"2026-01-03 06:52:15"
"694e2438c4aba06b836eadfd","694e837ade7d6e973533dc22","unknown","Uncategorized","No","No","Yes",0,0,"2026-01-03 06:52:15"
"694e2438c4aba06b836eadfd","694e866cde7d6e973533deec","unknown","Uncategorized","No","No","Yes",0,0,"2026-01-03 06:52:14"
"694e2438c4aba06b836eadfd","694fc4ac4b0597937806c23e","unknown","Uncategorized","No","No","Yes",0,0,"2026-01-03 06:52:13"
"6958bc740ebf71b8192d339a","694e866cde7d6e973533deec","unknown","Uncategorized","No","No","Yes",0,0,"2026-01-03 06:51:51"
"6958bc740ebf71b8192d339a","694fc4ac4b0597937806c23e","unknown","Uncategorized","No","No","Yes",0,0,"2026-01-03 06:51:48"
"6958bc740ebf71b8192d339a","694fc57a4b0597937806c386","unknown","Uncategorized","No","No","Yes",0,0,"2026-01-03 06:51:40"
"6958bc740ebf71b8192d339a","694fc4fe4b0597937806c2fc","unknown","Uncategorized","No","No","Yes",0,0,"2026-01-03 06:51:40"
"694e2438c4aba06b836eadfd","694fc4fe4b0597937806c2fc","unknown","Uncategorized","No","No","Yes",0,0,"2026-01-03 06:51:30"
"694e2438c4aba06b836eadfd","694fc57a4b0597937806c386","unknown","Uncategorized","No","No","Yes",0,0,"2026-01-03 06:51:30"
"694e2486c4aba06b836eaf44","694fc4ac4b0597937806c23e","unknown","Uncategorized","No","No","Yes",0,0,"2026-01-03 06:51:02"
"694e2486c4aba06b836eaf44","694fc4fe4b0597937806c2fc","unknown","Uncategorized","No","No","Yes",0,0,"2026-01-03 06:50:22"
"694e2486c4aba06b836eaf44","694fc57a4b0597937806c386","unknown","Uncategorized","No","No","Yes",0,0,"2026-01-03 06:50:22"
"694e238c755a8fff2b1728be","694e866cde7d6e973533deec","unknown","Uncategorized","No","No","Yes",0,0,"2026-01-03 06:48:29"
"694e238c755a8fff2b1728be","694fc4ac4b0597937806c23e","unknown","Uncategorized","No","No","Yes",0,0,"2026-01-03 06:48:25"
"694e23dec4aba06b836ead25","694bc1a17f3896c99b2d463a","unknown","Uncategorized","No","No","Yes",0,0,"2026-01-03 06:48:10"
"694e238c755a8fff2b1728be","694fc57a4b0597937806c386","unknown","Uncategorized","No","No","Yes",0,0,"2026-01-03 06:48:02"
"694e238c755a8fff2b1728be","694fc4fe4b0597937806c2fc","unknown","Uncategorized","No","No","Yes",0,0,"2026-01-03 06:48:02"
"694e23dec4aba06b836ead25","694bc2297f3896c99b2d46f8","unknown","Uncategorized","No","No","Yes",0,0,"2026-01-03 06:47:15"
"694e244bc4aba06b836eae45","694e866cde7d6e973533deec","unknown","Uncategorized","No","No","Yes",0,0,"2026-01-03 06:45:59"
"694e23dec4aba06b836ead25","694e837ade7d6e973533dc22","unknown","Uncategorized","No","No","Yes",0,0,"2026-01-03 06:45:54"
"694e23dec4aba06b836ead25","694e8459de7d6e973533dcf5","unknown","Uncategorized","No","No","Yes",0,0,"2026-01-03 06:45:53"
"694e234c755a8fff2b172875","694fc57a4b0597937806c386","unknown","Uncategorized","No","No","Yes",0,0,"2026-01-03 06:45:43"
"694e23dec4aba06b836ead25","694fc4ac4b0597937806c23e","unknown","Uncategorized","No","No","Yes",0,0,"2026-01-03 06:45:42"
"694e23dec4aba06b836ead25","694e866cde7d6e973533deec","unknown","Uncategorized","No","No","Yes",0,0,"2026-01-03 06:45:42"
"694e2406c4aba06b836ead57","694fc4ac4b0597937806c23e","unknown","Uncategorized","No","No","Yes",0,0,"2026-01-03 06:45:33"
"694e23dec4aba06b836ead25","694fc57a4b0597937806c386","unknown","Uncategorized","No","No","Yes",0,0,"2026-01-03 06:45:32"
"694e23dec4aba06b836ead25","694fc4fe4b0597937806c2fc","unknown","Uncategorized","No","No","Yes",0,0,"2026-01-03 06:45:32"
"694e2406c4aba06b836ead57","694fc4fe4b0597937806c2fc","unknown","Uncategorized","No","No","Yes",0,0,"2026-01-03 06:45:32"
"694e2406c4aba06b836ead57","694fc57a4b0597937806c386","unknown","Uncategorized","No","No","Yes",0,0,"2026-01-03 06:45:26"
"694e244bc4aba06b836eae45","694fc4ac4b0597937806c23e","unknown","Uncategorized","No","No","Yes",0,0,"2026-01-03 06:42:55"
"694e2448c4aba06b836eae05","694b82eebbb7233f7acf7b48","unknown","Uncategorized","No","No","Yes",0,0,"2026-01-03 06:42:45"
"694e2448c4aba06b836eae05","694a93687cbb8cca3ea6cea8","unknown","Uncategorized","No","No","Yes",0,0,"2026-01-03 06:42:42"
"694e2448c4aba06b836eae05","694e8459de7d6e973533dcf5","unknown","Uncategorized","No","No","Yes",0,0,"2026-01-03 06:42:39"
"694e2448c4aba06b836eae05","694e837ade7d6e973533dc22","unknown","Uncategorized","No","No","Yes",0,0,"2026-01-03 06:42:39"
"694e244bc4aba06b836eae45","694fc57a4b0597937806c386","unknown","Uncategorized","No","No","Yes",0,0,"2026-01-03 06:41:43"
"694e244bc4aba06b836eae45","694fc4fe4b0597937806c2fc","unknown","Uncategorized","No","No","Yes",0,0,"2026-01-03 06:41:43"
"694e2448c4aba06b836eae05","694fc4fe4b0597937806c2fc","unknown","Uncategorized","No","No","Yes",0,0,"2026-01-03 06:40:05"
"694e2448c4aba06b836eae05","694fc4ac4b0597937806c23e","unknown","Uncategorized","No","No","Yes",0,0,"2026-01-03 06:40:05"
"694e2448c4aba06b836eae05","694e866cde7d6e973533deec","unknown","Uncategorized","No","No","Yes",0,0,"2026-01-03 06:40:05"
"6958b61b5a1719141db174ce","694a8c697cbb8cca3ea6c9ae","unknown","Uncategorized","No","No","Yes",0,0,"2026-01-03 06:32:57"
"6958b61b5a1719141db174ce","694a8c657cbb8cca3ea6c96b","unknown","Uncategorized","No","No","Yes",0,0,"2026-01-03 06:31:43"
"6958b61b5a1719141db174ce","694a89e87cbb8cca3ea6c74b","unknown","Uncategorized","No","No","Yes",0,0,"2026-01-03 06:31:43"
"6958b61b5a1719141db174ce","694a93687cbb8cca3ea6cea8","unknown","Uncategorized","No","No","Yes",0,0,"2026-01-03 06:31:33"
"6958b61b5a1719141db174ce","694b82eebbb7233f7acf7b48","unknown","Uncategorized","No","No","Yes",0,0,"2026-01-03 06:31:23"
"6958b61b5a1719141db174ce","694b833dbbb7233f7acf7b72","unknown","Uncategorized","No","No","Yes",0,0,"2026-01-03 06:31:20"
"6958b61b5a1719141db174ce","694b88877cbb8cca3ea6d79f","unknown","Uncategorized","No","No","Yes",0,0,"2026-01-03 06:30:06"
"6958b61b5a1719141db174ce","694b8e047cbb8cca3ea6da77","unknown","Uncategorized","No","No","Yes",0,0,"2026-01-03 06:30:01"
"6958b61b5a1719141db174ce","694b8d427cbb8cca3ea6d9f7","unknown","Uncategorized","No","No","Yes",0,0,"2026-01-03 06:30:01"
"6958b61b5a1719141db174ce","694bc1a17f3896c99b2d463a","unknown","Uncategorized","No","No","Yes",0,0,"2026-01-03 06:29:57"
"6958b61b5a1719141db174ce","694bc2297f3896c99b2d46f8","unknown","Uncategorized","No","No","Yes",0,0,"2026-01-03 06:29:56"
"6958b61b5a1719141db174ce","694be910273769a95594eefd","unknown","Uncategorized","No","No","Yes",0,0,"2026-01-03 06:29:51"
"6958b61b5a1719141db174ce","694cf8581a80800852657412","unknown","Uncategorized","No","No","Yes",0,0,"2026-01-03 06:29:50"
"6958b61b5a1719141db174ce","694e837ade7d6e973533dc22","unknown","Uncategorized","No","No","Yes",0,0,"2026-01-03 06:29:49"
"6958b61b5a1719141db174ce","694e8459de7d6e973533dcf5","unknown","Uncategorized","No","No","Yes",0,0,"2026-01-03 06:29:47"
"6958b61b5a1719141db174ce","694e866cde7d6e973533deec","unknown","Uncategorized","No","No","Yes",0,0,"2026-01-03 06:29:45"
"6958b61b5a1719141db174ce","694fc4ac4b0597937806c23e","unknown","Uncategorized","No","No","Yes",0,0,"2026-01-03 06:29:44"
"6958b61b5a1719141db174ce","694fc57a4b0597937806c386","unknown","Uncategorized","No","No","Yes",0,0,"2026-01-03 06:29:36"
"6958b61b5a1719141db174ce","694fc4fe4b0597937806c2fc","unknown","Uncategorized","No","No","Yes",0,0,"2026-01-03 06:29:36"
"6958b1108fa381af9e73ec9e","694cf8581a80800852657412","unknown","Uncategorized","No","No","Yes",0,0,"2026-01-03 06:05:05"
"6958b1108fa381af9e73ec9e","694e837ade7d6e973533dc22","unknown","Uncategorized","No","No","Yes",0,0,"2026-01-03 06:05:03"
"6958b1108fa381af9e73ec9e","694e8459de7d6e973533dcf5","unknown","Uncategorized","No","No","Yes",0,0,"2026-01-03 06:05:00"
"6958b1108fa381af9e73ec9e","694e866cde7d6e973533deec","unknown","Uncategorized","No","No","Yes",0,0,"2026-01-03 06:04:58"
"6958b1108fa381af9e73ec9e","694fc4ac4b0597937806c23e","unknown","Uncategorized","No","No","Yes",0,0,"2026-01-03 06:03:46"
"6958b1108fa381af9e73ec9e","694fc4fe4b0597937806c2fc","unknown","Uncategorized","No","No","Yes",0,0,"2026-01-03 06:03:30"
"6958b1108fa381af9e73ec9e","694fc57a4b0597937806c386","unknown","Uncategorized","No","No","Yes",0,0,"2026-01-03 06:03:29"
"6958acc28a16ab37f13d8cf6","694e837ade7d6e973533dc22","unknown","Uncategorized","No","No","Yes",0,0,"2026-01-03 05:49:42"
"6958acc28a16ab37f13d8cf6","694cf8581a80800852657412","unknown","Uncategorized","No","No","Yes",0,0,"2026-01-03 05:49:42"
"6958acc28a16ab37f13d8cf6","694be910273769a95594eefd","unknown","Uncategorized","No","No","Yes",0,0,"2026-01-03 05:49:42"
"6958acc28a16ab37f13d8cf6","694bc2297f3896c99b2d46f8","unknown","Uncategorized","No","No","Yes",0,0,"2026-01-03 05:49:42"
"6958acc28a16ab37f13d8cf6","694bc1a17f3896c99b2d463a","unknown","Uncategorized","No","No","Yes",0,0,"2026-01-03 05:49:42"
"6958acc28a16ab37f13d8cf6","694e8459de7d6e973533dcf5","unknown","Uncategorized","No","No","Yes",0,0,"2026-01-03 05:49:27"
"6958acc28a16ab37f13d8cf6","694fc4ac4b0597937806c23e","unknown","Uncategorized","No","No","Yes",0,0,"2026-01-03 05:45:00"
"6958acc28a16ab37f13d8cf6","694e866cde7d6e973533deec","unknown","Uncategorized","No","No","Yes",0,0,"2026-01-03 05:45:00"
"6958acc28a16ab37f13d8cf6","694fc4fe4b0597937806c2fc","unknown","Uncategorized","No","No","Yes",0,0,"2026-01-03 05:44:43"
"6958acc28a16ab37f13d8cf6","694fc57a4b0597937806c386","unknown","Uncategorized","No","No","Yes",0,0,"2026-01-03 05:44:43"
"6958aad7f390f9d00f479b1c","694b82eebbb7233f7acf7b48","unknown","Uncategorized","No","No","Yes",0,0,"2026-01-03 05:43:29"
"6958aad7f390f9d00f479b1c","694b8d427cbb8cca3ea6d9f7","unknown","Uncategorized","No","No","Yes",0,0,"2026-01-03 05:43:28"
"6958aad7f390f9d00f479b1c","694b88877cbb8cca3ea6d79f","unknown","Uncategorized","No","No","Yes",0,0,"2026-01-03 05:43:28"
"6958aad7f390f9d00f479b1c","694b833dbbb7233f7acf7b72","unknown","Uncategorized","No","No","Yes",0,0,"2026-01-03 05:43:28"
"6958aaeef390f9d00f479c20","694b8e047cbb8cca3ea6da77","unknown","Uncategorized","No","No","Yes",0,0,"2026-01-03 05:43:10"
"6958ab7df390f9d00f47a0d8","694b8e047cbb8cca3ea6da77","unknown","Uncategorized","No","No","Yes",0,0,"2026-01-03 05:43:00"
"6958ab7df390f9d00f47a0d8","694bc2297f3896c99b2d46f8","unknown","Uncategorized","No","No","Yes",0,0,"2026-01-03 05:42:59"
"6958ab7df390f9d00f47a0d8","694bc1a17f3896c99b2d463a","unknown","Uncategorized","No","No","Yes",0,0,"2026-01-03 05:42:59"
"6958ab7df390f9d00f47a0d8","694cf8581a80800852657412","unknown","Uncategorized","No","No","Yes",0,0,"2026-01-03 05:42:58"
"6958ab7df390f9d00f47a0d8","694be910273769a95594eefd","unknown","Uncategorized","No","No","Yes",0,0,"2026-01-03 05:42:58"
"6958ab7df390f9d00f47a0d8","694e837ade7d6e973533dc22","unknown","Uncategorized","No","No","Yes",0,0,"2026-01-03 05:42:56"
"6958aad1f390f9d00f4799d6","694e866cde7d6e973533deec","unknown","Uncategorized","No","No","Yes",0,0,"2026-01-03 05:42:44"
"6958aad7f390f9d00f479b1c","694b8e047cbb8cca3ea6da77","unknown","Uncategorized","No","No","Yes",0,0,"2026-01-03 05:40:39"
"6958aad7f390f9d00f479b1c","694be910273769a95594eefd","unknown","Uncategorized","No","No","Yes",0,0,"2026-01-03 05:39:46"
"6958aad7f390f9d00f479b1c","694bc2297f3896c99b2d46f8","unknown","Uncategorized","No","No","Yes",0,0,"2026-01-03 05:39:46"
"6958aad7f390f9d00f479b1c","694bc1a17f3896c99b2d463a","unknown","Uncategorized","No","No","Yes",0,0,"2026-01-03 05:39:46"
"6958aad7f390f9d00f479b1c","694cf8581a80800852657412","unknown","Uncategorized","No","No","Yes",0,0,"2026-01-03 05:39:45"
"6958aad7f390f9d00f479b1c","694e8459de7d6e973533dcf5","unknown","Uncategorized","No","No","Yes",0,0,"2026-01-03 05:39:44"
"6958aad7f390f9d00f479b1c","694e837ade7d6e973533dc22","unknown","Uncategorized","No","No","Yes",0,0,"2026-01-03 05:39:44"
"6958ab7df390f9d00f47a0d8","694e8459de7d6e973533dcf5","unknown","Uncategorized","No","No","Yes",0,0,"2026-01-03 05:39:42"
"6958ab7df390f9d00f47a0d8","694fc4ac4b0597937806c23e","unknown","Uncategorized","No","No","Yes",0,0,"2026-01-03 05:39:41"
"6958ab7df390f9d00f47a0d8","694e866cde7d6e973533deec","unknown","Uncategorized","No","No","Yes",0,0,"2026-01-03 05:39:41"
"6958ab7df390f9d00f47a0d8","694fc57a4b0597937806c386","unknown","Uncategorized","No","No","Yes",0,0,"2026-01-03 05:39:30"
"6958ab7df390f9d00f47a0d8","694fc4fe4b0597937806c2fc","unknown","Uncategorized","No","No","Yes",0,0,"2026-01-03 05:39:30"
"6958aad1f390f9d00f4799d6","694fc4ac4b0597937806c23e","unknown","Uncategorized","No","No","Yes",0,0,"2026-01-03 05:38:37"
"6958aaeef390f9d00f479c20","694be910273769a95594eefd","unknown","Uncategorized","No","No","Yes",0,0,"2026-01-03 05:37:40"
"6958aaeef390f9d00f479c20","694bc2297f3896c99b2d46f8","unknown","Uncategorized","No","No","Yes",0,0,"2026-01-03 05:37:40"
"6958aaeef390f9d00f479c20","694bc1a17f3896c99b2d463a","unknown","Uncategorized","No","No","Yes",0,0,"2026-01-03 05:37:40"
"6958aaeef390f9d00f479c20","694e8459de7d6e973533dcf5","unknown","Uncategorized","No","No","Yes",0,0,"2026-01-03 05:37:37"
"6958aaeef390f9d00f479c20","694e837ade7d6e973533dc22","unknown","Uncategorized","No","No","Yes",0,0,"2026-01-03 05:37:37"
"6958aaeef390f9d00f479c20","694cf8581a80800852657412","unknown","Uncategorized","No","No","Yes",0,0,"2026-01-03 05:37:37"
"6958aaeef390f9d00f479c20","694fc4ac4b0597937806c23e","unknown","Uncategorized","No","No","Yes",0,0,"2026-01-03 05:37:34"
"6958aaeef390f9d00f479c20","694e866cde7d6e973533deec","unknown","Uncategorized","No","No","Yes",0,0,"2026-01-03 05:37:34"
"6958aaeef390f9d00f479c20","694fc57a4b0597937806c386","unknown","Uncategorized","No","No","Yes",0,0,"2026-01-03 05:37:21"
"6958aaeef390f9d00f479c20","694fc4fe4b0597937806c2fc","unknown","Uncategorized","No","No","Yes",0,0,"2026-01-03 05:37:21"
"6958aad1f390f9d00f4799d6","694fc57a4b0597937806c386","unknown","Uncategorized","No","No","Yes",0,0,"2026-01-03 05:36:53"
"6958aad1f390f9d00f4799d6","694fc4fe4b0597937806c2fc","unknown","Uncategorized","No","No","Yes",0,0,"2026-01-03 05:36:53"
"6958aad7f390f9d00f479b1c","694e866cde7d6e973533deec","unknown","Uncategorized","No","No","Yes",0,0,"2026-01-03 05:36:50"
"6958aad7f390f9d00f479b1c","694fc4ac4b0597937806c23e","unknown","Uncategorized","No","No","Yes",0,0,"2026-01-03 05:36:48"
"6958aad7f390f9d00f479b1c","694fc57a4b0597937806c386","unknown","Uncategorized","No","No","Yes",0,0,"2026-01-03 05:36:44"
"6958aad7f390f9d00f479b1c","694fc4fe4b0597937806c2fc","unknown","Uncategorized","No","No","Yes",0,0,"2026-01-03 05:36:44"
"6958aaa8214d96a85f5cf7fe","694fc4ac4b0597937806c23e","unknown","Uncategorized","No","No","Yes",0,0,"2026-01-03 05:35:55"
"6958aaa8214d96a85f5cf7fe","694fc57a4b0597937806c386","unknown","Uncategorized","No","No","Yes",0,0,"2026-01-03 05:35:49"
"6958aaa8214d96a85f5cf7fe","694fc4fe4b0597937806c2fc","unknown","Uncategorized","No","No","Yes",0,0,"2026-01-03 05:35:49"
"6958a733f400431120b180db","694e866cde7d6e973533deec","unknown","Uncategorized","No","No","Yes",0,0,"2026-01-03 05:31:29"
"6958a733f400431120b180db","694fc4ac4b0597937806c23e","unknown","Uncategorized","No","No","Yes",0,0,"2026-01-03 05:31:28"
"6958a2e3518424700e4ad42f","694e866cde7d6e973533deec","unknown","Uncategorized","No","No","Yes",0,0,"2026-01-03 05:29:55"
"6958a733f400431120b180db","694fc4fe4b0597937806c2fc","unknown","Uncategorized","No","No","Yes",0,0,"2026-01-03 05:21:39"
"6958a733f400431120b180db","694fc57a4b0597937806c386","unknown","Uncategorized","No","No","Yes",0,0,"2026-01-03 05:21:39"
"6958a60ef400431120b17fa6","694e837ade7d6e973533dc22","unknown","Uncategorized","No","No","Yes",0,0,"2026-01-03 05:19:06"
"6958a60ef400431120b17fa6","694e8459de7d6e973533dcf5","unknown","Uncategorized","No","No","Yes",0,0,"2026-01-03 05:19:05"
"6958a60ef400431120b17fa6","694e866cde7d6e973533deec","unknown","Uncategorized","No","No","Yes",0,0,"2026-01-03 05:19:04"
"6958a60ef400431120b17fa6","694fc4ac4b0597937806c23e","unknown","Uncategorized","No","No","Yes",0,0,"2026-01-03 05:18:55"
"6958a60ef400431120b17fa6","694fc57a4b0597937806c386","unknown","Uncategorized","No","No","Yes",0,0,"2026-01-03 05:18:35"
"6958a60ef400431120b17fa6","694fc4fe4b0597937806c2fc","unknown","Uncategorized","No","No","Yes",0,0,"2026-01-03 05:18:35"
"6958a581f400431120b17f31","694fc57a4b0597937806c386","unknown","Uncategorized","No","No","Yes",0,0,"2026-01-03 05:13:52"
"6958a581f400431120b17f31","694fc4fe4b0597937806c2fc","unknown","Uncategorized","No","No","Yes",0,0,"2026-01-03 05:13:52"
"6958a4528c046776f473f40d","694e837ade7d6e973533dc22","unknown","Uncategorized","No","No","Yes",0,0,"2026-01-03 05:09:29"
"6958a4528c046776f473f40d","694cf8581a80800852657412","unknown","Uncategorized","No","No","Yes",0,0,"2026-01-03 05:09:29"
"6958a4528c046776f473f40d","694e8459de7d6e973533dcf5","unknown","Uncategorized","No","No","Yes",0,0,"2026-01-03 05:09:28"
"6958a4528c046776f473f40d","694e866cde7d6e973533deec","unknown","Uncategorized","No","No","Yes",0,0,"2026-01-03 05:09:27"
"6958a4528c046776f473f40d","694fc4ac4b0597937806c23e","unknown","Uncategorized","No","No","Yes",0,0,"2026-01-03 05:09:25"
"6958a4528c046776f473f40d","694fc4fe4b0597937806c2fc","unknown","Uncategorized","No","No","Yes",0,0,"2026-01-03 05:08:54"
"6958a4528c046776f473f40d","694fc57a4b0597937806c386","unknown","Uncategorized","No","No","Yes",0,0,"2026-01-03 05:08:54"
"6958a3ed8c046776f473ef9e","694be910273769a95594eefd","unknown","Uncategorized","No","No","Yes",0,0,"2026-01-03 05:08:51"
"6958a3ed8c046776f473ef9e","694bc2297f3896c99b2d46f8","unknown","Uncategorized","No","No","Yes",0,0,"2026-01-03 05:08:51"
"6958a3aa518424700e4ad970","694e866cde7d6e973533deec","unknown","Uncategorized","No","No","Yes",0,0,"2026-01-03 05:08:51"
"6958a3ed8c046776f473ef9e","694bc1a17f3896c99b2d463a","unknown","Uncategorized","No","No","Yes",0,0,"2026-01-03 05:08:51"
"6958a3ed8c046776f473ef9e","694e8459de7d6e973533dcf5","unknown","Uncategorized","No","No","Yes",0,0,"2026-01-03 05:08:50"
"6958a3ed8c046776f473ef9e","694e837ade7d6e973533dc22","unknown","Uncategorized","No","No","Yes",0,0,"2026-01-03 05:08:50"
"6958a3ed8c046776f473ef9e","694cf8581a80800852657412","unknown","Uncategorized","No","No","Yes",0,0,"2026-01-03 05:08:50"
"6958a3ed8c046776f473ef9e","694e866cde7d6e973533deec","unknown","Uncategorized","No","No","Yes",0,0,"2026-01-03 05:08:49"
"6958a3ed8c046776f473ef9e","694fc4ac4b0597937806c23e","unknown","Uncategorized","No","No","Yes",0,0,"2026-01-03 05:08:48"
"6958a271518424700e4ad155","694fc4fe4b0597937806c2fc","unknown","Uncategorized","No","No","Yes",0,0,"2026-01-03 05:08:15"
"6958a3ed8c046776f473ef9e","694fc4fe4b0597937806c2fc","unknown","Uncategorized","No","No","Yes",0,0,"2026-01-03 05:07:10"
"6958a3ed8c046776f473ef9e","694fc57a4b0597937806c386","unknown","Uncategorized","No","No","Yes",0,0,"2026-01-03 05:07:10"
"6930120c29865c0d09e02253","694e837ade7d6e973533dc22","unknown","Uncategorized","No","No","Yes",0,0,"2026-01-03 05:06:57"
"6930120c29865c0d09e02253","694cf8581a80800852657412","unknown","Uncategorized","No","No","Yes",0,0,"2026-01-03 05:06:57"
"6930120c29865c0d09e02253","694e8459de7d6e973533dcf5","unknown","Uncategorized","No","No","Yes",0,0,"2026-01-03 05:06:56"
"6930120c29865c0d09e02253","694e866cde7d6e973533deec","unknown","Uncategorized","No","No","Yes",0,0,"2026-01-03 05:06:56"
"6930120c29865c0d09e02253","694fc4ac4b0597937806c23e","unknown","Uncategorized","No","No","Yes",0,0,"2026-01-03 05:06:55"
"6930120c29865c0d09e02253","694fc57a4b0597937806c386","unknown","Uncategorized","No","No","Yes",0,0,"2026-01-03 05:06:54"
"6930120c29865c0d09e02253","694fc4fe4b0597937806c2fc","unknown","Uncategorized","No","No","Yes",0,0,"2026-01-03 05:06:54"
"6958a3aa518424700e4ad970","694fc4ac4b0597937806c23e","unknown","Uncategorized","No","No","Yes",0,0,"2026-01-03 05:06:15"
"6958a3aa518424700e4ad970","694fc57a4b0597937806c386","unknown","Uncategorized","No","No","Yes",0,0,"2026-01-03 05:06:00"
"6958a3aa518424700e4ad970","694fc4fe4b0597937806c2fc","unknown","Uncategorized","No","No","Yes",0,0,"2026-01-03 05:06:00"
"6958a2e3518424700e4ad434","694b82eebbb7233f7acf7b48","unknown","Uncategorized","No","No","Yes",0,0,"2026-01-03 05:05:56"
"6958a2e3518424700e4ad434","694b833dbbb7233f7acf7b72","unknown","Uncategorized","No","No","Yes",0,0,"2026-01-03 05:05:56"
"6958a2e3518424700e4ad434","694b88877cbb8cca3ea6d79f","unknown","Uncategorized","No","No","Yes",0,0,"2026-01-03 05:05:53"
"6958a2e3518424700e4ad434","694b8e047cbb8cca3ea6da77","unknown","Uncategorized","No","No","Yes",0,0,"2026-01-03 05:05:52"
"6958a2e3518424700e4ad434","694b8d427cbb8cca3ea6d9f7","unknown","Uncategorized","No","No","Yes",0,0,"2026-01-03 05:05:52"
"6958a2e3518424700e4ad434","694bc1a17f3896c99b2d463a","unknown","Uncategorized","No","No","Yes",0,0,"2026-01-03 05:05:49"
"6958a2e3518424700e4ad434","694bc2297f3896c99b2d46f8","unknown","Uncategorized","No","No","Yes",0,0,"2026-01-03 05:05:42"
"6958a2e3518424700e4ad434","694be910273769a95594eefd","unknown","Uncategorized","No","No","Yes",0,0,"2026-01-03 05:05:39"
"6958a2e3518424700e4ad434","694cf8581a80800852657412","unknown","Uncategorized","No","No","Yes",0,0,"2026-01-03 05:05:37"
"6958a2e3518424700e4ad434","694e837ade7d6e973533dc22","unknown","Uncategorized","No","No","Yes",0,0,"2026-01-03 05:05:36"
"6958a2e3518424700e4ad434","694e8459de7d6e973533dcf5","unknown","Uncategorized","No","No","Yes",0,0,"2026-01-03 05:05:28"
"6958a2e3518424700e4ad434","694e866cde7d6e973533deec","unknown","Uncategorized","No","No","Yes",0,0,"2026-01-03 05:05:19"
"6958a2e3518424700e4ad434","694fc4ac4b0597937806c23e","unknown","Uncategorized","No","No","Yes",0,0,"2026-01-03 05:05:18"
"6915845ff4af6c516dc1ae90","694fc4fe4b0597937806c2fc","unknown","Uncategorized","No","No","Yes",0,0,"2026-01-03 05:03:57"
"6958a2e3518424700e4ad434","694fc4fe4b0597937806c2fc","unknown","Uncategorized","No","No","Yes",0,0,"2026-01-03 05:03:49"
"6958a2e3518424700e4ad434","694fc57a4b0597937806c386","unknown","Uncategorized","No","No","Yes",0,0,"2026-01-03 05:03:49"
"6958a2fb518424700e4ad4ca","694e866cde7d6e973533deec","unknown","Uncategorized","No","No","Yes",0,0,"2026-01-03 05:03:32"
"6958a2fb518424700e4ad4ca","694fc4ac4b0597937806c23e","unknown","Uncategorized","No","No","Yes",0,0,"2026-01-03 05:03:31"
"6958a2fb518424700e4ad4ca","694fc57a4b0597937806c386","unknown","Uncategorized","No","No","Yes",0,0,"2026-01-03 05:03:22"
"6958a2fb518424700e4ad4ca","694fc4fe4b0597937806c2fc","unknown","Uncategorized","No","No","Yes",0,0,"2026-01-03 05:03:22"
"6958a2e3518424700e4ad42f","694fc4ac4b0597937806c23e","unknown","Uncategorized","No","No","Yes",0,0,"2026-01-03 05:03:14"
"6958a29c518424700e4ad32d","694e837ade7d6e973533dc22","unknown","Uncategorized","No","No","Yes",0,0,"2026-01-03 05:02:53"
"6958a29c518424700e4ad32d","694e8459de7d6e973533dcf5","unknown","Uncategorized","No","No","Yes",0,0,"2026-01-03 05:02:52"
"6958a2e3518424700e4ad42f","694fc57a4b0597937806c386","unknown","Uncategorized","No","No","Yes",0,0,"2026-01-03 05:02:46"
"6958a2e3518424700e4ad42f","694fc4fe4b0597937806c2fc","unknown","Uncategorized","No","No","Yes",0,0,"2026-01-03 05:02:46"
"6958a29c518424700e4ad32d","694e866cde7d6e973533deec","unknown","Uncategorized","No","No","Yes",0,0,"2026-01-03 05:02:36"
"6958a29c518424700e4ad32d","694fc4ac4b0597937806c23e","unknown","Uncategorized","No","No","Yes",0,0,"2026-01-03 05:02:35"
"6958a271518424700e4ad155","694fc57a4b0597937806c386","unknown","Uncategorized","No","No","Yes",0,0,"2026-01-03 05:02:34"
"6958a29c518424700e4ad32d","694fc4fe4b0597937806c2fc","unknown","Uncategorized","No","No","Yes",0,0,"2026-01-03 05:02:16"
"6958a29c518424700e4ad32d","694fc57a4b0597937806c386","unknown","Uncategorized","No","No","Yes",0,0,"2026-01-03 05:02:16"
"6958a26f518424700e4ad145","694bc2297f3896c99b2d46f8","unknown","Uncategorized","No","No","Yes",0,0,"2026-01-03 05:01:57"
"6958a26f518424700e4ad145","694bc1a17f3896c99b2d463a","unknown","Uncategorized","No","No","Yes",0,0,"2026-01-03 05:01:57"
"6958a26f518424700e4ad145","694be910273769a95594eefd","unknown","Uncategorized","No","No","Yes",0,0,"2026-01-03 05:01:52"
"6958a26f518424700e4ad145","694cf8581a80800852657412","unknown","Uncategorized","No","No","Yes",0,0,"2026-01-03 05:01:50"
"6958a26f518424700e4ad145","694e837ade7d6e973533dc22","unknown","Uncategorized","No","No","Yes",0,0,"2026-01-03 05:01:37"
"6958a26f518424700e4ad145","694e866cde7d6e973533deec","unknown","Uncategorized","No","No","Yes",0,0,"2026-01-03 05:01:36"
"6958a26f518424700e4ad145","694e8459de7d6e973533dcf5","unknown","Uncategorized","No","No","Yes",0,0,"2026-01-03 05:01:36"
"6958a26f518424700e4ad145","694fc4ac4b0597937806c23e","unknown","Uncategorized","No","No","Yes",0,0,"2026-01-03 05:01:07"
"6958a270518424700e4ad150","694bc2297f3896c99b2d46f8","unknown","Uncategorized","No","No","Yes",0,0,"2026-01-03 05:01:05"
"6958a270518424700e4ad150","694bc1a17f3896c99b2d463a","unknown","Uncategorized","No","No","Yes",0,0,"2026-01-03 05:01:05"
"6958a270518424700e4ad150","694be910273769a95594eefd","unknown","Uncategorized","No","No","Yes",0,0,"2026-01-03 05:01:03"
"6958a270518424700e4ad150","694fc4ac4b0597937806c23e","unknown","Uncategorized","No","No","Yes",0,0,"2026-01-03 05:01:02"
"6958a270518424700e4ad150","694e866cde7d6e973533deec","unknown","Uncategorized","No","No","Yes",0,0,"2026-01-03 05:01:02"
"6958a270518424700e4ad150","694e8459de7d6e973533dcf5","unknown","Uncategorized","No","No","Yes",0,0,"2026-01-03 05:01:02"
"6958a270518424700e4ad150","694e837ade7d6e973533dc22","unknown","Uncategorized","No","No","Yes",0,0,"2026-01-03 05:01:02"
"6958a270518424700e4ad150","694cf8581a80800852657412","unknown","Uncategorized","No","No","Yes",0,0,"2026-01-03 05:01:02"
"6958a230518424700e4acf7e","694e866cde7d6e973533deec","unknown","Uncategorized","No","No","Yes",0,0,"2026-01-03 05:00:59"
"6958a230518424700e4acf7e","694fc4ac4b0597937806c23e","unknown","Uncategorized","No","No","Yes",0,0,"2026-01-03 05:00:57"
"6958a215518424700e4acee2","694b8e047cbb8cca3ea6da77","unknown","Uncategorized","No","No","Yes",0,0,"2026-01-03 05:00:54"
"6958a270518424700e4ad150","694fc57a4b0597937806c386","unknown","Uncategorized","No","No","Yes",0,0,"2026-01-03 05:00:49"
"6958a270518424700e4ad150","694fc4fe4b0597937806c2fc","unknown","Uncategorized","No","No","Yes",0,0,"2026-01-03 05:00:49"
"6958a249518424700e4acfcf","694e8459de7d6e973533dcf5","unknown","Uncategorized","No","No","Yes",0,0,"2026-01-03 05:00:48"
"6958a26f518424700e4ad145","694fc57a4b0597937806c386","unknown","Uncategorized","No","No","Yes",0,0,"2026-01-03 05:00:48"
"6958a26f518424700e4ad145","694fc4fe4b0597937806c2fc","unknown","Uncategorized","No","No","Yes",0,0,"2026-01-03 05:00:48"
"6958a249518424700e4acfcf","694fc4ac4b0597937806c23e","unknown","Uncategorized","No","No","Yes",0,0,"2026-01-03 05:00:47"
"6958a249518424700e4acfcf","694e866cde7d6e973533deec","unknown","Uncategorized","No","No","Yes",0,0,"2026-01-03 05:00:47"
"6958a249518424700e4acfcf","694fc57a4b0597937806c386","unknown","Uncategorized","No","No","Yes",0,0,"2026-01-03 05:00:35"
"6958a249518424700e4acfcf","694fc4fe4b0597937806c2fc","unknown","Uncategorized","No","No","Yes",0,0,"2026-01-03 05:00:35"
"6958a23f518424700e4acf9f","694bc2297f3896c99b2d46f8","unknown","Uncategorized","No","No","Yes",0,0,"2026-01-03 05:00:23"
"6958a23f518424700e4acf9f","694e866cde7d6e973533deec","unknown","Uncategorized","No","No","Yes",0,0,"2026-01-03 05:00:22"
"6958a23f518424700e4acf9f","694e8459de7d6e973533dcf5","unknown","Uncategorized","No","No","Yes",0,0,"2026-01-03 05:00:22"
"6958a23f518424700e4acf9f","694e837ade7d6e973533dc22","unknown","Uncategorized","No","No","Yes",0,0,"2026-01-03 05:00:22"
"6958a23f518424700e4acf9f","694cf8581a80800852657412","unknown","Uncategorized","No","No","Yes",0,0,"2026-01-03 05:00:22"
"6958a23f518424700e4acf9f","694be910273769a95594eefd","unknown","Uncategorized","No","No","Yes",0,0,"2026-01-03 05:00:22"
"6958a23f518424700e4acf9f","694fc4ac4b0597937806c23e","unknown","Uncategorized","No","No","Yes",0,0,"2026-01-03 05:00:13"
"6958a230518424700e4acf7e","694fc4fe4b0597937806c2fc","unknown","Uncategorized","No","No","Yes",0,0,"2026-01-03 05:00:12"
"6958a230518424700e4acf7e","694fc57a4b0597937806c386","unknown","Uncategorized","No","No","Yes",0,0,"2026-01-03 05:00:12"
"6958a23f518424700e4acf9f","694fc4fe4b0597937806c2fc","unknown","Uncategorized","No","No","Yes",0,0,"2026-01-03 04:59:58"
"6958a23f518424700e4acf9f","694fc57a4b0597937806c386","unknown","Uncategorized","No","No","Yes",0,0,"2026-01-03 04:59:58"
"6958a20c518424700e4aced7","694bc1a17f3896c99b2d463a","unknown","Uncategorized","No","No","Yes",0,0,"2026-01-03 04:59:55"
"6958a20c518424700e4aced7","694bc2297f3896c99b2d46f8","unknown","Uncategorized","No","No","Yes",0,0,"2026-01-03 04:59:54"
"6958a20c518424700e4aced7","694be910273769a95594eefd","unknown","Uncategorized","No","No","Yes",0,0,"2026-01-03 04:59:52"
"6958a215518424700e4acee2","694bc1a17f3896c99b2d463a","unknown","Uncategorized","No","No","Yes",0,0,"2026-01-03 04:59:51"
"6958a215518424700e4acee2","694be910273769a95594eefd","unknown","Uncategorized","No","No","Yes",0,0,"2026-01-03 04:59:50"
"6958a215518424700e4acee2","694bc2297f3896c99b2d46f8","unknown","Uncategorized","No","No","Yes",0,0,"2026-01-03 04:59:50"
"6958a215518424700e4acee2","694e8459de7d6e973533dcf5","unknown","Uncategorized","No","No","Yes",0,0,"2026-01-03 04:59:46"
"6958a215518424700e4acee2","694e837ade7d6e973533dc22","unknown","Uncategorized","No","No","Yes",0,0,"2026-01-03 04:59:46"
"6958a215518424700e4acee2","694cf8581a80800852657412","unknown","Uncategorized","No","No","Yes",0,0,"2026-01-03 04:59:46"
"6958a215518424700e4acee2","694e866cde7d6e973533deec","unknown","Uncategorized","No","No","Yes",0,0,"2026-01-03 04:59:45"
"6958a215518424700e4acee2","694fc4ac4b0597937806c23e","unknown","Uncategorized","No","No","Yes",0,0,"2026-01-03 04:59:41"
"6958a20c518424700e4aced7","694cf8581a80800852657412","unknown","Uncategorized","No","No","Yes",0,0,"2026-01-03 04:59:37"
"6958a20c518424700e4aced7","694e837ade7d6e973533dc22","unknown","Uncategorized","No","No","Yes",0,0,"2026-01-03 04:59:34"
"6958a20c518424700e4aced7","694e8459de7d6e973533dcf5","unknown","Uncategorized","No","No","Yes",0,0,"2026-01-03 04:59:29"
"6958a20c518424700e4aced7","694e866cde7d6e973533deec","unknown","Uncategorized","No","No","Yes",0,0,"2026-01-03 04:59:24"
"6958a20c518424700e4aced7","694fc4ac4b0597937806c23e","unknown","Uncategorized","No","No","Yes",0,0,"2026-01-03 04:59:22"
"6958a215518424700e4acee2","694fc57a4b0597937806c386","unknown","Uncategorized","No","No","Yes",0,0,"2026-01-03 04:59:20"
"6958a215518424700e4acee2","694fc4fe4b0597937806c2fc","unknown","Uncategorized","No","No","Yes",0,0,"2026-01-03 04:59:20"
"6958a20c518424700e4aced7","694fc57a4b0597937806c386","unknown","Uncategorized","No","No","Yes",0,0,"2026-01-03 04:59:05"
"6958a20c518424700e4aced7","694fc4fe4b0597937806c2fc","unknown","Uncategorized","No","No","Yes",0,0,"2026-01-03 04:59:05"
"691c0bf06b68b5bc9f69d70b","694fc57a4b0597937806c386","unknown","Uncategorized","No","No","Yes",0,0,"2026-01-03 04:36:21"
"691c0bf06b68b5bc9f69d70b","694fc4fe4b0597937806c2fc","unknown","Uncategorized","No","No","Yes",0,0,"2026-01-03 04:36:21"
"6915845ff4af6c516dc1ae90","694fc57a4b0597937806c386","unknown","Uncategorized","No","No","Yes",0,0,"2026-01-03 04:29:53"
"691c0e526b68b5bc9f69ffd3","694fc4fe4b0597937806c2fc","unknown","Uncategorized","No","No","Yes",0,0,"2026-01-03 04:18:48"
"691c0e526b68b5bc9f69ffd3","694fc57a4b0597937806c386","unknown","Uncategorized","No","No","Yes",0,0,"2026-01-03 04:18:47"
"690054c6fb26e417408f72a7","6957d77721c1e9dd96ee33b9","unknown","Uncategorized","No","No","Yes",0,0,"2026-01-02 14:34:37"
"6915df09f4af6c516dc22836","694fc57a4b0597937806c386","unknown","Uncategorized","No","No","Yes",0,0,"2026-01-02 14:19:03"
"6915df09f4af6c516dc22836","694fc4fe4b0597937806c2fc","unknown","Uncategorized","No","No","Yes",0,0,"2026-01-02 14:19:03"
"691587aef4af6c516dc1caed","694fc57a4b0597937806c386","unknown","Uncategorized","No","No","Yes",0,0,"2026-01-02 13:48:28"
"691587aef4af6c516dc1caed","694fc4fe4b0597937806c2fc","unknown","Uncategorized","No","No","Yes",0,0,"2026-01-02 13:48:28"
"6920058aae218bc0c556b770","694fc4fe4b0597937806c2fc","unknown","Uncategorized","No","No","Yes",0,0,"2026-01-02 13:43:04"
"690054c6fb26e417408f72a7","6957c09ec63ac6457a183308","unknown","Uncategorized","No","No","Yes",0,0,"2026-01-02 12:57:15"
"690054c6fb26e417408f72a7","6957ad1eec9266bffe6aca38","unknown","Uncategorized","No","No","Yes",0,0,"2026-01-02 11:35:15"
"690054c6fb26e417408f72a7","6957a9cd12e49e11e19a9657","unknown","Uncategorized","No","No","Yes",0,0,"2026-01-02 11:19:46"
"691474336f3817fc8d6a0c12","694a93687cbb8cca3ea6cea8","unknown","Uncategorized","No","No","Yes",0,0,"2026-01-02 06:28:50"
"691c0b396b68b5bc9f69d209","694fc57a4b0597937806c386","unknown","Uncategorized","No","No","Yes",0,0,"2026-01-02 06:28:44"
"6920058aae218bc0c556b770","694fc57a4b0597937806c386","unknown","Uncategorized","No","No","Yes",0,0,"2026-01-02 06:27:57"
"691474336f3817fc8d6a0c12","694b833dbbb7233f7acf7b72","unknown","Uncategorized","No","No","Yes",0,0,"2026-01-02 05:52:43"
"691474336f3817fc8d6a0c12","694b82eebbb7233f7acf7b48","unknown","Uncategorized","No","No","Yes",0,0,"2026-01-02 05:52:43"
"691474336f3817fc8d6a0c12","694b8e047cbb8cca3ea6da77","unknown","Uncategorized","No","No","Yes",0,0,"2026-01-02 05:52:42"
"691474336f3817fc8d6a0c12","694b8d427cbb8cca3ea6d9f7","unknown","Uncategorized","No","No","Yes",0,0,"2026-01-02 05:52:42"
"691474336f3817fc8d6a0c12","694b88877cbb8cca3ea6d79f","unknown","Uncategorized","No","No","Yes",0,0,"2026-01-02 05:52:42"
"691474336f3817fc8d6a0c12","694bc1a17f3896c99b2d463a","unknown","Uncategorized","No","No","Yes",0,0,"2026-01-02 05:52:40"
"691474336f3817fc8d6a0c12","694be910273769a95594eefd","unknown","Uncategorized","No","No","Yes",0,0,"2026-01-02 05:52:35"
"691474336f3817fc8d6a0c12","694bc2297f3896c99b2d46f8","unknown","Uncategorized","No","No","Yes",0,0,"2026-01-02 05:52:35"
"691474336f3817fc8d6a0c12","694e837ade7d6e973533dc22","unknown","Uncategorized","No","No","Yes",0,0,"2026-01-02 05:49:51"
"691474336f3817fc8d6a0c12","694cf8581a80800852657412","unknown","Uncategorized","No","No","Yes",0,0,"2026-01-02 05:49:51"
"691474336f3817fc8d6a0c12","694e8459de7d6e973533dcf5","unknown","Uncategorized","No","No","Yes",0,0,"2026-01-02 05:49:50"
"691474336f3817fc8d6a0c12","694e866cde7d6e973533deec","unknown","Uncategorized","No","No","Yes",0,0,"2026-01-02 05:49:46"
"691474336f3817fc8d6a0c12","694fc4fe4b0597937806c2fc","unknown","Uncategorized","No","No","Yes",0,0,"2026-01-02 05:49:33"
"691474336f3817fc8d6a0c12","694fc4ac4b0597937806c23e","unknown","Uncategorized","No","No","Yes",0,0,"2026-01-02 05:49:33"
"691474336f3817fc8d6a0c12","694fc57a4b0597937806c386","unknown","Uncategorized","No","No","Yes",0,0,"2026-01-02 05:49:23"
"694e2448c4aba06b836eae05","694fc57a4b0597937806c386","unknown","Uncategorized","No","No","Yes",0,0,"2026-01-01 01:20:26"
"6909ef4b3c6874ef786b2267","694fc4ac4b0597937806c23e","unknown","Uncategorized","No","No","Yes",0,0,"2025-12-30 11:54:46"
"6909ef4b3c6874ef786b2267","694fc57a4b0597937806c386","unknown","Uncategorized","No","No","Yes",0,0,"2025-12-30 11:54:40"
"6909ef4b3c6874ef786b2267","694fc4fe4b0597937806c2fc","unknown","Uncategorized","No","No","Yes",0,0,"2025-12-30 11:54:40"
"6952342190a008b6dd8547b7","694fc57a4b0597937806c386","unknown","Uncategorized","No","No","Yes",0,0,"2025-12-29 07:56:36"
"6952342190a008b6dd8547b7","694fc4fe4b0597937806c2fc","unknown","Uncategorized","No","No","Yes",0,0,"2025-12-29 07:56:36"
"69523165d8be214d5f642127","694fc4fe4b0597937806c2fc","unknown","Uncategorized","No","No","Yes",0,0,"2025-12-29 07:46:21"
"69523165d8be214d5f642127","694fc57a4b0597937806c386","unknown","Uncategorized","No","No","Yes",0,0,"2025-12-29 07:46:21"
"69523176d8be214d5f642136","694fc4fe4b0597937806c2fc","unknown","Uncategorized","No","No","Yes",0,0,"2025-12-29 07:45:40"
"69523176d8be214d5f642136","694fc57a4b0597937806c386","unknown","Uncategorized","No","No","Yes",0,0,"2025-12-29 07:45:40"
"69523142d8be214d5f6420e8","694e866cde7d6e973533deec","unknown","Uncategorized","No","No","Yes",0,0,"2025-12-29 07:44:41"
"69523142d8be214d5f6420e8","694fc4ac4b0597937806c23e","unknown","Uncategorized","No","No","Yes",0,0,"2025-12-29 07:44:29"
"69523142d8be214d5f6420e8","694fc4fe4b0597937806c2fc","unknown","Uncategorized","No","No","Yes",0,0,"2025-12-29 07:44:22"
"69523142d8be214d5f6420e8","694fc57a4b0597937806c386","unknown","Uncategorized","No","No","Yes",0,0,"2025-12-29 07:44:22"
"695224d284a6bac23e3a3a6d","694e866cde7d6e973533deec","unknown","Uncategorized","No","No","Yes",0,0,"2025-12-29 06:51:18"
"695224d284a6bac23e3a3a6d","694fc4ac4b0597937806c23e","unknown","Uncategorized","No","No","Yes",0,0,"2025-12-29 06:51:17"
"695224d284a6bac23e3a3a6d","694fc57a4b0597937806c386","unknown","Uncategorized","No","No","Yes",0,0,"2025-12-29 06:51:11"
"695224d284a6bac23e3a3a6d","694fc4fe4b0597937806c2fc","unknown","Uncategorized","No","No","Yes",0,0,"2025-12-29 06:51:11"
"6952169bba2cbe7c3f64d646","694fc4ac4b0597937806c23e","unknown","Uncategorized","No","No","Yes",0,0,"2025-12-29 05:50:43"
"6952169bba2cbe7c3f64d646","694e866cde7d6e973533deec","unknown","Uncategorized","No","No","Yes",0,0,"2025-12-29 05:50:43"
"6952169bba2cbe7c3f64d646","694fc57a4b0597937806c386","unknown","Uncategorized","No","No","Yes",0,0,"2025-12-29 05:50:37"
"6952169bba2cbe7c3f64d646","694fc4fe4b0597937806c2fc","unknown","Uncategorized","No","No","Yes",0,0,"2025-12-29 05:50:37"
"6948e8a47cbb8cca3ea6a357","694e866cde7d6e973533deec","unknown","Uncategorized","No","No","Yes",0,0,"2025-12-29 05:50:15"
"69521652ba2cbe7c3f64d5c5","694fc57a4b0597937806c386","unknown","Uncategorized","No","No","Yes",0,0,"2025-12-29 05:49:21"
"69521652ba2cbe7c3f64d5c5","694fc4fe4b0597937806c2fc","unknown","Uncategorized","No","No","Yes",0,0,"2025-12-29 05:49:21"
"6948e8a47cbb8cca3ea6a357","694fc4ac4b0597937806c23e","unknown","Uncategorized","No","No","Yes",0,0,"2025-12-29 05:49:13"
"6948e8a47cbb8cca3ea6a357","694fc57a4b0597937806c386","unknown","Uncategorized","No","No","Yes",0,0,"2025-12-29 05:49:06"
"6948e8a47cbb8cca3ea6a357","694fc4fe4b0597937806c2fc","unknown","Uncategorized","No","No","Yes",0,0,"2025-12-29 05:49:06"
"695215fd17da64cdf18ecba9","694a93687cbb8cca3ea6cea8","unknown","Uncategorized","No","No","Yes",0,0,"2025-12-29 05:49:05"
"695215fd17da64cdf18ecba9","694b82eebbb7233f7acf7b48","unknown","Uncategorized","No","No","Yes",0,0,"2025-12-29 05:48:55"
"695215fd17da64cdf18ecba9","694b88877cbb8cca3ea6d79f","unknown","Uncategorized","No","No","Yes",0,0,"2025-12-29 05:48:54"
"695215fd17da64cdf18ecba9","694b8d427cbb8cca3ea6d9f7","unknown","Uncategorized","No","No","Yes",0,0,"2025-12-29 05:48:54"
"695215fd17da64cdf18ecba9","694b833dbbb7233f7acf7b72","unknown","Uncategorized","No","No","Yes",0,0,"2025-12-29 05:48:54"
"695215fd17da64cdf18ecba9","694bc1a17f3896c99b2d463a","unknown","Uncategorized","No","No","Yes",0,0,"2025-12-29 05:48:46"
"695215fd17da64cdf18ecba9","694b8e047cbb8cca3ea6da77","unknown","Uncategorized","No","No","Yes",0,0,"2025-12-29 05:48:46"
"695215fd17da64cdf18ecba9","694cf8581a80800852657412","unknown","Uncategorized","No","No","Yes",0,0,"2025-12-29 05:48:45"
"695215fd17da64cdf18ecba9","694be910273769a95594eefd","unknown","Uncategorized","No","No","Yes",0,0,"2025-12-29 05:48:45"
"695215fd17da64cdf18ecba9","694bc2297f3896c99b2d46f8","unknown","Uncategorized","No","No","Yes",0,0,"2025-12-29 05:48:45"
"695215fd17da64cdf18ecba9","694e837ade7d6e973533dc22","unknown","Uncategorized","No","No","Yes",0,0,"2025-12-29 05:48:29"
"695215fd17da64cdf18ecba9","694e8459de7d6e973533dcf5","unknown","Uncategorized","No","No","Yes",0,0,"2025-12-29 05:48:27"
"695215fd17da64cdf18ecba9","694e866cde7d6e973533deec","unknown","Uncategorized","No","No","Yes",0,0,"2025-12-29 05:48:25"
"695215fd17da64cdf18ecba9","694fc4ac4b0597937806c23e","unknown","Uncategorized","No","No","Yes",0,0,"2025-12-29 05:48:22"
"695215fd17da64cdf18ecba9","694fc4fe4b0597937806c2fc","unknown","Uncategorized","No","No","Yes",0,0,"2025-12-29 05:48:11"
"695215fd17da64cdf18ecba9","694fc57a4b0597937806c386","unknown","Uncategorized","No","No","Yes",0,0,"2025-12-29 05:48:11"
"695215f717da64cdf18ecba4","694fc4ac4b0597937806c23e","unknown","Uncategorized","No","No","Yes",0,0,"2025-12-29 05:48:02"
"695215f717da64cdf18ecba4","694fc57a4b0597937806c386","unknown","Uncategorized","No","No","Yes",0,0,"2025-12-29 05:47:53"
"695215f717da64cdf18ecba4","694fc4fe4b0597937806c2fc","unknown","Uncategorized","No","No","Yes",0,0,"2025-12-29 05:47:53"
"690054c6fb26e417408f72a7","694fc4ac4b0597937806c23e","unknown","Uncategorized","No","No","Yes",0,0,"2025-12-28 07:03:37"
"690054c6fb26e417408f72a7","694fc57a4b0597937806c386","unknown","Uncategorized","No","No","Yes",0,0,"2025-12-28 07:03:29"
"690054c6fb26e417408f72a7","694fc4fe4b0597937806c2fc","unknown","Uncategorized","No","No","Yes",0,0,"2025-12-28 07:03:29"
"694e3343a22a35d929ff7ef4","694fc57a4b0597937806c386","unknown","Uncategorized","No","No","Yes",0,0,"2025-12-27 21:08:52"
"694e3343a22a35d929ff7ef4","694fc4fe4b0597937806c2fc","unknown","Uncategorized","No","No","Yes",0,0,"2025-12-27 21:08:52"
"69060df714606eb751eac37e","694fc4fe4b0597937806c2fc","unknown","Uncategorized","No","No","Yes",0,0,"2025-12-27 12:28:40"
"69060df714606eb751eac37e","694fc57a4b0597937806c386","unknown","Uncategorized","No","No","Yes",0,0,"2025-12-27 12:26:47"
"69060df714606eb751eac37e","694e837ade7d6e973533dc22","unknown","Uncategorized","No","No","Yes",0,0,"2025-12-27 11:26:29"
"69060df714606eb751eac37e","694e866cde7d6e973533deec","unknown","Uncategorized","No","No","Yes",0,0,"2025-12-27 11:26:27"
"69060df714606eb751eac37e","694e8459de7d6e973533dcf5","unknown","Uncategorized","No","No","Yes",0,0,"2025-12-27 11:26:27"
"690054c6fb26e417408f72a7","694a98567cbb8cca3ea6d1ce","unknown","Uncategorized","No","No","Yes",0,5,"2025-12-27 07:37:40"
"6909ef4b3c6874ef786b2267","694cf8581a80800852657412","unknown","Uncategorized","No","No","Yes",0,0,"2025-12-27 07:36:29"
"6909ef4b3c6874ef786b2267","694e837ade7d6e973533dc22","unknown","Uncategorized","No","No","Yes",0,0,"2025-12-27 07:36:28"
"6909ef4b3c6874ef786b2267","694e866cde7d6e973533deec","unknown","Uncategorized","No","No","Yes",0,0,"2025-12-27 07:36:24"
"6909ef4b3c6874ef786b2267","694e8459de7d6e973533dcf5","unknown","Uncategorized","No","No","Yes",0,0,"2025-12-27 07:36:24"
"690054c6fb26e417408f72a7","694e837ade7d6e973533dc22","unknown","Uncategorized","No","No","Yes",0,0,"2025-12-27 07:33:08"
"690054c6fb26e417408f72a7","694e8459de7d6e973533dcf5","unknown","Uncategorized","No","No","Yes",0,0,"2025-12-27 07:33:04"
"690054c6fb26e417408f72a7","694e866cde7d6e973533deec","unknown","Uncategorized","No","No","Yes",0,0,"2025-12-27 07:33:04"
"694e3343a22a35d929ff7ef4","694bc1a17f3896c99b2d463a","unknown","Uncategorized","No","No","Yes",0,0,"2025-12-26 07:19:23"
"694e3343a22a35d929ff7ef4","694bc2297f3896c99b2d46f8","unknown","Uncategorized","No","No","Yes",0,0,"2025-12-26 07:19:19"
"694e3343a22a35d929ff7ef4","694cf8581a80800852657412","unknown","Uncategorized","No","No","Yes",0,0,"2025-12-26 07:19:10"
"694e3343a22a35d929ff7ef4","694be910273769a95594eefd","unknown","Uncategorized","No","No","Yes",0,0,"2025-12-26 07:19:10"
"694e26085ded37a0cbe38d99","694b82eebbb7233f7acf7b48","unknown","Uncategorized","No","No","Yes",0,0,"2025-12-26 06:07:53"
"694e26085ded37a0cbe38d99","694b833dbbb7233f7acf7b72","unknown","Uncategorized","No","No","Yes",0,0,"2025-12-26 06:07:52"
"694e26085ded37a0cbe38d99","694b8e047cbb8cca3ea6da77","unknown","Uncategorized","No","No","Yes",0,0,"2025-12-26 06:07:51"
"694e26085ded37a0cbe38d99","694b8d427cbb8cca3ea6d9f7","unknown","Uncategorized","No","No","Yes",0,0,"2025-12-26 06:07:51"
"694e26085ded37a0cbe38d99","694b88877cbb8cca3ea6d79f","unknown","Uncategorized","No","No","Yes",0,0,"2025-12-26 06:07:51"
"694e26085ded37a0cbe38d99","694bc2297f3896c99b2d46f8","unknown","Uncategorized","No","No","Yes",0,0,"2025-12-26 06:07:50"
"694e26085ded37a0cbe38d99","694bc1a17f3896c99b2d463a","unknown","Uncategorized","No","No","Yes",0,0,"2025-12-26 06:07:50"
"694e26085ded37a0cbe38d99","694cf8581a80800852657412","unknown","Uncategorized","No","No","Yes",0,0,"2025-12-26 06:07:42"
"694e26085ded37a0cbe38d99","694be910273769a95594eefd","unknown","Uncategorized","No","No","Yes",0,0,"2025-12-26 06:07:42"
"691587aef4af6c516dc1caed","694a89e87cbb8cca3ea6c74b","unknown","Uncategorized","No","No","Yes",0,0,"2025-12-26 06:06:49"
"691587aef4af6c516dc1caed","694a8c657cbb8cca3ea6c96b","unknown","Uncategorized","No","No","Yes",0,0,"2025-12-26 06:06:48"
"691587aef4af6c516dc1caed","694a8c697cbb8cca3ea6c9ae","unknown","Uncategorized","No","No","Yes",0,0,"2025-12-26 06:06:47"
"691587aef4af6c516dc1caed","694a93687cbb8cca3ea6cea8","unknown","Uncategorized","No","No","Yes",0,0,"2025-12-26 06:06:46"
"691587aef4af6c516dc1caed","694b82eebbb7233f7acf7b48","unknown","Uncategorized","No","No","Yes",0,0,"2025-12-26 06:06:41"
"691587aef4af6c516dc1caed","694b833dbbb7233f7acf7b72","unknown","Uncategorized","No","No","Yes",0,0,"2025-12-26 06:06:38"
"694e2486c4aba06b836eaf44","693a832b5d38b982beb49913","unknown","Uncategorized","No","No","Yes",0,0,"2025-12-26 06:05:14"
"694e2486c4aba06b836eaf44","693bbe77775b487926eed325","unknown","Uncategorized","No","No","Yes",0,0,"2025-12-26 06:04:59"
"694e2486c4aba06b836eaf44","693faf5bab825b23c883beb4","unknown","Uncategorized","No","No","Yes",0,0,"2025-12-26 06:04:54"
"694e2486c4aba06b836eaf44","693faf89ab825b23c883bf9c","unknown","Uncategorized","No","No","Yes",0,0,"2025-12-26 06:04:53"
"694e2486c4aba06b836eaf44","693fafe700e60c99a1b28def","unknown","Uncategorized","No","No","Yes",0,0,"2025-12-26 06:04:36"
"694e2486c4aba06b836eaf44","693fb07800e60c99a1b2906e","unknown","Uncategorized","No","No","Yes",0,0,"2025-12-26 06:04:32"
"694e2486c4aba06b836eaf44","693fb1509236232c8cebc371","unknown","Uncategorized","No","No","Yes",0,0,"2025-12-26 06:04:28"
"694e2486c4aba06b836eaf44","693fe3e76565a1f950449fe3","unknown","Uncategorized","No","No","Yes",0,0,"2025-12-26 06:04:25"
"694e2486c4aba06b836eaf44","69414ecbdaaa7d592960a28a","unknown","Uncategorized","No","No","Yes",0,0,"2025-12-26 06:04:23"
"694e2486c4aba06b836eaf44","69414ee849ed3d09a3c1514d","unknown","Uncategorized","No","No","Yes",0,0,"2025-12-26 06:04:16"
"694e2486c4aba06b836eaf44","69414f0849ed3d09a3c151ac","unknown","Uncategorized","No","No","Yes",0,0,"2025-12-26 06:03:37"
"694e2486c4aba06b836eaf44","6944eb35a156a8f3ec0a891d","unknown","Uncategorized","No","No","Yes",0,0,"2025-12-26 06:03:36"
"694e2486c4aba06b836eaf44","6949232cc27e67301778f8f3","unknown","Uncategorized","No","No","Yes",0,0,"2025-12-26 06:03:33"
"694e2460c4aba06b836eaebe","6933ed2a9de99402231df7d4","unknown","Uncategorized","No","No","Yes",0,0,"2025-12-26 06:03:28"
"694e2460c4aba06b836eaebe","6933fbac3eb6c35f69778a37","unknown","Uncategorized","No","No","Yes",0,0,"2025-12-26 06:03:28"
"694e2460c4aba06b836eaebe","6933edc69de99402231df85f","unknown","Uncategorized","No","No","Yes",0,0,"2025-12-26 06:03:28"
"694e2486c4aba06b836eaf44","69492ed47cbb8cca3ea6bba5","unknown","Uncategorized","No","No","Yes",0,0,"2025-12-26 06:03:22"
"694e2460c4aba06b836eaebe","694b8e047cbb8cca3ea6da77","unknown","Uncategorized","No","No","Yes",0,0,"2025-12-26 06:03:08"
"694e2460c4aba06b836eaebe","694b8d427cbb8cca3ea6d9f7","unknown","Uncategorized","No","No","Yes",0,0,"2025-12-26 06:03:08"
"694e2486c4aba06b836eaf44","694a89e87cbb8cca3ea6c74b","unknown","Uncategorized","No","No","Yes",0,0,"2025-12-26 06:03:05"
"694e2486c4aba06b836eaf44","694a8c657cbb8cca3ea6c96b","unknown","Uncategorized","No","No","Yes",0,0,"2025-12-26 06:03:03"
"694e244bc4aba06b836eae45","694b88877cbb8cca3ea6d79f","unknown","Uncategorized","No","No","Yes",0,0,"2025-12-26 06:02:35"
"694e2486c4aba06b836eaf44","694a8c697cbb8cca3ea6c9ae","unknown","Uncategorized","No","No","Yes",0,0,"2025-12-26 06:02:26"
"694e2486c4aba06b836eaf44","694a93687cbb8cca3ea6cea8","unknown","Uncategorized","No","No","Yes",0,0,"2025-12-26 06:02:24"
"694e2486c4aba06b836eaf44","694a98567cbb8cca3ea6d1ce","unknown","Uncategorized","No","No","Yes",0,5,"2025-12-26 06:02:18"
"694e2486c4aba06b836eaf44","694b82eebbb7233f7acf7b48","unknown","Uncategorized","No","No","Yes",0,0,"2025-12-26 06:02:03"
"694e2486c4aba06b836eaf44","694b833dbbb7233f7acf7b72","unknown","Uncategorized","No","No","Yes",0,0,"2025-12-26 06:02:02"
"694e2486c4aba06b836eaf44","694b88877cbb8cca3ea6d79f","unknown","Uncategorized","No","No","Yes",0,0,"2025-12-26 06:02:01"
"694e2486c4aba06b836eaf44","694b8e047cbb8cca3ea6da77","unknown","Uncategorized","No","No","Yes",0,0,"2025-12-26 06:02:00"
"694e2486c4aba06b836eaf44","694b8d427cbb8cca3ea6d9f7","unknown","Uncategorized","No","No","Yes",0,0,"2025-12-26 06:02:00"
"694e2486c4aba06b836eaf44","694bc1a17f3896c99b2d463a","unknown","Uncategorized","No","No","Yes",0,0,"2025-12-26 06:01:56"
"694e244bc4aba06b836eae45","694b8d427cbb8cca3ea6d9f7","unknown","Uncategorized","No","No","Yes",0,0,"2025-12-26 06:01:53"
"694e244bc4aba06b836eae45","694b8e047cbb8cca3ea6da77","unknown","Uncategorized","No","No","Yes",0,0,"2025-12-26 06:01:52"
"694e244bc4aba06b836eae45","694bc1a17f3896c99b2d463a","unknown","Uncategorized","No","No","Yes",0,0,"2025-12-26 06:01:50"
"694e2486c4aba06b836eaf44","694bc2297f3896c99b2d46f8","unknown","Uncategorized","No","No","Yes",0,0,"2025-12-26 06:01:50"
"694e2460c4aba06b836eaebe","694bc1a17f3896c99b2d463a","unknown","Uncategorized","No","No","Yes",0,0,"2025-12-26 06:01:45"
"694e244bc4aba06b836eae45","694bc2297f3896c99b2d46f8","unknown","Uncategorized","No","No","Yes",0,0,"2025-12-26 06:01:44"
"694e2460c4aba06b836eaebe","694bc2297f3896c99b2d46f8","unknown","Uncategorized","No","No","Yes",0,0,"2025-12-26 06:01:43"
"694e2406c4aba06b836ead57","694b82eebbb7233f7acf7b48","unknown","Uncategorized","No","No","Yes",0,0,"2025-12-26 06:01:39"
"694e2486c4aba06b836eaf44","694be910273769a95594eefd","unknown","Uncategorized","No","No","Yes",0,0,"2025-12-26 06:01:33"
"694e2486c4aba06b836eaf44","694cf8581a80800852657412","unknown","Uncategorized","No","No","Yes",0,0,"2025-12-26 06:01:22"
"694e2460c4aba06b836eaebe","694cf8581a80800852657412","unknown","Uncategorized","No","No","Yes",0,0,"2025-12-26 06:01:17"
"694e2460c4aba06b836eaebe","694be910273769a95594eefd","unknown","Uncategorized","No","No","Yes",0,0,"2025-12-26 06:01:17"
"694e244bc4aba06b836eae45","694cf8581a80800852657412","unknown","Uncategorized","No","No","Yes",0,0,"2025-12-26 06:01:15"
"694e244bc4aba06b836eae45","694be910273769a95594eefd","unknown","Uncategorized","No","No","Yes",0,0,"2025-12-26 06:01:15"
"694e2406c4aba06b836ead57","694b833dbbb7233f7acf7b72","unknown","Uncategorized","No","No","Yes",0,0,"2025-12-26 06:00:19"
"694e2406c4aba06b836ead57","694b88877cbb8cca3ea6d79f","unknown","Uncategorized","No","No","Yes",0,0,"2025-12-26 06:00:18"
"694e2448c4aba06b836eae05","694b833dbbb7233f7acf7b72","unknown","Uncategorized","No","No","Yes",0,0,"2025-12-26 06:00:17"
"694e2448c4aba06b836eae05","694b88877cbb8cca3ea6d79f","unknown","Uncategorized","No","No","Yes",0,0,"2025-12-26 06:00:16"
"694e2406c4aba06b836ead57","694b8d427cbb8cca3ea6d9f7","unknown","Uncategorized","No","No","Yes",0,0,"2025-12-26 06:00:15"
"694e2448c4aba06b836eae05","694b8d427cbb8cca3ea6d9f7","unknown","Uncategorized","No","No","Yes",0,0,"2025-12-26 06:00:14"
"694e2406c4aba06b836ead57","694b8e047cbb8cca3ea6da77","unknown","Uncategorized","No","No","Yes",0,0,"2025-12-26 06:00:14"
"694e2448c4aba06b836eae05","694b8e047cbb8cca3ea6da77","unknown","Uncategorized","No","No","Yes",0,0,"2025-12-26 06:00:13"
"694e2406c4aba06b836ead57","694bc1a17f3896c99b2d463a","unknown","Uncategorized","No","No","Yes",0,0,"2025-12-26 06:00:11"
"694e2448c4aba06b836eae05","694bc1a17f3896c99b2d463a","unknown","Uncategorized","No","No","Yes",0,0,"2025-12-26 06:00:05"
"694e23dec4aba06b836ead25","694a98567cbb8cca3ea6d1ce","unknown","Uncategorized","No","No","Yes",0,5,"2025-12-26 06:00:02"
"694e2448c4aba06b836eae05","694bc2297f3896c99b2d46f8","unknown","Uncategorized","No","No","Yes",0,0,"2025-12-26 06:00:02"
"694e2406c4aba06b836ead57","694bc2297f3896c99b2d46f8","unknown","Uncategorized","No","No","Yes",0,0,"2025-12-26 06:00:00"
"694e2406c4aba06b836ead57","694be910273769a95594eefd","unknown","Uncategorized","No","No","Yes",0,0,"2025-12-26 05:59:56"
"694e2448c4aba06b836eae05","694be910273769a95594eefd","unknown","Uncategorized","No","No","Yes",0,0,"2025-12-26 05:59:51"
"694e2448c4aba06b836eae05","694cf8581a80800852657412","unknown","Uncategorized","No","No","Yes",0,0,"2025-12-26 05:59:51"
"694e2438c4aba06b836eadfd","694cf8581a80800852657412","unknown","Uncategorized","No","No","Yes",0,0,"2025-12-26 05:59:40"
"694e2438c4aba06b836eadfd","694be910273769a95594eefd","unknown","Uncategorized","No","No","Yes",0,0,"2025-12-26 05:59:40"
"694e2406c4aba06b836ead57","694cf8581a80800852657412","unknown","Uncategorized","No","No","Yes",0,0,"2025-12-26 05:59:10"
"694e238c755a8fff2b1728be","694b833dbbb7233f7acf7b72","unknown","Uncategorized","No","No","Yes",0,0,"2025-12-26 05:59:06"
"694e238c755a8fff2b1728be","694b82eebbb7233f7acf7b48","unknown","Uncategorized","No","No","Yes",0,0,"2025-12-26 05:59:06"
"694e238c755a8fff2b1728be","694b8e047cbb8cca3ea6da77","unknown","Uncategorized","No","No","Yes",0,0,"2025-12-26 05:59:05"
"694e238c755a8fff2b1728be","694b8d427cbb8cca3ea6d9f7","unknown","Uncategorized","No","No","Yes",0,0,"2025-12-26 05:59:05"
"694e238c755a8fff2b1728be","694b88877cbb8cca3ea6d79f","unknown","Uncategorized","No","No","Yes",0,0,"2025-12-26 05:59:05"
"694e238c755a8fff2b1728be","694bc1a17f3896c99b2d463a","unknown","Uncategorized","No","No","Yes",0,0,"2025-12-26 05:59:04"
"694e238c755a8fff2b1728be","694bc2297f3896c99b2d46f8","unknown","Uncategorized","No","No","Yes",0,0,"2025-12-26 05:59:03"
"694e23dec4aba06b836ead25","694cf8581a80800852657412","unknown","Uncategorized","No","No","Yes",0,0,"2025-12-26 05:58:36"
"694e23dec4aba06b836ead25","694be910273769a95594eefd","unknown","Uncategorized","No","No","Yes",0,0,"2025-12-26 05:58:36"
"691587aef4af6c516dc1caed","694b8d427cbb8cca3ea6d9f7","unknown","Uncategorized","No","No","Yes",0,0,"2025-12-26 05:57:47"
"691587aef4af6c516dc1caed","694b88877cbb8cca3ea6d79f","unknown","Uncategorized","No","No","Yes",0,0,"2025-12-26 05:57:47"
"694e238c755a8fff2b1728be","694cf8581a80800852657412","unknown","Uncategorized","No","No","Yes",0,0,"2025-12-26 05:57:07"
"694e238c755a8fff2b1728be","694be910273769a95594eefd","unknown","Uncategorized","No","No","Yes",0,0,"2025-12-26 05:57:07"
"694e234c755a8fff2b172875","694bc2297f3896c99b2d46f8","unknown","Uncategorized","No","No","Yes",0,0,"2025-12-26 05:56:35"
"694e234c755a8fff2b172875","694be910273769a95594eefd","unknown","Uncategorized","No","No","Yes",0,0,"2025-12-26 05:56:32"
"694e234c755a8fff2b172875","694cf8581a80800852657412","unknown","Uncategorized","No","No","Yes",0,0,"2025-12-26 05:56:17"
"691587aef4af6c516dc1caed","694cf8581a80800852657412","unknown","Uncategorized","No","No","Yes",0,0,"2025-12-26 05:52:35"
"6948e8c07cbb8cca3ea6a3cb","694b88877cbb8cca3ea6d79f","unknown","Uncategorized","No","No","Yes",0,0,"2025-12-25 16:04:29"
"6948e8c07cbb8cca3ea6a3cb","694b8d427cbb8cca3ea6d9f7","unknown","Uncategorized","No","No","Yes",0,0,"2025-12-25 16:01:37"
"6948e8c07cbb8cca3ea6a3cb","694b8e047cbb8cca3ea6da77","unknown","Uncategorized","No","No","Yes",0,0,"2025-12-25 16:01:36"
"6948e8c07cbb8cca3ea6a3cb","694bc1a17f3896c99b2d463a","unknown","Uncategorized","No","No","Yes",0,0,"2025-12-25 16:01:35"
"6948e8c07cbb8cca3ea6a3cb","694bc2297f3896c99b2d46f8","unknown","Uncategorized","No","No","Yes",0,0,"2025-12-25 16:00:27"
"6948e94b7cbb8cca3ea6a723","694b88877cbb8cca3ea6d79f","unknown","Uncategorized","No","No","Yes",0,0,"2025-12-25 15:51:08"
"6948e94b7cbb8cca3ea6a723","694b8d427cbb8cca3ea6d9f7","unknown","Uncategorized","No","No","Yes",0,0,"2025-12-25 15:51:05"
"6948e94b7cbb8cca3ea6a723","694b8e047cbb8cca3ea6da77","unknown","Uncategorized","No","No","Yes",0,0,"2025-12-25 15:51:05"
"6948e94b7cbb8cca3ea6a723","694bc1a17f3896c99b2d463a","unknown","Uncategorized","No","No","Yes",0,0,"2025-12-25 15:49:48"
"6948e9307cbb8cca3ea6a685","694cf8581a80800852657412","unknown","Uncategorized","No","No","Yes",0,0,"2025-12-25 15:18:44"
"6948e8c07cbb8cca3ea6a3cb","694cf8581a80800852657412","unknown","Uncategorized","No","No","Yes",0,0,"2025-12-25 14:50:15"
"69159c06f4af6c516dc1ff21","694cf8581a80800852657412","unknown","Uncategorized","No","No","Yes",0,0,"2025-12-25 11:50:38"
"691c0bf06b68b5bc9f69d70b","694cf8581a80800852657412","unknown","Uncategorized","No","No","Yes",0,0,"2025-12-25 11:50:09"
"691c0bf06b68b5bc9f69d70b","694be910273769a95594eefd","unknown","Uncategorized","No","No","Yes",0,0,"2025-12-25 11:50:09"
"6948e94b7cbb8cca3ea6a723","694cf8581a80800852657412","unknown","Uncategorized","No","No","Yes",0,0,"2025-12-25 09:22:54"
"69060df714606eb751eac37e","694cf8581a80800852657412","unknown","Uncategorized","No","No","Yes",0,0,"2025-12-25 08:59:22"
"69060df714606eb751eac37e","694be910273769a95594eefd","unknown","Uncategorized","No","No","Yes",0,0,"2025-12-25 08:59:22"
"690054c6fb26e417408f72a7","694cf8581a80800852657412","unknown","Uncategorized","No","No","Yes",0,0,"2025-12-25 08:44:21"
"6948e94b7cbb8cca3ea6a723","694bc2297f3896c99b2d46f8","unknown","Uncategorized","No","No","Yes",0,0,"2025-12-25 08:06:23"
"6948e94b7cbb8cca3ea6a723","694be910273769a95594eefd","unknown","Uncategorized","No","No","Yes",0,0,"2025-12-25 08:02:07"
"691587aef4af6c516dc1caed","694bc1a17f3896c99b2d463a","unknown","Uncategorized","No","No","Yes",0,0,"2025-12-25 08:01:10"
"691587aef4af6c516dc1caed","694b8e047cbb8cca3ea6da77","unknown","Uncategorized","No","No","Yes",0,0,"2025-12-25 08:01:10"
"691587aef4af6c516dc1caed","694be910273769a95594eefd","unknown","Uncategorized","No","No","Yes",0,0,"2025-12-25 08:01:06"
"691587aef4af6c516dc1caed","694bc2297f3896c99b2d46f8","unknown","Uncategorized","No","No","Yes",0,0,"2025-12-25 08:01:06"
"6948e8c07cbb8cca3ea6a3cb","694be910273769a95594eefd","unknown","Uncategorized","No","No","Yes",0,0,"2025-12-25 07:58:38"
"6948e9307cbb8cca3ea6a685","694bc2297f3896c99b2d46f8","unknown","Uncategorized","No","No","Yes",0,0,"2025-12-25 07:58:17"
"6948e9307cbb8cca3ea6a685","694be910273769a95594eefd","unknown","Uncategorized","No","No","Yes",0,0,"2025-12-25 07:58:17"
"6909ef4b3c6874ef786b2267","694a89e87cbb8cca3ea6c74b","unknown","Uncategorized","No","No","Yes",0,0,"2025-12-25 07:27:24"
"6909ef4b3c6874ef786b2267","694a8c657cbb8cca3ea6c96b","unknown","Uncategorized","No","No","Yes",0,0,"2025-12-25 07:27:23"
"6909ef4b3c6874ef786b2267","694a8c697cbb8cca3ea6c9ae","unknown","Uncategorized","No","No","Yes",0,0,"2025-12-25 07:27:22"
"6909ef4b3c6874ef786b2267","694b82eebbb7233f7acf7b48","unknown","Uncategorized","No","No","Yes",0,0,"2025-12-25 07:26:44"
"6909ef4b3c6874ef786b2267","694b833dbbb7233f7acf7b72","unknown","Uncategorized","No","No","Yes",0,0,"2025-12-25 07:26:43"
"6909ef4b3c6874ef786b2267","694b88877cbb8cca3ea6d79f","unknown","Uncategorized","No","No","Yes",0,0,"2025-12-25 07:26:42"
"6909ef4b3c6874ef786b2267","694b8d427cbb8cca3ea6d9f7","unknown","Uncategorized","No","No","Yes",0,0,"2025-12-25 07:26:41"
"6909ef4b3c6874ef786b2267","694b8e047cbb8cca3ea6da77","unknown","Uncategorized","No","No","Yes",0,0,"2025-12-25 07:26:40"
"6909ef4b3c6874ef786b2267","694bc1a17f3896c99b2d463a","unknown","Uncategorized","No","No","Yes",0,0,"2025-12-25 07:26:39"
"6909ef4b3c6874ef786b2267","694bc2297f3896c99b2d46f8","unknown","Uncategorized","No","No","Yes",0,0,"2025-12-25 07:26:37"
"6909ef4b3c6874ef786b2267","694be910273769a95594eefd","unknown","Uncategorized","No","No","Yes",0,0,"2025-12-25 07:26:35"
"6948f8837cbb8cca3ea6b009","694b8d427cbb8cca3ea6d9f7","unknown","Uncategorized","No","No","Yes",0,0,"2025-12-25 04:03:55"
"6948f8837cbb8cca3ea6b009","694b88877cbb8cca3ea6d79f","unknown","Uncategorized","No","No","Yes",0,0,"2025-12-25 04:03:55"
"6948f8837cbb8cca3ea6b009","694b833dbbb7233f7acf7b72","unknown","Uncategorized","No","No","Yes",0,0,"2025-12-25 04:03:55"
"6948f8837cbb8cca3ea6b009","694b82eebbb7233f7acf7b48","unknown","Uncategorized","No","No","Yes",0,0,"2025-12-25 04:03:55"
"6948f8837cbb8cca3ea6b009","694bc1a17f3896c99b2d463a","unknown","Uncategorized","No","No","Yes",0,0,"2025-12-25 04:03:42"
"6948f8837cbb8cca3ea6b009","694b8e047cbb8cca3ea6da77","unknown","Uncategorized","No","No","Yes",0,0,"2025-12-25 04:03:42"
"6948f8837cbb8cca3ea6b009","694be910273769a95594eefd","unknown","Uncategorized","No","No","Yes",0,0,"2025-12-25 04:03:29"
"6948f8837cbb8cca3ea6b009","694bc2297f3896c99b2d46f8","unknown","Uncategorized","No","No","Yes",0,0,"2025-12-25 04:03:29"
"690054c6fb26e417408f72a7","694be910273769a95594eefd","unknown","Uncategorized","No","No","Yes",0,0,"2025-12-24 14:26:58"
"690054c6fb26e417408f72a7","694bc2297f3896c99b2d46f8","unknown","Uncategorized","No","No","Yes",0,0,"2025-12-24 10:46:04"
"690054c6fb26e417408f72a7","694bc1a17f3896c99b2d463a","unknown","Uncategorized","No","No","Yes",0,0,"2025-12-24 10:46:03"
"690054c6fb26e417408f72a7","694a8d7e7cbb8cca3ea6cb7c","unknown","Uncategorized","No","No","Yes",0,1,"2025-12-24 09:59:26"
"6948e7f57cbb8cca3ea6a2a9","694b8e047cbb8cca3ea6da77","unknown","Uncategorized","No","No","Yes",0,0,"2025-12-24 09:35:37"
"6948e7f57cbb8cca3ea6a2a9","694b8d427cbb8cca3ea6d9f7","unknown","Uncategorized","No","No","Yes",0,0,"2025-12-24 09:35:37"
"69060df714606eb751eac37e","694a89e87cbb8cca3ea6c74b","unknown","Uncategorized","No","No","Yes",0,0,"2025-12-24 09:00:05"
"69060df714606eb751eac37e","694a8c697cbb8cca3ea6c9ae","unknown","Uncategorized","No","No","Yes",0,0,"2025-12-24 09:00:04"
"69060df714606eb751eac37e","694a8c657cbb8cca3ea6c96b","unknown","Uncategorized","No","No","Yes",0,0,"2025-12-24 09:00:04"
"69060df714606eb751eac37e","694a93687cbb8cca3ea6cea8","unknown","Uncategorized","No","No","Yes",0,0,"2025-12-24 08:59:56"
"690054c6fb26e417408f72a7","694b8e047cbb8cca3ea6da77","unknown","Uncategorized","No","No","Yes",0,0,"2025-12-24 08:52:57"
"690054c6fb26e417408f72a7","694b82eebbb7233f7acf7b48","unknown","Uncategorized","No","No","Yes",0,0,"2025-12-24 08:37:14"
"69060df714606eb751eac37e","694b8d427cbb8cca3ea6d9f7","unknown","Uncategorized","No","No","Yes",0,0,"2025-12-24 06:59:07"
"69060df714606eb751eac37e","694b8e047cbb8cca3ea6da77","unknown","Uncategorized","No","No","Yes",0,0,"2025-12-24 06:54:00"
"690054c6fb26e417408f72a7","694b8d427cbb8cca3ea6d9f7","unknown","Uncategorized","No","No","Yes",0,0,"2025-12-24 06:50:46"
"690054c6fb26e417408f72a7","694b833dbbb7233f7acf7b72","unknown","Uncategorized","No","No","Yes",0,0,"2025-12-24 06:41:44"
"69060df714606eb751eac37e","694b88877cbb8cca3ea6d79f","unknown","Uncategorized","No","No","Yes",0,0,"2025-12-24 06:36:53"
"690054c6fb26e417408f72a7","694b88877cbb8cca3ea6d79f","unknown","Uncategorized","No","No","Yes",0,0,"2025-12-24 06:30:35"
"69060df714606eb751eac37e","694b833dbbb7233f7acf7b72","unknown","Uncategorized","No","No","Yes",0,0,"2025-12-24 06:25:26"
"69060df714606eb751eac37e","694b82eebbb7233f7acf7b48","unknown","Uncategorized","No","No","Yes",0,0,"2025-12-24 06:25:26"
"690054c6fb26e417408f72a7","694a8c657cbb8cca3ea6c96b","unknown","Uncategorized","No","No","Yes",0,0,"2025-12-24 05:47:56"
"690054c6fb26e417408f72a7","694a8c697cbb8cca3ea6c9ae","unknown","Uncategorized","No","No","Yes",0,0,"2025-12-24 05:47:55"
"690054c6fb26e417408f72a7","694a93687cbb8cca3ea6cea8","unknown","Uncategorized","No","No","Yes",0,0,"2025-12-24 05:47:22"
"6948f7c17cbb8cca3ea6ae08","694a93687cbb8cca3ea6cea8","unknown","Uncategorized","No","No","Yes",0,0,"2025-12-23 15:41:54"
"6909ef4b3c6874ef786b2267","694a96647cbb8cca3ea6d0e0","unknown","Uncategorized","No","No","Yes",0,2,"2025-12-23 13:45:42"
"6909ef4b3c6874ef786b2267","694a93687cbb8cca3ea6cea8","unknown","Uncategorized","No","No","Yes",0,0,"2025-12-23 13:16:57"
"691c0b396b68b5bc9f69d209","694a89e87cbb8cca3ea6c74b","unknown","Uncategorized","No","No","Yes",0,0,"2025-12-23 13:06:14"
"691c0b396b68b5bc9f69d209","6938fced5aacf66cbd33ed67","unknown","Uncategorized","No","No","Yes",0,0,"2025-12-23 13:06:14"
"691c0b396b68b5bc9f69d209","69414f0849ed3d09a3c151ac","unknown","Uncategorized","No","No","Yes",0,0,"2025-12-23 13:06:14"
"691c0b396b68b5bc9f69d209","694a93687cbb8cca3ea6cea8","unknown","Uncategorized","No","No","Yes",0,0,"2025-12-23 13:04:48"
"691c0b396b68b5bc9f69d209","694a8c697cbb8cca3ea6c9ae","unknown","Uncategorized","No","No","Yes",0,0,"2025-12-23 13:03:45"
"690054c6fb26e417408f72a7","694a89e87cbb8cca3ea6c74b","unknown","Uncategorized","No","No","Yes",0,0,"2025-12-23 12:58:27"
"691c0e526b68b5bc9f69ffd3","694a8c657cbb8cca3ea6c96b","unknown","Uncategorized","No","No","Yes",0,0,"2025-12-23 12:40:39"
"691c0e526b68b5bc9f69ffd3","694a8c697cbb8cca3ea6c9ae","unknown","Uncategorized","No","No","Yes",0,0,"2025-12-23 12:40:34"
"691c0e526b68b5bc9f69ffd3","69414ecbdaaa7d592960a28a","unknown","Uncategorized","No","No","Yes",0,0,"2025-12-23 12:40:13"
"691c0e526b68b5bc9f69ffd3","694a28090d71aabf5d25aa8d","unknown","Uncategorized","No","No","Yes",0,2,"2025-12-23 12:39:51"
"6920058aae218bc0c556b770","693fe3e76565a1f950449fe3","unknown","Uncategorized","No","No","Yes",0,0,"2025-12-23 12:35:51"
"6920058aae218bc0c556b770","693fb1509236232c8cebc371","unknown","Uncategorized","No","No","Yes",0,0,"2025-12-23 12:35:51"
"6920058aae218bc0c556b770","69414ecbdaaa7d592960a28a","unknown","Uncategorized","No","No","Yes",0,0,"2025-12-23 12:35:50"
"6920058aae218bc0c556b770","69414ee849ed3d09a3c1514d","unknown","Uncategorized","No","No","Yes",0,0,"2025-12-23 12:35:48"
"6920058aae218bc0c556b770","69414f0849ed3d09a3c151ac","unknown","Uncategorized","No","No","Yes",0,0,"2025-12-23 12:35:45"
"6920058aae218bc0c556b770","6944eb35a156a8f3ec0a891d","unknown","Uncategorized","No","No","Yes",0,0,"2025-12-23 12:35:44"
"6920058aae218bc0c556b770","6949232cc27e67301778f8f3","unknown","Uncategorized","No","No","Yes",0,0,"2025-12-23 12:35:43"
"6920058aae218bc0c556b770","69492ed47cbb8cca3ea6bba5","unknown","Uncategorized","No","No","Yes",0,0,"2025-12-23 12:35:42"
"6920058aae218bc0c556b770","694a89e87cbb8cca3ea6c74b","unknown","Uncategorized","No","No","Yes",0,0,"2025-12-23 12:35:15"
"6920058aae218bc0c556b770","694a8c657cbb8cca3ea6c96b","unknown","Uncategorized","No","No","Yes",0,0,"2025-12-23 12:35:14"
"6920058aae218bc0c556b770","694a8c697cbb8cca3ea6c9ae","unknown","Uncategorized","No","No","Yes",0,0,"2025-12-23 12:35:11"
"69159968f4af6c516dc1f88f","694a8c657cbb8cca3ea6c96b","unknown","Uncategorized","No","No","Yes",0,0,"2025-12-23 12:34:57"
"69159c06f4af6c516dc1ff21","694a8c657cbb8cca3ea6c96b","unknown","Uncategorized","No","No","Yes",0,0,"2025-12-23 12:34:54"
"69159c06f4af6c516dc1ff21","694a8c697cbb8cca3ea6c9ae","unknown","Uncategorized","No","No","Yes",0,0,"2025-12-23 12:34:52"
"691583f6f4af6c516dc1ab5f","69414f0849ed3d09a3c151ac","unknown","Uncategorized","No","No","Yes",0,0,"2025-12-23 12:34:26"
"691c0e526b68b5bc9f69ffd3","69414ee849ed3d09a3c1514d","unknown","Uncategorized","No","No","Yes",0,0,"2025-12-23 12:34:16"
"691c0e526b68b5bc9f69ffd3","69414f0849ed3d09a3c151ac","unknown","Uncategorized","No","No","Yes",0,0,"2025-12-23 12:34:14"
"691c0e526b68b5bc9f69ffd3","6949232cc27e67301778f8f3","unknown","Uncategorized","No","No","Yes",0,0,"2025-12-23 12:34:12"
"691c0e526b68b5bc9f69ffd3","69494ae17cbb8cca3ea6bfdd","unknown","Uncategorized","No","No","Yes",0,4,"2025-12-23 12:34:11"
"691583f6f4af6c516dc1ab5f","69494ae17cbb8cca3ea6bfdd","unknown","Uncategorized","No","No","Yes",0,4,"2025-12-23 12:34:10"
"69159c06f4af6c516dc1ff21","694a89e87cbb8cca3ea6c74b","unknown","Uncategorized","No","No","Yes",0,0,"2025-12-23 12:33:57"
"691583f6f4af6c516dc1ab5f","6944eb35a156a8f3ec0a891d","unknown","Uncategorized","No","No","Yes",0,0,"2025-12-23 12:33:57"
"691583f6f4af6c516dc1ab5f","6949232cc27e67301778f8f3","unknown","Uncategorized","No","No","Yes",0,0,"2025-12-23 12:33:56"
"691c0e526b68b5bc9f69ffd3","69492ed47cbb8cca3ea6bba5","unknown","Uncategorized","No","No","Yes",0,0,"2025-12-23 12:33:56"
"691583f6f4af6c516dc1ab5f","69492ed47cbb8cca3ea6bba5","unknown","Uncategorized","No","No","Yes",0,0,"2025-12-23 12:33:46"
"691c0e526b68b5bc9f69ffd3","694a89e87cbb8cca3ea6c74b","unknown","Uncategorized","No","No","Yes",0,0,"2025-12-23 12:33:19"
"691583f6f4af6c516dc1ab5f","694a89e87cbb8cca3ea6c74b","unknown","Uncategorized","No","No","Yes",0,0,"2025-12-23 12:33:01"
"69159968f4af6c516dc1f88f","694a89e87cbb8cca3ea6c74b","unknown","Uncategorized","No","No","Yes",0,0,"2025-12-23 12:32:56"
"691474336f3817fc8d6a0c12","694a89e87cbb8cca3ea6c74b","unknown","Uncategorized","No","No","Yes",0,0,"2025-12-23 12:24:11"
"690054c6fb26e417408f72a7","69494ae17cbb8cca3ea6bfdd","unknown","Uncategorized","No","No","Yes",0,4,"2025-12-23 07:13:39"
"6948e94b7cbb8cca3ea6a723","69492ed47cbb8cca3ea6bba5","unknown","Uncategorized","No","No","Yes",0,0,"2025-12-23 05:47:07"
"6909ef4b3c6874ef786b2267","6949232cc27e67301778f8f3","unknown","Uncategorized","No","No","Yes",0,0,"2025-12-22 14:05:49"
"6909ef4b3c6874ef786b2267","69492ed47cbb8cca3ea6bba5","unknown","Uncategorized","No","No","Yes",0,0,"2025-12-22 13:42:24"
"690054c6fb26e417408f72a7","69492ed47cbb8cca3ea6bba5","unknown","Uncategorized","No","No","Yes",0,0,"2025-12-22 13:15:43"
"691474336f3817fc8d6a0c12","69492ed47cbb8cca3ea6bba5","unknown","Uncategorized","No","No","Yes",0,0,"2025-12-22 12:10:41"
"69060df714606eb751eac37e","6949232cc27e67301778f8f3","unknown","Uncategorized","No","No","Yes",0,0,"2025-12-22 11:43:20"
"69060df714606eb751eac37e","69492ed47cbb8cca3ea6bba5","unknown","Uncategorized","No","No","Yes",0,0,"2025-12-22 11:43:20"
"691474336f3817fc8d6a0c12","6949232cc27e67301778f8f3","unknown","Uncategorized","No","No","Yes",0,0,"2025-12-22 11:38:50"
"690054c6fb26e417408f72a7","6949232cc27e67301778f8f3","unknown","Uncategorized","No","No","Yes",0,0,"2025-12-22 11:35:56"
"69060df714606eb751eac37e","6933fbac3eb6c35f69778a37","unknown","Uncategorized","No","No","Yes",0,0,"2025-12-22 10:54:37"
"69060df714606eb751eac37e","6933ed2a9de99402231df7d4","unknown","Uncategorized","No","No","Yes",0,0,"2025-12-22 10:54:37"
"69060df714606eb751eac37e","6933eb19cd92fc1a91cb0acc","unknown","Uncategorized","No","No","Yes",0,0,"2025-12-22 10:54:37"
"69060df714606eb751eac37e","6933edc69de99402231df85f","unknown","Uncategorized","No","No","Yes",0,0,"2025-12-22 10:54:37"
"69060df714606eb751eac37e","6933dccf93243f9a10fe6ced","unknown","Uncategorized","No","No","Yes",0,0,"2025-12-22 10:54:37"
"69060df714606eb751eac37e","6933fc80959341fcad4b1d33","unknown","Uncategorized","No","No","Yes",0,0,"2025-12-22 10:54:32"
"69060df714606eb751eac37e","6938f20c447698bc65553f5b","unknown","Uncategorized","No","No","Yes",0,0,"2025-12-22 10:54:31"
"69060df714606eb751eac37e","69386b8810998c02c4ce63a9","unknown","Uncategorized","No","No","Yes",0,0,"2025-12-22 10:54:31"
"69060df714606eb751eac37e","69393ab3b5007de47d87c2c4","unknown","Uncategorized","No","No","Yes",0,0,"2025-12-22 10:54:30"
"69060df714606eb751eac37e","6938fd2d5aacf66cbd33edcc","unknown","Uncategorized","No","No","Yes",0,0,"2025-12-22 10:54:30"
"69060df714606eb751eac37e","6938fced5aacf66cbd33ed67","unknown","Uncategorized","No","No","Yes",0,0,"2025-12-22 10:54:30"
"69060df714606eb751eac37e","69393c09b5007de47d87c494","unknown","Uncategorized","No","No","Yes",0,0,"2025-12-22 10:54:29"
"69060df714606eb751eac37e","69393bc0b5007de47d87c3ec","unknown","Uncategorized","No","No","Yes",0,0,"2025-12-22 10:54:29"
"69060df714606eb751eac37e","693a832b5d38b982beb49913","unknown","Uncategorized","No","No","Yes",0,0,"2025-12-22 10:54:28"
"69060df714606eb751eac37e","69393dc2e781430d3d573384","unknown","Uncategorized","No","No","Yes",0,0,"2025-12-22 10:54:28"
"69060df714606eb751eac37e","693faf89ab825b23c883bf9c","unknown","Uncategorized","No","No","Yes",0,0,"2025-12-22 10:54:27"
"69060df714606eb751eac37e","693faf5bab825b23c883beb4","unknown","Uncategorized","No","No","Yes",0,0,"2025-12-22 10:54:27"
"69060df714606eb751eac37e","693bbe77775b487926eed325","unknown","Uncategorized","No","No","Yes",0,0,"2025-12-22 10:54:27"
"69060df714606eb751eac37e","693fafe700e60c99a1b28def","unknown","Uncategorized","No","No","Yes",0,0,"2025-12-22 10:54:26"
"69060df714606eb751eac37e","693fb1509236232c8cebc371","unknown","Uncategorized","No","No","Yes",0,0,"2025-12-22 10:54:08"
"69060df714606eb751eac37e","693fb07800e60c99a1b2906e","unknown","Uncategorized","No","No","Yes",0,0,"2025-12-22 10:54:08"
"69060df714606eb751eac37e","69414ecbdaaa7d592960a28a","unknown","Uncategorized","No","No","Yes",0,0,"2025-12-22 10:54:06"
"69060df714606eb751eac37e","693fe3e76565a1f950449fe3","unknown","Uncategorized","No","No","Yes",0,0,"2025-12-22 10:54:06"
"69060df714606eb751eac37e","69414ee849ed3d09a3c1514d","unknown","Uncategorized","No","No","Yes",0,0,"2025-12-22 10:54:00"
"69060df714606eb751eac37e","6944eb35a156a8f3ec0a891d","unknown","Uncategorized","No","No","Yes",0,0,"2025-12-22 10:53:50"
"69060df714606eb751eac37e","69414f0849ed3d09a3c151ac","unknown","Uncategorized","No","No","Yes",0,0,"2025-12-22 10:53:50"
"6948f8837cbb8cca3ea6b009","69393bc0b5007de47d87c3ec","unknown","Uncategorized","No","No","Yes",0,0,"2025-12-22 07:54:16"
"6948f8837cbb8cca3ea6b009","69393ab3b5007de47d87c2c4","unknown","Uncategorized","No","No","Yes",0,0,"2025-12-22 07:54:16"
"6948f8837cbb8cca3ea6b009","6938fd2d5aacf66cbd33edcc","unknown","Uncategorized","No","No","Yes",0,0,"2025-12-22 07:54:16"
"6948f8837cbb8cca3ea6b009","69386b8810998c02c4ce63a9","unknown","Uncategorized","No","No","Yes",0,0,"2025-12-22 07:54:16"
"6948f8837cbb8cca3ea6b009","6938f20c447698bc65553f5b","unknown","Uncategorized","No","No","Yes",0,0,"2025-12-22 07:54:16"
"6948f8837cbb8cca3ea6b009","6938fced5aacf66cbd33ed67","unknown","Uncategorized","No","No","Yes",0,0,"2025-12-22 07:54:16"
"6948f8837cbb8cca3ea6b009","69393dc2e781430d3d573384","unknown","Uncategorized","No","No","Yes",0,0,"2025-12-22 07:54:10"
"6948f8837cbb8cca3ea6b009","69393c09b5007de47d87c494","unknown","Uncategorized","No","No","Yes",0,0,"2025-12-22 07:54:10"
"6948f8837cbb8cca3ea6b009","693a832b5d38b982beb49913","unknown","Uncategorized","No","No","Yes",0,0,"2025-12-22 07:54:03"
"6948f8837cbb8cca3ea6b009","693bbe77775b487926eed325","unknown","Uncategorized","No","No","Yes",0,0,"2025-12-22 07:53:51"
"6948f8837cbb8cca3ea6b009","693fafe700e60c99a1b28def","unknown","Uncategorized","No","No","Yes",0,0,"2025-12-22 07:53:24"
"6948f8837cbb8cca3ea6b009","693faf89ab825b23c883bf9c","unknown","Uncategorized","No","No","Yes",0,0,"2025-12-22 07:53:24"
"6948f8837cbb8cca3ea6b009","693faf5bab825b23c883beb4","unknown","Uncategorized","No","No","Yes",0,0,"2025-12-22 07:53:24"
"6948f8837cbb8cca3ea6b009","693fb07800e60c99a1b2906e","unknown","Uncategorized","No","No","Yes",0,0,"2025-12-22 07:53:21"
"6948f8837cbb8cca3ea6b009","693fb1509236232c8cebc371","unknown","Uncategorized","No","No","Yes",0,0,"2025-12-22 07:53:20"
"6948f8837cbb8cca3ea6b009","693fe3e76565a1f950449fe3","unknown","Uncategorized","No","No","Yes",0,0,"2025-12-22 07:53:19"
"6948f8837cbb8cca3ea6b009","69414ee849ed3d09a3c1514d","unknown","Uncategorized","No","No","Yes",0,0,"2025-12-22 07:53:18"
"6948f8837cbb8cca3ea6b009","69414ecbdaaa7d592960a28a","unknown","Uncategorized","No","No","Yes",0,0,"2025-12-22 07:53:18"
"6948f8837cbb8cca3ea6b009","69414f0849ed3d09a3c151ac","unknown","Uncategorized","No","No","Yes",0,0,"2025-12-22 07:52:38"
"6948f8837cbb8cca3ea6b009","6944eb35a156a8f3ec0a891d","unknown","Uncategorized","No","No","Yes",0,0,"2025-12-22 07:52:38"
"6948f8937cbb8cca3ea6b00e","69414ee849ed3d09a3c1514d","unknown","Uncategorized","No","No","Yes",0,0,"2025-12-22 07:52:30"
"6948f8937cbb8cca3ea6b00e","69414ecbdaaa7d592960a28a","unknown","Uncategorized","No","No","Yes",0,0,"2025-12-22 07:52:30"
"6948f8937cbb8cca3ea6b00e","69414f0849ed3d09a3c151ac","unknown","Uncategorized","No","No","Yes",0,0,"2025-12-22 07:52:20"
"6948f8937cbb8cca3ea6b00e","6944eb35a156a8f3ec0a891d","unknown","Uncategorized","No","No","Yes",0,0,"2025-12-22 07:52:20"
"6948f7c17cbb8cca3ea6ae08","693fb07800e60c99a1b2906e","unknown","Uncategorized","No","No","Yes",0,0,"2025-12-22 07:49:58"
"6948f7c17cbb8cca3ea6ae08","693fb1509236232c8cebc371","unknown","Uncategorized","No","No","Yes",0,0,"2025-12-22 07:49:57"
"6948f7c17cbb8cca3ea6ae08","693fe3e76565a1f950449fe3","unknown","Uncategorized","No","No","Yes",0,0,"2025-12-22 07:49:56"
"6948f7c17cbb8cca3ea6ae08","69414ecbdaaa7d592960a28a","unknown","Uncategorized","No","No","Yes",0,0,"2025-12-22 07:49:51"
"6948f7c17cbb8cca3ea6ae08","69414ee849ed3d09a3c1514d","unknown","Uncategorized","No","No","Yes",0,0,"2025-12-22 07:49:49"
"6948f8047cbb8cca3ea6aeea","69414ee849ed3d09a3c1514d","unknown","Uncategorized","No","No","Yes",0,0,"2025-12-22 07:49:45"
"6948f8047cbb8cca3ea6aeea","6944eb35a156a8f3ec0a891d","unknown","Uncategorized","No","No","Yes",0,0,"2025-12-22 07:49:36"
"6948f8047cbb8cca3ea6aeea","69414f0849ed3d09a3c151ac","unknown","Uncategorized","No","No","Yes",0,0,"2025-12-22 07:49:36"
"6948f7c47cbb8cca3ea6ae0f","693faf5bab825b23c883beb4","unknown","Uncategorized","No","No","Yes",0,0,"2025-12-22 07:49:15"
"6948f7c47cbb8cca3ea6ae0f","693faf89ab825b23c883bf9c","unknown","Uncategorized","No","No","Yes",0,0,"2025-12-22 07:49:05"
"6948f7c47cbb8cca3ea6ae0f","693fafe700e60c99a1b28def","unknown","Uncategorized","No","No","Yes",0,0,"2025-12-22 07:49:04"
"6948f7c47cbb8cca3ea6ae0f","693fb07800e60c99a1b2906e","unknown","Uncategorized","No","No","Yes",0,0,"2025-12-22 07:49:02"
"6948f7c47cbb8cca3ea6ae0f","693fb1509236232c8cebc371","unknown","Uncategorized","No","No","Yes",0,0,"2025-12-22 07:49:01"
"6948f7c47cbb8cca3ea6ae0f","693fe3e76565a1f950449fe3","unknown","Uncategorized","No","No","Yes",0,0,"2025-12-22 07:48:59"
"6948f7c47cbb8cca3ea6ae0f","69414ee849ed3d09a3c1514d","unknown","Uncategorized","No","No","Yes",0,0,"2025-12-22 07:48:58"
"6948f7c47cbb8cca3ea6ae0f","69414ecbdaaa7d592960a28a","unknown","Uncategorized","No","No","Yes",0,0,"2025-12-22 07:48:58"
"6948f7c47cbb8cca3ea6ae0f","69414f0849ed3d09a3c151ac","unknown","Uncategorized","No","No","Yes",0,0,"2025-12-22 07:48:35"
"6948f7c47cbb8cca3ea6ae0f","6944eb35a156a8f3ec0a891d","unknown","Uncategorized","No","No","Yes",0,0,"2025-12-22 07:48:35"
"6948f7c17cbb8cca3ea6ae08","6944eb35a156a8f3ec0a891d","unknown","Uncategorized","No","No","Yes",0,0,"2025-12-22 07:48:31"
"6948f7c17cbb8cca3ea6ae08","69414f0849ed3d09a3c151ac","unknown","Uncategorized","No","No","Yes",0,0,"2025-12-22 07:48:31"
"6948f7067cbb8cca3ea6a9e6","693faf89ab825b23c883bf9c","unknown","Uncategorized","No","No","Yes",0,0,"2025-12-22 07:48:02"
"6948f7067cbb8cca3ea6a9e6","693faf5bab825b23c883beb4","unknown","Uncategorized","No","No","Yes",0,0,"2025-12-22 07:48:02"
"6948f76d7cbb8cca3ea6ac1e","693faf5bab825b23c883beb4","unknown","Uncategorized","No","No","Yes",0,0,"2025-12-22 07:47:19"
"6948f76d7cbb8cca3ea6ac1e","693fafe700e60c99a1b28def","unknown","Uncategorized","No","No","Yes",0,0,"2025-12-22 07:47:18"
"6948f76d7cbb8cca3ea6ac1e","693faf89ab825b23c883bf9c","unknown","Uncategorized","No","No","Yes",0,0,"2025-12-22 07:47:18"
"6948f76d7cbb8cca3ea6ac1e","693fb07800e60c99a1b2906e","unknown","Uncategorized","No","No","Yes",0,0,"2025-12-22 07:47:16"
"6948f76d7cbb8cca3ea6ac1e","693fb1509236232c8cebc371","unknown","Uncategorized","No","No","Yes",0,0,"2025-12-22 07:47:14"
"6948f76d7cbb8cca3ea6ac1e","69414ecbdaaa7d592960a28a","unknown","Uncategorized","No","No","Yes",0,0,"2025-12-22 07:47:13"
"6948f76d7cbb8cca3ea6ac1e","693fe3e76565a1f950449fe3","unknown","Uncategorized","No","No","Yes",0,0,"2025-12-22 07:47:13"
"6948f76d7cbb8cca3ea6ac1e","69414ee849ed3d09a3c1514d","unknown","Uncategorized","No","No","Yes",0,0,"2025-12-22 07:47:11"
"6948f76d7cbb8cca3ea6ac1e","6944eb35a156a8f3ec0a891d","unknown","Uncategorized","No","No","Yes",0,0,"2025-12-22 07:47:06"
"6948f76d7cbb8cca3ea6ac1e","69414f0849ed3d09a3c151ac","unknown","Uncategorized","No","No","Yes",0,0,"2025-12-22 07:47:06"
"6948f7407cbb8cca3ea6aa6c","69414ee849ed3d09a3c1514d","unknown","Uncategorized","No","No","Yes",0,0,"2025-12-22 07:47:01"
"6948f7387cbb8cca3ea6aa5d","693fafe700e60c99a1b28def","unknown","Uncategorized","No","No","Yes",0,0,"2025-12-22 07:46:42"
"6948f7387cbb8cca3ea6aa5d","693fb07800e60c99a1b2906e","unknown","Uncategorized","No","No","Yes",0,0,"2025-12-22 07:46:41"
"6948f7387cbb8cca3ea6aa5d","693fb1509236232c8cebc371","unknown","Uncategorized","No","No","Yes",0,0,"2025-12-22 07:46:38"
"6948f7387cbb8cca3ea6aa5d","693fe3e76565a1f950449fe3","unknown","Uncategorized","No","No","Yes",0,0,"2025-12-22 07:46:37"
"6948f7387cbb8cca3ea6aa5d","69414ee849ed3d09a3c1514d","unknown","Uncategorized","No","No","Yes",0,0,"2025-12-22 07:46:36"
"6948f7387cbb8cca3ea6aa5d","69414ecbdaaa7d592960a28a","unknown","Uncategorized","No","No","Yes",0,0,"2025-12-22 07:46:36"
"6948f7247cbb8cca3ea6aa22","693fe3e76565a1f950449fe3","unknown","Uncategorized","No","No","Yes",0,0,"2025-12-22 07:46:32"
"6948f7247cbb8cca3ea6aa22","693fb1509236232c8cebc371","unknown","Uncategorized","No","No","Yes",0,0,"2025-12-22 07:46:32"
"6948f7387cbb8cca3ea6aa5d","6944eb35a156a8f3ec0a891d","unknown","Uncategorized","No","No","Yes",0,0,"2025-12-22 07:46:25"
"6948f7387cbb8cca3ea6aa5d","69414f0849ed3d09a3c151ac","unknown","Uncategorized","No","No","Yes",0,0,"2025-12-22 07:46:25"
"6948f7067cbb8cca3ea6a9e6","693fafe700e60c99a1b28def","unknown","Uncategorized","No","No","Yes",0,0,"2025-12-22 07:46:23"
"6948f7407cbb8cca3ea6aa6c","6944eb35a156a8f3ec0a891d","unknown","Uncategorized","No","No","Yes",0,0,"2025-12-22 07:46:23"
"6948f7407cbb8cca3ea6aa6c","69414f0849ed3d09a3c151ac","unknown","Uncategorized","No","No","Yes",0,0,"2025-12-22 07:46:23"
"6948f7067cbb8cca3ea6a9e6","693fb07800e60c99a1b2906e","unknown","Uncategorized","No","No","Yes",0,0,"2025-12-22 07:46:22"
"6948f7067cbb8cca3ea6a9e6","693fb1509236232c8cebc371","unknown","Uncategorized","No","No","Yes",0,0,"2025-12-22 07:46:21"
"6948f7067cbb8cca3ea6a9e6","693fe3e76565a1f950449fe3","unknown","Uncategorized","No","No","Yes",0,0,"2025-12-22 07:46:19"
"6948f7067cbb8cca3ea6a9e6","69414ecbdaaa7d592960a28a","unknown","Uncategorized","No","No","Yes",0,0,"2025-12-22 07:46:15"
"6948f7067cbb8cca3ea6a9e6","69414ee849ed3d09a3c1514d","unknown","Uncategorized","No","No","Yes",0,0,"2025-12-22 07:46:11"
"6948f7247cbb8cca3ea6aa22","69414ee849ed3d09a3c1514d","unknown","Uncategorized","No","No","Yes",0,0,"2025-12-22 07:46:09"
"6948f7247cbb8cca3ea6aa22","69414ecbdaaa7d592960a28a","unknown","Uncategorized","No","No","Yes",0,0,"2025-12-22 07:46:09"
"6948f7247cbb8cca3ea6aa22","6944eb35a156a8f3ec0a891d","unknown","Uncategorized","No","No","Yes",0,0,"2025-12-22 07:46:02"
"6948f7247cbb8cca3ea6aa22","69414f0849ed3d09a3c151ac","unknown","Uncategorized","No","No","Yes",0,0,"2025-12-22 07:46:02"
"6948f7067cbb8cca3ea6a9e6","6944eb35a156a8f3ec0a891d","unknown","Uncategorized","No","No","Yes",0,0,"2025-12-22 07:45:26"
"6948f7067cbb8cca3ea6a9e6","69414f0849ed3d09a3c151ac","unknown","Uncategorized","No","No","Yes",0,0,"2025-12-22 07:45:26"
"6948e9307cbb8cca3ea6a685","69414ee849ed3d09a3c1514d","unknown","Uncategorized","No","No","Yes",0,0,"2025-12-22 06:47:36"
"6948e9307cbb8cca3ea6a685","69414ecbdaaa7d592960a28a","unknown","Uncategorized","No","No","Yes",0,0,"2025-12-22 06:47:36"
"6948e8a47cbb8cca3ea6a357","6933dccf93243f9a10fe6ced","unknown","Uncategorized","No","No","Yes",0,0,"2025-12-22 06:47:09"
"6948e8a47cbb8cca3ea6a357","6933eb19cd92fc1a91cb0acc","unknown","Uncategorized","No","No","Yes",0,0,"2025-12-22 06:47:08"
"6948e8a47cbb8cca3ea6a357","6933ed2a9de99402231df7d4","unknown","Uncategorized","No","No","Yes",0,0,"2025-12-22 06:47:04"
"6948e8a47cbb8cca3ea6a357","6933edc69de99402231df85f","unknown","Uncategorized","No","No","Yes",0,0,"2025-12-22 06:47:03"
"6948e8a47cbb8cca3ea6a357","6933fbac3eb6c35f69778a37","unknown","Uncategorized","No","No","Yes",0,0,"2025-12-22 06:47:01"
"6948e8a47cbb8cca3ea6a357","6933fc80959341fcad4b1d33","unknown","Uncategorized","No","No","Yes",0,0,"2025-12-22 06:46:59"
"6948e8a47cbb8cca3ea6a357","69386b8810998c02c4ce63a9","unknown","Uncategorized","No","No","Yes",0,0,"2025-12-22 06:46:56"
"6948e8a47cbb8cca3ea6a357","6938f20c447698bc65553f5b","unknown","Uncategorized","No","No","Yes",0,0,"2025-12-22 06:46:55"
"6948e8a47cbb8cca3ea6a357","6938fd2d5aacf66cbd33edcc","unknown","Uncategorized","No","No","Yes",0,0,"2025-12-22 06:46:51"
"6948e8a47cbb8cca3ea6a357","6938fced5aacf66cbd33ed67","unknown","Uncategorized","No","No","Yes",0,0,"2025-12-22 06:46:51"
"6948e8a47cbb8cca3ea6a357","69393ab3b5007de47d87c2c4","unknown","Uncategorized","No","No","Yes",0,0,"2025-12-22 06:46:50"
"6948e9397cbb8cca3ea6a6a7","693fe3e76565a1f950449fe3","unknown","Uncategorized","No","No","Yes",0,0,"2025-12-22 06:46:49"
"6948e9397cbb8cca3ea6a6a7","693fb1509236232c8cebc371","unknown","Uncategorized","No","No","Yes",0,0,"2025-12-22 06:46:49"
"6948e9397cbb8cca3ea6a6a7","693fb07800e60c99a1b2906e","unknown","Uncategorized","No","No","Yes",0,0,"2025-12-22 06:46:49"
"6948e9397cbb8cca3ea6a6a7","693fafe700e60c99a1b28def","unknown","Uncategorized","No","No","Yes",0,0,"2025-12-22 06:46:49"
"6948e9397cbb8cca3ea6a6a7","693faf5bab825b23c883beb4","unknown","Uncategorized","No","No","Yes",0,0,"2025-12-22 06:46:49"
"6948e9397cbb8cca3ea6a6a7","693faf89ab825b23c883bf9c","unknown","Uncategorized","No","No","Yes",0,0,"2025-12-22 06:46:49"
"6948e8a47cbb8cca3ea6a357","69393bc0b5007de47d87c3ec","unknown","Uncategorized","No","No","Yes",0,0,"2025-12-22 06:46:49"
"6948e8a47cbb8cca3ea6a357","69393c09b5007de47d87c494","unknown","Uncategorized","No","No","Yes",0,0,"2025-12-22 06:46:48"
"6948e8a47cbb8cca3ea6a357","693a832b5d38b982beb49913","unknown","Uncategorized","No","No","Yes",0,0,"2025-12-22 06:46:46"
"6948e8a47cbb8cca3ea6a357","69393dc2e781430d3d573384","unknown","Uncategorized","No","No","Yes",0,0,"2025-12-22 06:46:46"
"6948e9397cbb8cca3ea6a6a7","69414ecbdaaa7d592960a28a","unknown","Uncategorized","No","No","Yes",0,0,"2025-12-22 06:46:45"
"6948e9397cbb8cca3ea6a6a7","69414ee849ed3d09a3c1514d","unknown","Uncategorized","No","No","Yes",0,0,"2025-12-22 06:46:44"
"6948e9397cbb8cca3ea6a6a7","6944eb35a156a8f3ec0a891d","unknown","Uncategorized","No","No","Yes",0,0,"2025-12-22 06:46:38"
"6948e9397cbb8cca3ea6a6a7","69414f0849ed3d09a3c151ac","unknown","Uncategorized","No","No","Yes",0,0,"2025-12-22 06:46:38"
"6948e9307cbb8cca3ea6a685","6944eb35a156a8f3ec0a891d","unknown","Uncategorized","No","No","Yes",0,0,"2025-12-22 06:46:35"
"6948e9307cbb8cca3ea6a685","69414f0849ed3d09a3c151ac","unknown","Uncategorized","No","No","Yes",0,0,"2025-12-22 06:46:35"
"6948e8b47cbb8cca3ea6a362","693faf5bab825b23c883beb4","unknown","Uncategorized","No","No","Yes",0,0,"2025-12-22 06:46:33"
"6948e8a47cbb8cca3ea6a357","693bbe77775b487926eed325","unknown","Uncategorized","No","No","Yes",0,0,"2025-12-22 06:46:32"
"6948e8a47cbb8cca3ea6a357","693faf5bab825b23c883beb4","unknown","Uncategorized","No","No","Yes",0,0,"2025-12-22 06:46:30"
"6948e8a47cbb8cca3ea6a357","693faf89ab825b23c883bf9c","unknown","Uncategorized","No","No","Yes",0,0,"2025-12-22 06:46:29"
"6948e8a47cbb8cca3ea6a357","693fb07800e60c99a1b2906e","unknown","Uncategorized","No","No","Yes",0,0,"2025-12-22 06:46:25"
"6948e8a47cbb8cca3ea6a357","693fafe700e60c99a1b28def","unknown","Uncategorized","No","No","Yes",0,0,"2025-12-22 06:46:25"
"6948e8e37cbb8cca3ea6a4b2","693faf5bab825b23c883beb4","unknown","Uncategorized","No","No","Yes",0,0,"2025-12-22 06:46:14"
"6948e8fb7cbb8cca3ea6a555","693faf5bab825b23c883beb4","unknown","Uncategorized","No","No","Yes",0,0,"2025-12-22 06:46:13"
"6948e8e37cbb8cca3ea6a4b2","693faf89ab825b23c883bf9c","unknown","Uncategorized","No","No","Yes",0,0,"2025-12-22 06:46:13"
"6948e8e37cbb8cca3ea6a4b2","693fb07800e60c99a1b2906e","unknown","Uncategorized","No","No","Yes",0,0,"2025-12-22 06:46:12"
"6948e8e37cbb8cca3ea6a4b2","693fafe700e60c99a1b28def","unknown","Uncategorized","No","No","Yes",0,0,"2025-12-22 06:46:12"
"6948e8fb7cbb8cca3ea6a555","693faf89ab825b23c883bf9c","unknown","Uncategorized","No","No","Yes",0,0,"2025-12-22 06:46:09"
"6948e8e37cbb8cca3ea6a4b2","693fb1509236232c8cebc371","unknown","Uncategorized","No","No","Yes",0,0,"2025-12-22 06:46:05"
"6948e8c07cbb8cca3ea6a3cb","693bbe77775b487926eed325","unknown","Uncategorized","No","No","Yes",0,0,"2025-12-22 06:45:58"
"6948e8c07cbb8cca3ea6a3cb","69393c09b5007de47d87c494","unknown","Uncategorized","No","No","Yes",0,0,"2025-12-22 06:45:58"
"6948e8c07cbb8cca3ea6a3cb","69393dc2e781430d3d573384","unknown","Uncategorized","No","No","Yes",0,0,"2025-12-22 06:45:58"
"6948e8c07cbb8cca3ea6a3cb","69393bc0b5007de47d87c3ec","unknown","Uncategorized","No","No","Yes",0,0,"2025-12-22 06:45:58"
"6948e8c07cbb8cca3ea6a3cb","6938fd2d5aacf66cbd33edcc","unknown","Uncategorized","No","No","Yes",0,0,"2025-12-22 06:45:58"
"6948e8c07cbb8cca3ea6a3cb","69393ab3b5007de47d87c2c4","unknown","Uncategorized","No","No","Yes",0,0,"2025-12-22 06:45:58"
"6948e8c07cbb8cca3ea6a3cb","6938fced5aacf66cbd33ed67","unknown","Uncategorized","No","No","Yes",0,0,"2025-12-22 06:45:58"
"6948e8c07cbb8cca3ea6a3cb","6938f20c447698bc65553f5b","unknown","Uncategorized","No","No","Yes",0,0,"2025-12-22 06:45:58"
"6948e8fb7cbb8cca3ea6a555","693fafe700e60c99a1b28def","unknown","Uncategorized","No","No","Yes",0,0,"2025-12-22 06:45:53"
"6948e8fb7cbb8cca3ea6a555","693fb1509236232c8cebc371","unknown","Uncategorized","No","No","Yes",0,0,"2025-12-22 06:45:52"
"6948e8fb7cbb8cca3ea6a555","693fb07800e60c99a1b2906e","unknown","Uncategorized","No","No","Yes",0,0,"2025-12-22 06:45:52"
"6948e8fb7cbb8cca3ea6a555","693fe3e76565a1f950449fe3","unknown","Uncategorized","No","No","Yes",0,0,"2025-12-22 06:45:51"
"6948e8fb7cbb8cca3ea6a555","69414ee849ed3d09a3c1514d","unknown","Uncategorized","No","No","Yes",0,0,"2025-12-22 06:45:49"
"6948e8fb7cbb8cca3ea6a555","69414ecbdaaa7d592960a28a","unknown","Uncategorized","No","No","Yes",0,0,"2025-12-22 06:45:49"
"6948e8e37cbb8cca3ea6a4b2","693fe3e76565a1f950449fe3","unknown","Uncategorized","No","No","Yes",0,0,"2025-12-22 06:45:48"
"6948e8e37cbb8cca3ea6a4b2","69414ecbdaaa7d592960a28a","unknown","Uncategorized","No","No","Yes",0,0,"2025-12-22 06:45:47"
"6948e8c07cbb8cca3ea6a3cb","693faf5bab825b23c883beb4","unknown","Uncategorized","No","No","Yes",0,0,"2025-12-22 06:45:37"
"6948e8fb7cbb8cca3ea6a555","6944eb35a156a8f3ec0a891d","unknown","Uncategorized","No","No","Yes",0,0,"2025-12-22 06:45:37"
"6948e8fb7cbb8cca3ea6a555","69414f0849ed3d09a3c151ac","unknown","Uncategorized","No","No","Yes",0,0,"2025-12-22 06:45:37"
"6948e8e37cbb8cca3ea6a4b2","69414ee849ed3d09a3c1514d","unknown","Uncategorized","No","No","Yes",0,0,"2025-12-22 06:45:33"
"6948e8b47cbb8cca3ea6a362","693fb1509236232c8cebc371","unknown","Uncategorized","No","No","Yes",0,0,"2025-12-22 06:45:24"
"6948e8b47cbb8cca3ea6a362","693fb07800e60c99a1b2906e","unknown","Uncategorized","No","No","Yes",0,0,"2025-12-22 06:45:24"
"6948e8b47cbb8cca3ea6a362","693fafe700e60c99a1b28def","unknown","Uncategorized","No","No","Yes",0,0,"2025-12-22 06:45:24"
"6948e8b47cbb8cca3ea6a362","693faf89ab825b23c883bf9c","unknown","Uncategorized","No","No","Yes",0,0,"2025-12-22 06:45:24"
"6948e8b47cbb8cca3ea6a362","693fe3e76565a1f950449fe3","unknown","Uncategorized","No","No","Yes",0,0,"2025-12-22 06:45:23"
"6948e88e7cbb8cca3ea6a34b","693bbe77775b487926eed325","unknown","Uncategorized","No","No","Yes",0,0,"2025-12-22 06:45:20"
"6948e88e7cbb8cca3ea6a34b","693faf5bab825b23c883beb4","unknown","Uncategorized","No","No","Yes",0,0,"2025-12-22 06:45:19"
"6948e88e7cbb8cca3ea6a34b","693faf89ab825b23c883bf9c","unknown","Uncategorized","No","No","Yes",0,0,"2025-12-22 06:45:17"
"6948e88e7cbb8cca3ea6a34b","693fafe700e60c99a1b28def","unknown","Uncategorized","No","No","Yes",0,0,"2025-12-22 06:45:16"
"6948e88e7cbb8cca3ea6a34b","693fb07800e60c99a1b2906e","unknown","Uncategorized","No","No","Yes",0,0,"2025-12-22 06:45:15"
"6948e8b47cbb8cca3ea6a362","69414ee849ed3d09a3c1514d","unknown","Uncategorized","No","No","Yes",0,0,"2025-12-22 06:45:15"
"6948e8b47cbb8cca3ea6a362","69414ecbdaaa7d592960a28a","unknown","Uncategorized","No","No","Yes",0,0,"2025-12-22 06:45:15"
"6948e8c07cbb8cca3ea6a3cb","693fafe700e60c99a1b28def","unknown","Uncategorized","No","No","Yes",0,0,"2025-12-22 06:45:14"
"6948e8e37cbb8cca3ea6a4b2","6944eb35a156a8f3ec0a891d","unknown","Uncategorized","No","No","Yes",0,0,"2025-12-22 06:45:14"
"6948e8e37cbb8cca3ea6a4b2","69414f0849ed3d09a3c151ac","unknown","Uncategorized","No","No","Yes",0,0,"2025-12-22 06:45:14"
"6948e88e7cbb8cca3ea6a34b","693fb1509236232c8cebc371","unknown","Uncategorized","No","No","Yes",0,0,"2025-12-22 06:45:14"
"6948e8c07cbb8cca3ea6a3cb","693faf89ab825b23c883bf9c","unknown","Uncategorized","No","No","Yes",0,0,"2025-12-22 06:45:14"
"6948e88e7cbb8cca3ea6a34b","693fe3e76565a1f950449fe3","unknown","Uncategorized","No","No","Yes",0,0,"2025-12-22 06:45:10"
"6948e88e7cbb8cca3ea6a34b","69414ecbdaaa7d592960a28a","unknown","Uncategorized","No","No","Yes",0,0,"2025-12-22 06:45:09"
"6948e8c07cbb8cca3ea6a3cb","693fb1509236232c8cebc371","unknown","Uncategorized","No","No","Yes",0,0,"2025-12-22 06:45:00"
"6948e8c07cbb8cca3ea6a3cb","693fb07800e60c99a1b2906e","unknown","Uncategorized","No","No","Yes",0,0,"2025-12-22 06:45:00"
"6948e8c07cbb8cca3ea6a3cb","69414ecbdaaa7d592960a28a","unknown","Uncategorized","No","No","Yes",0,0,"2025-12-22 06:44:59"
"6948e8c07cbb8cca3ea6a3cb","693fe3e76565a1f950449fe3","unknown","Uncategorized","No","No","Yes",0,0,"2025-12-22 06:44:59"
"6948e8c07cbb8cca3ea6a3cb","69414ee849ed3d09a3c1514d","unknown","Uncategorized","No","No","Yes",0,0,"2025-12-22 06:44:57"
"6948e8a47cbb8cca3ea6a357","693fb1509236232c8cebc371","unknown","Uncategorized","No","No","Yes",0,0,"2025-12-22 06:44:56"
"6948e8c07cbb8cca3ea6a3cb","6944eb35a156a8f3ec0a891d","unknown","Uncategorized","No","No","Yes",0,0,"2025-12-22 06:44:46"
"6948e8c07cbb8cca3ea6a3cb","69414f0849ed3d09a3c151ac","unknown","Uncategorized","No","No","Yes",0,0,"2025-12-22 06:44:46"
"6948e8a47cbb8cca3ea6a357","693fe3e76565a1f950449fe3","unknown","Uncategorized","No","No","Yes",0,0,"2025-12-22 06:44:44"
"6948e88e7cbb8cca3ea6a34b","69414ee849ed3d09a3c1514d","unknown","Uncategorized","No","No","Yes",0,0,"2025-12-22 06:44:34"
"6948e8a47cbb8cca3ea6a357","69414ecbdaaa7d592960a28a","unknown","Uncategorized","No","No","Yes",0,0,"2025-12-22 06:44:28"
"6948e8b47cbb8cca3ea6a362","6944eb35a156a8f3ec0a891d","unknown","Uncategorized","No","No","Yes",0,0,"2025-12-22 06:44:22"
"6948e8b47cbb8cca3ea6a362","69414f0849ed3d09a3c151ac","unknown","Uncategorized","No","No","Yes",0,0,"2025-12-22 06:44:22"
"6948e8a47cbb8cca3ea6a357","69414ee849ed3d09a3c1514d","unknown","Uncategorized","No","No","Yes",0,0,"2025-12-22 06:44:21"
"6948e88e7cbb8cca3ea6a34b","6944eb35a156a8f3ec0a891d","unknown","Uncategorized","No","No","Yes",0,0,"2025-12-22 06:44:16"
"6948e88e7cbb8cca3ea6a34b","69414f0849ed3d09a3c151ac","unknown","Uncategorized","No","No","Yes",0,0,"2025-12-22 06:44:16"
"6948e8a47cbb8cca3ea6a357","69414f0849ed3d09a3c151ac","unknown","Uncategorized","No","No","Yes",0,0,"2025-12-22 06:44:12"
"6948e8a47cbb8cca3ea6a357","6944eb35a156a8f3ec0a891d","unknown","Uncategorized","No","No","Yes",0,0,"2025-12-22 06:44:12"
"6948e7f57cbb8cca3ea6a2a9","6944eb35a156a8f3ec0a891d","unknown","Uncategorized","No","No","Yes",0,0,"2025-12-22 06:41:27"
"6948e7f57cbb8cca3ea6a2a9","69414f0849ed3d09a3c151ac","unknown","Uncategorized","No","No","Yes",0,0,"2025-12-22 06:41:27"
"6915845ff4af6c516dc1ae90","6944eb35a156a8f3ec0a891d","unknown","Uncategorized","No","No","Yes",0,0,"2025-12-22 06:38:31"
"6915845ff4af6c516dc1ae90","69414f0849ed3d09a3c151ac","unknown","Uncategorized","No","No","Yes",0,0,"2025-12-22 06:38:31"
"691eaac4220f0a6610477c31","6944eb35a156a8f3ec0a891d","unknown","Uncategorized","No","No","Yes",0,0,"2025-12-22 04:58:08"
"691eaac4220f0a6610477c31","69414f0849ed3d09a3c151ac","unknown","Uncategorized","No","No","Yes",0,0,"2025-12-22 04:58:08"
"6909ef4b3c6874ef786b2267","69414ecbdaaa7d592960a28a","unknown","Uncategorized","No","No","Yes",0,0,"2025-12-21 16:09:59"
"6909ef4b3c6874ef786b2267","6944eb35a156a8f3ec0a891d","unknown","Uncategorized","No","No","Yes",0,0,"2025-12-21 16:09:46"
"691587aef4af6c516dc1caed","6944eb35a156a8f3ec0a891d","unknown","Uncategorized","No","No","Yes",0,0,"2025-12-21 08:39:38"
"6944f438a156a8f3ec0aa344","693faf89ab825b23c883bf9c","unknown","Uncategorized","No","No","Yes",0,0,"2025-12-19 06:45:08"
"6944f438a156a8f3ec0aa344","693fb07800e60c99a1b2906e","unknown","Uncategorized","No","No","Yes",0,0,"2025-12-19 06:45:07"
"6944f438a156a8f3ec0aa344","693fafe700e60c99a1b28def","unknown","Uncategorized","No","No","Yes",0,0,"2025-12-19 06:45:07"
"6944f438a156a8f3ec0aa344","693fe3e76565a1f950449fe3","unknown","Uncategorized","No","No","Yes",0,0,"2025-12-19 06:44:42"
"6944f438a156a8f3ec0aa344","693fb1509236232c8cebc371","unknown","Uncategorized","No","No","Yes",0,0,"2025-12-19 06:44:42"
"6944f438a156a8f3ec0aa344","69414ecbdaaa7d592960a28a","unknown","Uncategorized","No","No","Yes",0,0,"2025-12-19 06:44:40"
"6944f438a156a8f3ec0aa344","69414ee849ed3d09a3c1514d","unknown","Uncategorized","No","No","Yes",0,0,"2025-12-19 06:44:39"
"6944f438a156a8f3ec0aa344","69414f0849ed3d09a3c151ac","unknown","Uncategorized","No","No","Yes",0,0,"2025-12-19 06:44:35"
"6944f438a156a8f3ec0aa344","6944eb35a156a8f3ec0a891d","unknown","Uncategorized","No","No","Yes",0,0,"2025-12-19 06:44:28"
"692d418673d1c41ebbdb466b","6933dccf93243f9a10fe6ced","unknown","Uncategorized","No","No","Yes",0,0,"2025-12-19 06:32:42"
"692d418673d1c41ebbdb466b","6933ed2a9de99402231df7d4","unknown","Uncategorized","No","No","Yes",0,0,"2025-12-19 06:32:40"
"692d418673d1c41ebbdb466b","6933edc69de99402231df85f","unknown","Uncategorized","No","No","Yes",0,0,"2025-12-19 06:32:40"
"692d418673d1c41ebbdb466b","6933eb19cd92fc1a91cb0acc","unknown","Uncategorized","No","No","Yes",0,0,"2025-12-19 06:32:40"
"692d418673d1c41ebbdb466b","6933fbac3eb6c35f69778a37","unknown","Uncategorized","No","No","Yes",0,0,"2025-12-19 06:32:40"
"692d418673d1c41ebbdb466b","6933fc80959341fcad4b1d33","unknown","Uncategorized","No","No","Yes",0,0,"2025-12-19 06:32:38"
"692d418673d1c41ebbdb466b","6938f20c447698bc65553f5b","unknown","Uncategorized","No","No","Yes",0,0,"2025-12-19 06:32:31"
"692d418673d1c41ebbdb466b","69386b8810998c02c4ce63a9","unknown","Uncategorized","No","No","Yes",0,0,"2025-12-19 06:32:31"
"692d418673d1c41ebbdb466b","6938fd2d5aacf66cbd33edcc","unknown","Uncategorized","No","No","Yes",0,0,"2025-12-19 06:32:30"
"692d418673d1c41ebbdb466b","6938fced5aacf66cbd33ed67","unknown","Uncategorized","No","No","Yes",0,0,"2025-12-19 06:32:30"
"692d418673d1c41ebbdb466b","69393ab3b5007de47d87c2c4","unknown","Uncategorized","No","No","Yes",0,0,"2025-12-19 06:32:29"
"692d418673d1c41ebbdb466b","69393bc0b5007de47d87c3ec","unknown","Uncategorized","No","No","Yes",0,0,"2025-12-19 06:32:28"
"692d418673d1c41ebbdb466b","69393c09b5007de47d87c494","unknown","Uncategorized","No","No","Yes",0,0,"2025-12-19 06:32:27"
"692d418673d1c41ebbdb466b","69393dc2e781430d3d573384","unknown","Uncategorized","No","No","Yes",0,0,"2025-12-19 06:32:25"
"692d418673d1c41ebbdb466b","693a832b5d38b982beb49913","unknown","Uncategorized","No","No","Yes",0,0,"2025-12-19 06:32:22"
"692d418673d1c41ebbdb466b","693bbe77775b487926eed325","unknown","Uncategorized","No","No","Yes",0,0,"2025-12-19 06:32:21"
"692d418673d1c41ebbdb466b","693fafe700e60c99a1b28def","unknown","Uncategorized","No","No","Yes",0,0,"2025-12-19 06:31:49"
"692d418673d1c41ebbdb466b","693faf89ab825b23c883bf9c","unknown","Uncategorized","No","No","Yes",0,0,"2025-12-19 06:31:49"
"692d418673d1c41ebbdb466b","693faf5bab825b23c883beb4","unknown","Uncategorized","No","No","Yes",0,0,"2025-12-19 06:31:49"
"692d418673d1c41ebbdb466b","693fb1509236232c8cebc371","unknown","Uncategorized","No","No","Yes",0,0,"2025-12-19 06:31:48"
"692d418673d1c41ebbdb466b","693fb07800e60c99a1b2906e","unknown","Uncategorized","No","No","Yes",0,0,"2025-12-19 06:31:48"
"692d418673d1c41ebbdb466b","69414ecbdaaa7d592960a28a","unknown","Uncategorized","No","No","Yes",0,0,"2025-12-19 06:31:47"
"692d418673d1c41ebbdb466b","693fe3e76565a1f950449fe3","unknown","Uncategorized","No","No","Yes",0,0,"2025-12-19 06:31:47"
"692d418673d1c41ebbdb466b","69414ee849ed3d09a3c1514d","unknown","Uncategorized","No","No","Yes",0,0,"2025-12-19 06:31:46"
"692d418673d1c41ebbdb466b","69414f0849ed3d09a3c151ac","unknown","Uncategorized","No","No","Yes",0,0,"2025-12-19 06:31:42"
"692d418673d1c41ebbdb466b","6944eb35a156a8f3ec0a891d","unknown","Uncategorized","No","No","Yes",0,0,"2025-12-19 06:31:41"
"692d415473d1c41ebbdb4553","6933ed2a9de99402231df7d4","unknown","Uncategorized","No","No","Yes",0,0,"2025-12-19 06:31:15"
"692d415473d1c41ebbdb4553","6933dccf93243f9a10fe6ced","unknown","Uncategorized","No","No","Yes",0,0,"2025-12-19 06:31:06"
"692d415473d1c41ebbdb4553","6933eb19cd92fc1a91cb0acc","unknown","Uncategorized","No","No","Yes",0,0,"2025-12-19 06:31:06"
"692d415473d1c41ebbdb4553","6933fc80959341fcad4b1d33","unknown","Uncategorized","No","No","Yes",0,0,"2025-12-19 06:31:03"
"692d415473d1c41ebbdb4553","6933fbac3eb6c35f69778a37","unknown","Uncategorized","No","No","Yes",0,0,"2025-12-19 06:31:03"
"692d415473d1c41ebbdb4553","69386b8810998c02c4ce63a9","unknown","Uncategorized","No","No","Yes",0,0,"2025-12-19 06:31:01"
"692d415473d1c41ebbdb4553","6938fced5aacf66cbd33ed67","unknown","Uncategorized","No","No","Yes",0,0,"2025-12-19 06:31:00"
"692d415473d1c41ebbdb4553","6938f20c447698bc65553f5b","unknown","Uncategorized","No","No","Yes",0,0,"2025-12-19 06:31:00"
"692d415473d1c41ebbdb4553","69393ab3b5007de47d87c2c4","unknown","Uncategorized","No","No","Yes",0,0,"2025-12-19 06:30:59"
"692d415473d1c41ebbdb4553","6938fd2d5aacf66cbd33edcc","unknown","Uncategorized","No","No","Yes",0,0,"2025-12-19 06:30:59"
"692d415473d1c41ebbdb4553","69393bc0b5007de47d87c3ec","unknown","Uncategorized","No","No","Yes",0,0,"2025-12-19 06:30:58"
"692d415473d1c41ebbdb4553","69393c09b5007de47d87c494","unknown","Uncategorized","No","No","Yes",0,0,"2025-12-19 06:30:57"
"692d415473d1c41ebbdb4553","69393dc2e781430d3d573384","unknown","Uncategorized","No","No","Yes",0,0,"2025-12-19 06:30:56"
"692d415473d1c41ebbdb4553","693a832b5d38b982beb49913","unknown","Uncategorized","No","No","Yes",0,0,"2025-12-19 06:30:55"
"692d415473d1c41ebbdb4553","693bbe77775b487926eed325","unknown","Uncategorized","No","No","Yes",0,0,"2025-12-19 06:30:51"
"692d415473d1c41ebbdb4553","693faf89ab825b23c883bf9c","unknown","Uncategorized","No","No","Yes",0,0,"2025-12-19 06:30:47"
"692d415473d1c41ebbdb4553","693faf5bab825b23c883beb4","unknown","Uncategorized","No","No","Yes",0,0,"2025-12-19 06:30:47"
"692d415473d1c41ebbdb4553","693fafe700e60c99a1b28def","unknown","Uncategorized","No","No","Yes",0,0,"2025-12-19 06:30:10"
"692d415473d1c41ebbdb4553","693fb1509236232c8cebc371","unknown","Uncategorized","No","No","Yes",0,0,"2025-12-19 06:30:09"
"692d415473d1c41ebbdb4553","693fb07800e60c99a1b2906e","unknown","Uncategorized","No","No","Yes",0,0,"2025-12-19 06:30:09"
"692d415473d1c41ebbdb4553","69414ecbdaaa7d592960a28a","unknown","Uncategorized","No","No","Yes",0,0,"2025-12-19 06:30:08"
"692d415473d1c41ebbdb4553","693fe3e76565a1f950449fe3","unknown","Uncategorized","No","No","Yes",0,0,"2025-12-19 06:30:08"
"692d415473d1c41ebbdb4553","69414ee849ed3d09a3c1514d","unknown","Uncategorized","No","No","Yes",0,0,"2025-12-19 06:30:07"
"692d415473d1c41ebbdb4558","6933edc69de99402231df85f","unknown","Uncategorized","No","No","Yes",0,0,"2025-12-19 06:30:07"
"692d415473d1c41ebbdb4558","6933ed2a9de99402231df7d4","unknown","Uncategorized","No","No","Yes",0,0,"2025-12-19 06:30:01"
"692d415473d1c41ebbdb4553","6944eb35a156a8f3ec0a891d","unknown","Uncategorized","No","No","Yes",0,0,"2025-12-19 06:29:56"
"692d415473d1c41ebbdb4553","69414f0849ed3d09a3c151ac","unknown","Uncategorized","No","No","Yes",0,0,"2025-12-19 06:29:56"
"692d415473d1c41ebbdb4558","6933fbac3eb6c35f69778a37","unknown","Uncategorized","No","No","Yes",0,0,"2025-12-19 06:28:28"
"692d415473d1c41ebbdb4558","6933fc80959341fcad4b1d33","unknown","Uncategorized","No","No","Yes",0,0,"2025-12-19 06:28:28"
"692d415473d1c41ebbdb4558","6933eb19cd92fc1a91cb0acc","unknown","Uncategorized","No","No","Yes",0,0,"2025-12-19 06:28:28"
"692d415473d1c41ebbdb4558","6933dccf93243f9a10fe6ced","unknown","Uncategorized","No","No","Yes",0,0,"2025-12-19 06:28:28"
"692d422e47ee8ca6980865f4","69386b8810998c02c4ce63a9","unknown","Uncategorized","No","No","Yes",0,0,"2025-12-19 06:28:25"
"692d422e47ee8ca6980865f4","6938f20c447698bc65553f5b","unknown","Uncategorized","No","No","Yes",0,0,"2025-12-19 06:28:23"
"692d422e47ee8ca6980865f4","6938fced5aacf66cbd33ed67","unknown","Uncategorized","No","No","Yes",0,0,"2025-12-19 06:28:21"
"692d422e47ee8ca6980865f4","6938fd2d5aacf66cbd33edcc","unknown","Uncategorized","No","No","Yes",0,0,"2025-12-19 06:28:20"
"692d415473d1c41ebbdb4558","69386b8810998c02c4ce63a9","unknown","Uncategorized","No","No","Yes",0,0,"2025-12-19 06:28:19"
"692d415473d1c41ebbdb4558","69393ab3b5007de47d87c2c4","unknown","Uncategorized","No","No","Yes",0,0,"2025-12-19 06:28:17"
"692d422e47ee8ca6980865f4","69393ab3b5007de47d87c2c4","unknown","Uncategorized","No","No","Yes",0,0,"2025-12-19 06:28:17"
"692d415473d1c41ebbdb4558","6938fd2d5aacf66cbd33edcc","unknown","Uncategorized","No","No","Yes",0,0,"2025-12-19 06:28:15"
"692d415473d1c41ebbdb4558","6938f20c447698bc65553f5b","unknown","Uncategorized","No","No","Yes",0,0,"2025-12-19 06:28:15"
"692d415473d1c41ebbdb4558","6938fced5aacf66cbd33ed67","unknown","Uncategorized","No","No","Yes",0,0,"2025-12-19 06:28:15"
"692d415473d1c41ebbdb4558","69393bc0b5007de47d87c3ec","unknown","Uncategorized","No","No","Yes",0,0,"2025-12-19 06:28:14"
"692d422e47ee8ca6980865f4","69393bc0b5007de47d87c3ec","unknown","Uncategorized","No","No","Yes",0,0,"2025-12-19 06:28:14"
"692d415473d1c41ebbdb4558","693a832b5d38b982beb49913","unknown","Uncategorized","No","No","Yes",0,0,"2025-12-19 06:28:13"
"692d415473d1c41ebbdb4558","69393dc2e781430d3d573384","unknown","Uncategorized","No","No","Yes",0,0,"2025-12-19 06:28:13"
"692d415473d1c41ebbdb4558","69393c09b5007de47d87c494","unknown","Uncategorized","No","No","Yes",0,0,"2025-12-19 06:28:13"
"692d422e47ee8ca6980865f4","69393c09b5007de47d87c494","unknown","Uncategorized","No","No","Yes",0,0,"2025-12-19 06:28:12"
"692d415373d1c41ebbdb454e","6933eb19cd92fc1a91cb0acc","unknown","Uncategorized","No","No","Yes",0,0,"2025-12-19 06:28:08"
"692d422e47ee8ca6980865f4","69393dc2e781430d3d573384","unknown","Uncategorized","No","No","Yes",0,0,"2025-12-19 06:28:08"
"692d415373d1c41ebbdb454e","6933dccf93243f9a10fe6ced","unknown","Uncategorized","No","No","Yes",0,0,"2025-12-19 06:28:08"
"692d415373d1c41ebbdb454e","6933ed2a9de99402231df7d4","unknown","Uncategorized","No","No","Yes",0,0,"2025-12-19 06:28:07"
"692d415473d1c41ebbdb4558","693bbe77775b487926eed325","unknown","Uncategorized","No","No","Yes",0,0,"2025-12-19 06:28:04"
"692d415373d1c41ebbdb454e","6933edc69de99402231df85f","unknown","Uncategorized","No","No","Yes",0,0,"2025-12-19 06:28:00"
"692d415373d1c41ebbdb454e","6933fbac3eb6c35f69778a37","unknown","Uncategorized","No","No","Yes",0,0,"2025-12-19 06:27:59"
"692d415473d1c41ebbdb4558","693faf5bab825b23c883beb4","unknown","Uncategorized","No","No","Yes",0,0,"2025-12-19 06:27:58"
"692d415473d1c41ebbdb4558","693faf89ab825b23c883bf9c","unknown","Uncategorized","No","No","Yes",0,0,"2025-12-19 06:27:56"
"692d415373d1c41ebbdb454e","6933fc80959341fcad4b1d33","unknown","Uncategorized","No","No","Yes",0,0,"2025-12-19 06:27:56"
"692d415473d1c41ebbdb4558","693fb1509236232c8cebc371","unknown","Uncategorized","No","No","Yes",0,0,"2025-12-19 06:27:55"
"692d415473d1c41ebbdb4558","693fafe700e60c99a1b28def","unknown","Uncategorized","No","No","Yes",0,0,"2025-12-19 06:27:55"
"692d415473d1c41ebbdb4558","693fb07800e60c99a1b2906e","unknown","Uncategorized","No","No","Yes",0,0,"2025-12-19 06:27:55"
"692d422e47ee8ca6980865f4","693a832b5d38b982beb49913","unknown","Uncategorized","No","No","Yes",0,0,"2025-12-19 06:27:52"
"692d415473d1c41ebbdb4558","69414ee849ed3d09a3c1514d","unknown","Uncategorized","No","No","Yes",0,0,"2025-12-19 06:27:51"
"692d422e47ee8ca6980865f4","693bbe77775b487926eed325","unknown","Uncategorized","No","No","Yes",0,0,"2025-12-19 06:27:51"
"692d415473d1c41ebbdb4558","69414ecbdaaa7d592960a28a","unknown","Uncategorized","No","No","Yes",0,0,"2025-12-19 06:27:51"
"692d415473d1c41ebbdb4558","693fe3e76565a1f950449fe3","unknown","Uncategorized","No","No","Yes",0,0,"2025-12-19 06:27:51"
"692d415473d1c41ebbdb4558","6944eb35a156a8f3ec0a891d","unknown","Uncategorized","No","No","Yes",0,0,"2025-12-19 06:27:49"
"692d415473d1c41ebbdb4558","69414f0849ed3d09a3c151ac","unknown","Uncategorized","No","No","Yes",0,0,"2025-12-19 06:27:49"
"692d422e47ee8ca6980865f4","693faf5bab825b23c883beb4","unknown","Uncategorized","No","No","Yes",0,0,"2025-12-19 06:27:47"
"692d422e47ee8ca6980865f4","693faf89ab825b23c883bf9c","unknown","Uncategorized","No","No","Yes",0,0,"2025-12-19 06:27:43"
"692d422e47ee8ca6980865f4","693fafe700e60c99a1b28def","unknown","Uncategorized","No","No","Yes",0,0,"2025-12-19 06:27:42"
"692d422e47ee8ca6980865f4","693fb07800e60c99a1b2906e","unknown","Uncategorized","No","No","Yes",0,0,"2025-12-19 06:27:38"
"692d422e47ee8ca6980865f4","693fb1509236232c8cebc371","unknown","Uncategorized","No","No","Yes",0,0,"2025-12-19 06:27:37"
"692d422e47ee8ca6980865f4","693fe3e76565a1f950449fe3","unknown","Uncategorized","No","No","Yes",0,0,"2025-12-19 06:27:34"
"692d422e47ee8ca6980865f4","69414ecbdaaa7d592960a28a","unknown","Uncategorized","No","No","Yes",0,0,"2025-12-19 06:27:33"
"692d415373d1c41ebbdb454e","69386b8810998c02c4ce63a9","unknown","Uncategorized","No","No","Yes",0,0,"2025-12-19 06:27:10"
"692d415373d1c41ebbdb454e","6938f20c447698bc65553f5b","unknown","Uncategorized","No","No","Yes",0,0,"2025-12-19 06:27:09"
"692d415373d1c41ebbdb454e","6938fced5aacf66cbd33ed67","unknown","Uncategorized","No","No","Yes",0,0,"2025-12-19 06:27:05"
"692d415373d1c41ebbdb454e","69393bc0b5007de47d87c3ec","unknown","Uncategorized","No","No","Yes",0,0,"2025-12-19 06:27:04"
"692d415373d1c41ebbdb454e","69393ab3b5007de47d87c2c4","unknown","Uncategorized","No","No","Yes",0,0,"2025-12-19 06:27:04"
"692d415373d1c41ebbdb454e","6938fd2d5aacf66cbd33edcc","unknown","Uncategorized","No","No","Yes",0,0,"2025-12-19 06:27:04"
"692d415373d1c41ebbdb454e","693a832b5d38b982beb49913","unknown","Uncategorized","No","No","Yes",0,0,"2025-12-19 06:27:00"
"692d415373d1c41ebbdb454e","69393dc2e781430d3d573384","unknown","Uncategorized","No","No","Yes",0,0,"2025-12-19 06:27:00"
"692d415373d1c41ebbdb454e","69393c09b5007de47d87c494","unknown","Uncategorized","No","No","Yes",0,0,"2025-12-19 06:27:00"
"692d415373d1c41ebbdb454e","693bbe77775b487926eed325","unknown","Uncategorized","No","No","Yes",0,0,"2025-12-19 06:26:58"
"692d415373d1c41ebbdb454e","693faf5bab825b23c883beb4","unknown","Uncategorized","No","No","Yes",0,0,"2025-12-19 06:26:53"
"692d415373d1c41ebbdb454e","693fafe700e60c99a1b28def","unknown","Uncategorized","No","No","Yes",0,0,"2025-12-19 06:26:39"
"692d422e47ee8ca6980865f4","69414ee849ed3d09a3c1514d","unknown","Uncategorized","No","No","Yes",0,0,"2025-12-19 06:26:39"
"692d415373d1c41ebbdb454e","693faf89ab825b23c883bf9c","unknown","Uncategorized","No","No","Yes",0,0,"2025-12-19 06:26:39"
"692d415373d1c41ebbdb454e","693fb1509236232c8cebc371","unknown","Uncategorized","No","No","Yes",0,0,"2025-12-19 06:26:38"
"692d415373d1c41ebbdb454e","693fb07800e60c99a1b2906e","unknown","Uncategorized","No","No","Yes",0,0,"2025-12-19 06:26:38"
"692d415373d1c41ebbdb454e","693fe3e76565a1f950449fe3","unknown","Uncategorized","No","No","Yes",0,0,"2025-12-19 06:26:37"
"692d415373d1c41ebbdb454e","69414ecbdaaa7d592960a28a","unknown","Uncategorized","No","No","Yes",0,0,"2025-12-19 06:26:33"
"692d422e47ee8ca6980865f4","6944eb35a156a8f3ec0a891d","unknown","Uncategorized","No","No","Yes",0,0,"2025-12-19 06:26:32"
"692d422e47ee8ca6980865f4","69414f0849ed3d09a3c151ac","unknown","Uncategorized","No","No","Yes",0,0,"2025-12-19 06:26:32"
"692d415373d1c41ebbdb454e","69414ee849ed3d09a3c1514d","unknown","Uncategorized","No","No","Yes",0,0,"2025-12-19 06:26:31"
"692d415373d1c41ebbdb454e","6944eb35a156a8f3ec0a891d","unknown","Uncategorized","No","No","Yes",0,0,"2025-12-19 06:26:24"
"692d415373d1c41ebbdb454e","69414f0849ed3d09a3c151ac","unknown","Uncategorized","No","No","Yes",0,0,"2025-12-19 06:26:24"
"691c0e526b68b5bc9f69ffd3","6944eb35a156a8f3ec0a891d","unknown","Uncategorized","No","No","Yes",0,0,"2025-12-19 06:24:24"
"693fa48fbabd01d0768b4e3d","693802e5aa46ec3fde231530","unknown","Uncategorized","No","No","Yes",0,9,"2025-12-19 06:14:03"
"693fa48fbabd01d0768b4e3d","6933dccf93243f9a10fe6ced","unknown","Uncategorized","No","No","Yes",0,0,"2025-12-19 06:13:46"
"693fa48fbabd01d0768b4e3d","6933eb19cd92fc1a91cb0acc","unknown","Uncategorized","No","No","Yes",0,0,"2025-12-19 06:13:45"
"693fa48fbabd01d0768b4e3d","6933ed2a9de99402231df7d4","unknown","Uncategorized","No","No","Yes",0,0,"2025-12-19 06:13:44"
"693fa48fbabd01d0768b4e3d","6933edc69de99402231df85f","unknown","Uncategorized","No","No","Yes",0,0,"2025-12-19 06:13:43"
"693fa48fbabd01d0768b4e3d","6933fbac3eb6c35f69778a37","unknown","Uncategorized","No","No","Yes",0,0,"2025-12-19 06:13:40"
"693fa48fbabd01d0768b4e3d","6933fc80959341fcad4b1d33","unknown","Uncategorized","No","No","Yes",0,0,"2025-12-19 06:13:39"
"693fa48fbabd01d0768b4e3d","6938f20c447698bc65553f5b","unknown","Uncategorized","No","No","Yes",0,0,"2025-12-19 06:13:26"
"693fa48fbabd01d0768b4e3d","69386b8810998c02c4ce63a9","unknown","Uncategorized","No","No","Yes",0,0,"2025-12-19 06:13:26"
"693fa48fbabd01d0768b4e3d","6938fced5aacf66cbd33ed67","unknown","Uncategorized","No","No","Yes",0,0,"2025-12-19 06:13:25"
"693fa48fbabd01d0768b4e3d","693faf5bab825b23c883beb4","unknown","Uncategorized","No","No","Yes",0,0,"2025-12-19 06:13:14"
"693fa48fbabd01d0768b4e3d","693faf89ab825b23c883bf9c","unknown","Uncategorized","No","No","Yes",0,0,"2025-12-19 06:13:08"
"693fa48fbabd01d0768b4e3d","693fafe700e60c99a1b28def","unknown","Uncategorized","No","No","Yes",0,0,"2025-12-19 06:13:07"
"693fa48fbabd01d0768b4e3d","693fb07800e60c99a1b2906e","unknown","Uncategorized","No","No","Yes",0,0,"2025-12-19 06:13:04"
"693fa48fbabd01d0768b4e3d","693fb1509236232c8cebc371","unknown","Uncategorized","No","No","Yes",0,0,"2025-12-19 06:13:02"
"693fa48fbabd01d0768b4e3d","693fe3e76565a1f950449fe3","unknown","Uncategorized","No","No","Yes",0,0,"2025-12-19 06:12:59"
"693fa48fbabd01d0768b4e3d","69414ecbdaaa7d592960a28a","unknown","Uncategorized","No","No","Yes",0,0,"2025-12-19 06:12:52"
"693fa48fbabd01d0768b4e3d","6944eb35a156a8f3ec0a891d","unknown","Uncategorized","No","No","Yes",0,0,"2025-12-19 06:12:46"
"693fa5f7babd01d0768b569d","69393ab3b5007de47d87c2c4","unknown","Uncategorized","No","No","Yes",0,0,"2025-12-19 06:10:19"
"693fa5f7babd01d0768b569d","69393bc0b5007de47d87c3ec","unknown","Uncategorized","No","No","Yes",0,0,"2025-12-19 06:10:16"
"691474336f3817fc8d6a0c12","6944eb35a156a8f3ec0a891d","unknown","Uncategorized","No","No","Yes",0,0,"2025-12-19 06:08:10"
"693fa5f7babd01d0768b569d","693faf5bab825b23c883beb4","unknown","Uncategorized","No","No","Yes",0,0,"2025-12-19 06:08:08"
"693fa5f7babd01d0768b569d","693fafe700e60c99a1b28def","unknown","Uncategorized","No","No","Yes",0,0,"2025-12-19 06:08:07"
"693fa5f7babd01d0768b569d","693faf89ab825b23c883bf9c","unknown","Uncategorized","No","No","Yes",0,0,"2025-12-19 06:08:07"
"693fa5f7babd01d0768b569d","693fb1509236232c8cebc371","unknown","Uncategorized","No","No","Yes",0,0,"2025-12-19 06:08:06"
"693fa5f7babd01d0768b569d","693fb07800e60c99a1b2906e","unknown","Uncategorized","No","No","Yes",0,0,"2025-12-19 06:08:06"
"693fa5f7babd01d0768b569d","693fe3e76565a1f950449fe3","unknown","Uncategorized","No","No","Yes",0,0,"2025-12-19 06:08:05"
"693fa5f7babd01d0768b569d","69414ee849ed3d09a3c1514d","unknown","Uncategorized","No","No","Yes",0,0,"2025-12-19 06:08:04"
"693fa5f7babd01d0768b569d","69414ecbdaaa7d592960a28a","unknown","Uncategorized","No","No","Yes",0,0,"2025-12-19 06:08:04"
"693fa40cbabd01d0768b4bce","693faf5bab825b23c883beb4","unknown","Uncategorized","No","No","Yes",0,0,"2025-12-19 06:07:55"
"693fa40cbabd01d0768b4bce","693faf89ab825b23c883bf9c","unknown","Uncategorized","No","No","Yes",0,0,"2025-12-19 06:07:54"
"693fa40cbabd01d0768b4bce","693fafe700e60c99a1b28def","unknown","Uncategorized","No","No","Yes",0,0,"2025-12-19 06:07:53"
"693fa40cbabd01d0768b4bce","693fb07800e60c99a1b2906e","unknown","Uncategorized","No","No","Yes",0,0,"2025-12-19 06:07:52"
"693fa40cbabd01d0768b4bce","693fb1509236232c8cebc371","unknown","Uncategorized","No","No","Yes",0,0,"2025-12-19 06:07:51"
"693fa40cbabd01d0768b4bce","693fe3e76565a1f950449fe3","unknown","Uncategorized","No","No","Yes",0,0,"2025-12-19 06:07:49"
"693fa40cbabd01d0768b4bce","69414ecbdaaa7d592960a28a","unknown","Uncategorized","No","No","Yes",0,0,"2025-12-19 06:07:46"
"693fa40cbabd01d0768b4bce","6944eb35a156a8f3ec0a891d","unknown","Uncategorized","No","No","Yes",0,0,"2025-12-19 06:07:05"
"693fa5f7babd01d0768b569d","69414f0849ed3d09a3c151ac","unknown","Uncategorized","No","No","Yes",0,0,"2025-12-19 06:06:49"
"693fa5f7babd01d0768b569d","6944eb35a156a8f3ec0a891d","unknown","Uncategorized","No","No","Yes",0,0,"2025-12-19 06:06:41"
"690054c6fb26e417408f72a7","6944eb35a156a8f3ec0a891d","unknown","Uncategorized","No","No","Yes",0,0,"2025-12-19 06:05:45"
"693fa48fbabd01d0768b4e3d","69414f0849ed3d09a3c151ac","unknown","Uncategorized","No","No","Yes",0,0,"2025-12-19 06:05:10"
"693fa48fbabd01d0768b4e3d","69414ee849ed3d09a3c1514d","unknown","Uncategorized","No","No","Yes",0,0,"2025-12-19 06:05:10"
"693fa40cbabd01d0768b4bce","69414ee849ed3d09a3c1514d","unknown","Uncategorized","No","No","Yes",0,0,"2025-12-19 06:04:04"
"693fa40cbabd01d0768b4bce","69414f0849ed3d09a3c151ac","unknown","Uncategorized","No","No","Yes",0,0,"2025-12-19 06:04:04"
"693d37fdbabd01d0768b4041","693faf89ab825b23c883bf9c","unknown","Uncategorized","No","No","Yes",0,0,"2025-12-18 10:28:14"
"693d37fdbabd01d0768b4041","693faf5bab825b23c883beb4","unknown","Uncategorized","No","No","Yes",0,0,"2025-12-18 10:28:14"
"693d37fdbabd01d0768b4041","693fafe700e60c99a1b28def","unknown","Uncategorized","No","No","Yes",0,0,"2025-12-18 10:28:12"
"693d37fdbabd01d0768b4041","693fb07800e60c99a1b2906e","unknown","Uncategorized","No","No","Yes",0,0,"2025-12-18 10:28:11"
"693d37fdbabd01d0768b4041","693fb1509236232c8cebc371","unknown","Uncategorized","No","No","Yes",0,0,"2025-12-18 10:28:10"
"693d37fdbabd01d0768b4041","693fe3e76565a1f950449fe3","unknown","Uncategorized","No","No","Yes",0,0,"2025-12-18 10:28:06"
"693d37fdbabd01d0768b4041","69414f0849ed3d09a3c151ac","unknown","Uncategorized","No","No","Yes",0,0,"2025-12-18 10:27:57"
"693d37fdbabd01d0768b4041","69414ee849ed3d09a3c1514d","unknown","Uncategorized","No","No","Yes",0,0,"2025-12-18 10:27:57"
"693d37fdbabd01d0768b4041","69414ecbdaaa7d592960a28a","unknown","Uncategorized","No","No","Yes",0,0,"2025-12-18 10:27:57"
"692fe8270885146babcbd23f","693faf89ab825b23c883bf9c","unknown","Uncategorized","No","No","Yes",0,0,"2025-12-18 10:27:55"
"692fe8270885146babcbd23f","693fafe700e60c99a1b28def","unknown","Uncategorized","No","No","Yes",0,0,"2025-12-18 10:27:53"
"692fe8270885146babcbd23f","693fb07800e60c99a1b2906e","unknown","Uncategorized","No","No","Yes",0,0,"2025-12-18 10:27:52"
"692fe8270885146babcbd23f","693fb1509236232c8cebc371","unknown","Uncategorized","No","No","Yes",0,0,"2025-12-18 10:27:51"
"692fe8270885146babcbd23f","69414f0849ed3d09a3c151ac","unknown","Uncategorized","No","No","Yes",0,0,"2025-12-18 10:27:48"
"692fe8270885146babcbd23f","69414ee849ed3d09a3c1514d","unknown","Uncategorized","No","No","Yes",0,0,"2025-12-18 10:27:48"
"692fe8270885146babcbd23f","693fe3e76565a1f950449fe3","unknown","Uncategorized","No","No","Yes",0,0,"2025-12-18 10:27:48"
"692fe8270885146babcbd23f","69414ecbdaaa7d592960a28a","unknown","Uncategorized","No","No","Yes",0,0,"2025-12-18 10:27:48"
"690054c6fb26e417408f72a7","693802e5aa46ec3fde231530","unknown","Uncategorized","No","No","Yes",0,9,"2025-12-18 03:34:22"
"6909ef4b3c6874ef786b2267","69414f0849ed3d09a3c151ac","unknown","Uncategorized","No","No","Yes",0,0,"2025-12-17 14:14:18"
"6909ef4b3c6874ef786b2267","69414ee849ed3d09a3c1514d","unknown","Uncategorized","No","No","Yes",0,0,"2025-12-17 14:14:18"
"691474336f3817fc8d6a0c12","69429379aba6fa2609900c99","unknown","Uncategorized","No","No","Yes",0,0,"2025-12-17 11:59:26"
"690054c6fb26e417408f72a7","69429379aba6fa2609900c99","unknown","Uncategorized","No","No","Yes",0,0,"2025-12-17 11:26:59"
"691587aef4af6c516dc1caed","69414ecbdaaa7d592960a28a","unknown","Uncategorized","No","No","Yes",0,0,"2025-12-17 10:49:48"
"691587aef4af6c516dc1caed","69414ee849ed3d09a3c1514d","unknown","Uncategorized","No","No","Yes",0,0,"2025-12-17 10:49:47"
"691474336f3817fc8d6a0c12","694273ff6d26078b1a9cd9e5","unknown","Uncategorized","No","No","Yes",0,0,"2025-12-17 10:49:09"
"691587aef4af6c516dc1caed","69414f0849ed3d09a3c151ac","unknown","Uncategorized","No","No","Yes",0,0,"2025-12-17 10:48:34"
"691587aef4af6c516dc1caed","694273ff6d26078b1a9cd9e5","unknown","Uncategorized","No","No","Yes",0,0,"2025-12-17 10:48:33"
"690054c6fb26e417408f72a7","694273ff6d26078b1a9cd9e5","unknown","Uncategorized","No","No","Yes",0,0,"2025-12-17 09:12:41"
"691474336f3817fc8d6a0c12","69426b5c53f7429e01085469","unknown","Uncategorized","No","No","Yes",0,0,"2025-12-17 08:36:00"
"690054c6fb26e417408f72a7","69426b5c53f7429e01085469","unknown","Uncategorized","No","No","Yes",0,0,"2025-12-17 08:35:06"
"690054c6fb26e417408f72a7","69414ecbdaaa7d592960a28a","unknown","Uncategorized","No","No","Yes",0,0,"2025-12-16 14:27:12"
"690054c6fb26e417408f72a7","69416427727f6c709556d333","unknown","Uncategorized","No","No","Yes",0,0,"2025-12-16 14:23:57"
"691474336f3817fc8d6a0c12","69416427727f6c709556d333","unknown","Uncategorized","No","No","Yes",0,0,"2025-12-16 13:52:52"
"691474336f3817fc8d6a0c12","69415ed388efafb54b71076d","unknown","Uncategorized","No","No","Yes",0,0,"2025-12-16 13:30:02"
"691474336f3817fc8d6a0c12","69415caaf9beb2bd3422b88e","unknown","Uncategorized","No","No","Yes",0,0,"2025-12-16 13:20:49"
"690054c6fb26e417408f72a7","69414ee849ed3d09a3c1514d","unknown","Uncategorized","No","No","Yes",0,0,"2025-12-16 13:13:35"
"690054c6fb26e417408f72a7","69414f0849ed3d09a3c151ac","unknown","Uncategorized","No","No","Yes",0,0,"2025-12-16 13:13:34"
"691474336f3817fc8d6a0c12","6941530f5790d5a0f08d7a87","unknown","Uncategorized","No","No","Yes",0,0,"2025-12-16 12:39:51"
"691474336f3817fc8d6a0c12","69415151ae8332e58a87c5c2","unknown","Uncategorized","No","No","Yes",0,0,"2025-12-16 12:32:22"
"691474336f3817fc8d6a0c12","69414f0849ed3d09a3c151ac","unknown","Uncategorized","No","No","Yes",0,0,"2025-12-16 12:22:37"
"691474336f3817fc8d6a0c12","69414ee849ed3d09a3c1514d","unknown","Uncategorized","No","No","Yes",0,0,"2025-12-16 12:22:06"
"691474336f3817fc8d6a0c12","69414ecbdaaa7d592960a28a","unknown","Uncategorized","No","No","Yes",0,0,"2025-12-16 12:21:35"
"691474336f3817fc8d6a0c12","694148df3f521f0cec15e083","unknown","Uncategorized","No","No","Yes",0,0,"2025-12-16 11:56:20"
"691474336f3817fc8d6a0c12","694148403de5a3c737b29d1a","unknown","Uncategorized","No","No","Yes",0,0,"2025-12-16 11:53:42"
"691474336f3817fc8d6a0c12","694148243de5a3c737b29cba","unknown","Uncategorized","No","No","Yes",0,0,"2025-12-16 11:53:12"
"691474336f3817fc8d6a0c12","694147fd3de5a3c737b29c61","unknown","Uncategorized","No","No","Yes",0,0,"2025-12-16 11:52:34"
"691474336f3817fc8d6a0c12","694147acaf757bd62692f8ae","unknown","Uncategorized","No","No","Yes",0,0,"2025-12-16 11:51:14"
"691474336f3817fc8d6a0c12","69413c83c63c55c7b1e94489","unknown","Uncategorized","No","No","Yes",0,0,"2025-12-16 11:03:40"
"691474336f3817fc8d6a0c12","694137efedd2e672f1e1b99f","unknown","Uncategorized","No","No","Yes",0,0,"2025-12-16 10:44:03"
"691474336f3817fc8d6a0c12","694133df29a2d4ff8fb0a957","unknown","Uncategorized","No","No","Yes",0,0,"2025-12-16 10:26:51"
"691474336f3817fc8d6a0c12","694129fe361e047f72e5650c","unknown","Uncategorized","No","No","Yes",0,0,"2025-12-16 09:44:36"
"690054c6fb26e417408f72a7","694129fe361e047f72e5650c","unknown","Uncategorized","No","No","Yes",0,0,"2025-12-16 09:42:30"
"691474336f3817fc8d6a0c12","69411c88dc02cf9c66bc4f03","unknown","Uncategorized","No","No","Yes",0,0,"2025-12-16 08:47:12"
"690054c6fb26e417408f72a7","6940fe011ab9d5bb1c5c90fe","unknown","Uncategorized","No","No","Yes",0,0,"2025-12-16 08:18:27"
"6909ef4b3c6874ef786b2267","6940fe011ab9d5bb1c5c90fe","unknown","Uncategorized","No","No","Yes",0,0,"2025-12-16 08:07:02"
"6909ef4b3c6874ef786b2267","6940fea21ab9d5bb1c5c92be","unknown","Uncategorized","No","No","Yes",0,0,"2025-12-16 08:06:20"
"6909ef4b3c6874ef786b2267","6940feb71ab9d5bb1c5c92ce","unknown","Uncategorized","No","No","Yes",0,0,"2025-12-16 08:06:10"
"690054c6fb26e417408f72a7","6940feb71ab9d5bb1c5c92ce","unknown","Uncategorized","No","No","Yes",0,0,"2025-12-16 07:01:36"
"690054c6fb26e417408f72a7","6940fea21ab9d5bb1c5c92be","unknown","Uncategorized","No","No","Yes",0,0,"2025-12-16 07:01:36"
"691474336f3817fc8d6a0c12","6940feb71ab9d5bb1c5c92ce","unknown","Uncategorized","No","No","Yes",0,0,"2025-12-16 06:39:55"
"691474336f3817fc8d6a0c12","6940fea21ab9d5bb1c5c92be","unknown","Uncategorized","No","No","Yes",0,0,"2025-12-16 06:39:55"
"691474336f3817fc8d6a0c12","6940fe011ab9d5bb1c5c90fe","unknown","Uncategorized","No","No","Yes",0,0,"2025-12-16 06:36:57"
"691474336f3817fc8d6a0c12","693fb1509236232c8cebc371","unknown","Uncategorized","No","No","Yes",0,0,"2025-12-16 04:38:30"
"691c0e526b68b5bc9f69ffd3","693fb07800e60c99a1b2906e","unknown","Uncategorized","No","No","Yes",0,0,"2025-12-15 19:07:50"
"691c0e526b68b5bc9f69ffd3","693fafe700e60c99a1b28def","unknown","Uncategorized","No","No","Yes",0,0,"2025-12-15 19:07:50"
"691c0e526b68b5bc9f69ffd3","693faf89ab825b23c883bf9c","unknown","Uncategorized","No","No","Yes",0,0,"2025-12-15 19:07:50"
"691c0e526b68b5bc9f69ffd3","693fe3e76565a1f950449fe3","unknown","Uncategorized","No","No","Yes",0,0,"2025-12-15 19:06:25"
"691c0e526b68b5bc9f69ffd3","693fb1509236232c8cebc371","unknown","Uncategorized","No","No","Yes",0,0,"2025-12-15 19:06:25"
"691587aef4af6c516dc1caed","69402059c933e57a517a0d2b","unknown","Uncategorized","No","No","Yes",0,0,"2025-12-15 14:51:10"
"691587aef4af6c516dc1caed","693fad3be554a986969ee386","unknown","Uncategorized","No","No","Yes",0,0,"2025-12-15 14:50:28"
"691587aef4af6c516dc1caed","693faf5bab825b23c883beb4","unknown","Uncategorized","No","No","Yes",0,0,"2025-12-15 14:50:24"
"691587aef4af6c516dc1caed","693faf89ab825b23c883bf9c","unknown","Uncategorized","No","No","Yes",0,0,"2025-12-15 14:50:23"
"691587aef4af6c516dc1caed","693fafe700e60c99a1b28def","unknown","Uncategorized","No","No","Yes",0,0,"2025-12-15 14:50:21"
"691587aef4af6c516dc1caed","693fb07800e60c99a1b2906e","unknown","Uncategorized","No","No","Yes",0,0,"2025-12-15 14:50:20"
"691587aef4af6c516dc1caed","693fe3e76565a1f950449fe3","unknown","Uncategorized","No","No","Yes",0,0,"2025-12-15 14:50:14"
"691587aef4af6c516dc1caed","693fb1509236232c8cebc371","unknown","Uncategorized","No","No","Yes",0,0,"2025-12-15 14:50:14"
"6940191de3214a70a1c244d7","693a832b5d38b982beb49913","unknown","Uncategorized","No","No","Yes",0,0,"2025-12-15 14:22:44"
"6940191de3214a70a1c244d7","693bbe77775b487926eed325","unknown","Uncategorized","No","No","Yes",0,0,"2025-12-15 14:22:43"
"6940191de3214a70a1c244d7","693fad3be554a986969ee386","unknown","Uncategorized","No","No","Yes",0,0,"2025-12-15 14:21:23"
"6940191de3214a70a1c244d7","693faf5bab825b23c883beb4","unknown","Uncategorized","No","No","Yes",0,0,"2025-12-15 14:21:22"
"6940191de3214a70a1c244d7","693fafe700e60c99a1b28def","unknown","Uncategorized","No","No","Yes",0,0,"2025-12-15 14:21:21"
"6940191de3214a70a1c244d7","693faf89ab825b23c883bf9c","unknown","Uncategorized","No","No","Yes",0,0,"2025-12-15 14:21:21"
"6940191de3214a70a1c244d7","693fb07800e60c99a1b2906e","unknown","Uncategorized","No","No","Yes",0,0,"2025-12-15 14:20:45"
"6940191de3214a70a1c244d7","693fb1509236232c8cebc371","unknown","Uncategorized","No","No","Yes",0,0,"2025-12-15 14:20:37"
"6940191de3214a70a1c244d7","693fe3e76565a1f950449fe3","unknown","Uncategorized","No","No","Yes",0,0,"2025-12-15 14:20:36"
"6909ef4b3c6874ef786b2267","693fb1509236232c8cebc371","unknown","Uncategorized","No","No","Yes",0,0,"2025-12-15 13:32:21"
"690054c6fb26e417408f72a7","693fb1509236232c8cebc371","unknown","Uncategorized","No","No","Yes",0,0,"2025-12-15 12:53:08"
"6909ef4b3c6874ef786b2267","693fe3e76565a1f950449fe3","unknown","Uncategorized","No","No","Yes",0,0,"2025-12-15 11:59:41"
"693ff311b7f97b525f8d9506","69393ab3b5007de47d87c2c4","unknown","Uncategorized","No","No","Yes",0,0,"2025-12-15 11:39:36"
"693ff311b7f97b525f8d9506","69393bc0b5007de47d87c3ec","unknown","Uncategorized","No","No","Yes",0,0,"2025-12-15 11:39:33"
"693ff311b7f97b525f8d9506","69393c09b5007de47d87c494","unknown","Uncategorized","No","No","Yes",0,0,"2025-12-15 11:39:32"
"693ff311b7f97b525f8d9506","69393dc2e781430d3d573384","unknown","Uncategorized","No","No","Yes",0,0,"2025-12-15 11:39:27"
"693ff311b7f97b525f8d9506","693bbe77775b487926eed325","unknown","Uncategorized","No","No","Yes",0,0,"2025-12-15 11:39:26"
"693ff311b7f97b525f8d9506","693a832b5d38b982beb49913","unknown","Uncategorized","No","No","Yes",0,0,"2025-12-15 11:39:26"
"693ff311b7f97b525f8d9506","693fad3be554a986969ee386","unknown","Uncategorized","No","No","Yes",0,0,"2025-12-15 11:39:20"
"693ff311b7f97b525f8d9506","693faf5bab825b23c883beb4","unknown","Uncategorized","No","No","Yes",0,0,"2025-12-15 11:39:14"
"693ff311b7f97b525f8d9506","693faf89ab825b23c883bf9c","unknown","Uncategorized","No","No","Yes",0,0,"2025-12-15 11:39:13"
"693ff311b7f97b525f8d9506","693fafe700e60c99a1b28def","unknown","Uncategorized","No","No","Yes",0,0,"2025-12-15 11:39:01"
"693ff311b7f97b525f8d9506","693fe3e76565a1f950449fe3","unknown","Uncategorized","No","No","Yes",0,0,"2025-12-15 11:38:53"
"693ff311b7f97b525f8d9506","693fb07800e60c99a1b2906e","unknown","Uncategorized","No","No","Yes",0,0,"2025-12-15 11:38:53"
"691eaac4220f0a6610477c31","693fb07800e60c99a1b2906e","unknown","Uncategorized","No","No","Yes",0,0,"2025-12-15 11:10:39"
"691eaac4220f0a6610477c31","693fe3e76565a1f950449fe3","unknown","Uncategorized","No","No","Yes",0,0,"2025-12-15 11:10:39"
"690054c6fb26e417408f72a7","693fe3e76565a1f950449fe3","unknown","Uncategorized","No","No","Yes",0,0,"2025-12-15 10:51:58"
"691474336f3817fc8d6a0c12","693fe3e76565a1f950449fe3","unknown","Uncategorized","No","No","Yes",0,0,"2025-12-15 10:46:00"
"691c0bf06b68b5bc9f69d70b","693fe3e76565a1f950449fe3","unknown","Uncategorized","No","No","Yes",0,0,"2025-12-15 10:33:14"
"691c0bf06b68b5bc9f69d70b","693faf5bab825b23c883beb4","unknown","Uncategorized","No","No","Yes",0,0,"2025-12-15 10:27:58"
"691c0bf06b68b5bc9f69d70b","693faf89ab825b23c883bf9c","unknown","Uncategorized","No","No","Yes",0,0,"2025-12-15 10:27:56"
"691c0bf06b68b5bc9f69d70b","693fb07800e60c99a1b2906e","unknown","Uncategorized","No","No","Yes",0,0,"2025-12-15 10:23:36"
"691c0bf06b68b5bc9f69d70b","693fafe700e60c99a1b28def","unknown","Uncategorized","No","No","Yes",0,0,"2025-12-15 10:23:36"
"693fdb2efcb985eb16da8b02","693a832b5d38b982beb49913","unknown","Uncategorized","No","No","Yes",0,0,"2025-12-15 09:57:16"
"693fdb2efcb985eb16da8b02","693bbe77775b487926eed325","unknown","Uncategorized","No","No","Yes",0,0,"2025-12-15 09:57:02"
"693fdb2efcb985eb16da8b02","693fad3be554a986969ee386","unknown","Uncategorized","No","No","Yes",0,0,"2025-12-15 09:56:57"
"693fdb2efcb985eb16da8b02","693faf5bab825b23c883beb4","unknown","Uncategorized","No","No","Yes",0,0,"2025-12-15 09:56:55"
"693fdb2efcb985eb16da8b02","693faf89ab825b23c883bf9c","unknown","Uncategorized","No","No","Yes",0,0,"2025-12-15 09:56:54"
"693fdb2efcb985eb16da8b02","693fb07800e60c99a1b2906e","unknown","Uncategorized","No","No","Yes",0,0,"2025-12-15 09:56:36"
"693fdb2efcb985eb16da8b02","693fafe700e60c99a1b28def","unknown","Uncategorized","No","No","Yes",0,0,"2025-12-15 09:56:36"
"693fdb30fcb985eb16da8b49","693faf5bab825b23c883beb4","unknown","Uncategorized","No","No","Yes",0,0,"2025-12-15 09:56:35"
"693fdb30fcb985eb16da8b49","693faf89ab825b23c883bf9c","unknown","Uncategorized","No","No","Yes",0,0,"2025-12-15 09:56:34"
"693fdb22fcb985eb16da8aec","693fb07800e60c99a1b2906e","unknown","Uncategorized","No","No","Yes",0,0,"2025-12-15 09:56:22"
"693fdb22fcb985eb16da8aec","693fafe700e60c99a1b28def","unknown","Uncategorized","No","No","Yes",0,0,"2025-12-15 09:56:22"
"693fdb30fcb985eb16da8b49","693fb07800e60c99a1b2906e","unknown","Uncategorized","No","No","Yes",0,0,"2025-12-15 09:56:19"
"693fdb30fcb985eb16da8b49","693fafe700e60c99a1b28def","unknown","Uncategorized","No","No","Yes",0,0,"2025-12-15 09:56:19"
"693fdb02fcb985eb16da8a34","693fad3be554a986969ee386","unknown","Uncategorized","No","No","Yes",0,0,"2025-12-15 09:56:14"
"693fdb02fcb985eb16da8a34","693faf5bab825b23c883beb4","unknown","Uncategorized","No","No","Yes",0,0,"2025-12-15 09:56:08"
"693fdb02fcb985eb16da8a34","693faf89ab825b23c883bf9c","unknown","Uncategorized","No","No","Yes",0,0,"2025-12-15 09:56:07"
"693fdafbfcb985eb16da8a2e","69393bc0b5007de47d87c3ec","unknown","Uncategorized","No","No","Yes",0,0,"2025-12-15 09:56:00"
"693fdafbfcb985eb16da8a2e","69393c09b5007de47d87c494","unknown","Uncategorized","No","No","Yes",0,0,"2025-12-15 09:55:55"
"693fdafbfcb985eb16da8a2e","69393dc2e781430d3d573384","unknown","Uncategorized","No","No","Yes",0,0,"2025-12-15 09:55:53"
"693fdafbfcb985eb16da8a2e","693a832b5d38b982beb49913","unknown","Uncategorized","No","No","Yes",0,0,"2025-12-15 09:55:51"
"693fdafbfcb985eb16da8a2e","693bbe77775b487926eed325","unknown","Uncategorized","No","No","Yes",0,0,"2025-12-15 09:55:44"
"693fdb02fcb985eb16da8a34","693fb07800e60c99a1b2906e","unknown","Uncategorized","No","No","Yes",0,0,"2025-12-15 09:55:40"
"693fdb02fcb985eb16da8a34","693fafe700e60c99a1b28def","unknown","Uncategorized","No","No","Yes",0,0,"2025-12-15 09:55:40"
"693fdafbfcb985eb16da8a2e","693fad3be554a986969ee386","unknown","Uncategorized","No","No","Yes",0,0,"2025-12-15 09:55:38"
"693fdafbfcb985eb16da8a2e","693faf5bab825b23c883beb4","unknown","Uncategorized","No","No","Yes",0,0,"2025-12-15 09:55:37"
"693fdafbfcb985eb16da8a2e","693faf89ab825b23c883bf9c","unknown","Uncategorized","No","No","Yes",0,0,"2025-12-15 09:55:35"
"693fdafbfcb985eb16da8a2e","693fafe700e60c99a1b28def","unknown","Uncategorized","No","No","Yes",0,0,"2025-12-15 09:55:34"
"693fdafbfcb985eb16da8a2e","693fb07800e60c99a1b2906e","unknown","Uncategorized","No","No","Yes",0,0,"2025-12-15 09:55:23"
"693fa451babd01d0768b4c91","693fb07800e60c99a1b2906e","unknown","Uncategorized","No","No","Yes",0,0,"2025-12-15 07:25:34"
"693fa451babd01d0768b4c91","693fafe700e60c99a1b28def","unknown","Uncategorized","No","No","Yes",0,0,"2025-12-15 07:25:33"
"693fa451babd01d0768b4c91","693faf89ab825b23c883bf9c","unknown","Uncategorized","No","No","Yes",0,0,"2025-12-15 07:25:33"
"693fa451babd01d0768b4c91","693faf5bab825b23c883beb4","unknown","Uncategorized","No","No","Yes",0,0,"2025-12-15 07:25:33"
"693fa451babd01d0768b4c91","693fad3be554a986969ee386","unknown","Uncategorized","No","No","Yes",0,0,"2025-12-15 07:25:33"
"691474336f3817fc8d6a0c12","693faf89ab825b23c883bf9c","unknown","Uncategorized","No","No","Yes",0,0,"2025-12-15 07:11:40"
"691474336f3817fc8d6a0c12","693faf5bab825b23c883beb4","unknown","Uncategorized","No","No","Yes",0,0,"2025-12-15 07:11:40"
"691474336f3817fc8d6a0c12","693fad3be554a986969ee386","unknown","Uncategorized","No","No","Yes",0,0,"2025-12-15 07:11:40"
"691474336f3817fc8d6a0c12","693fafe700e60c99a1b28def","unknown","Uncategorized","No","No","Yes",0,0,"2025-12-15 07:11:31"
"691474336f3817fc8d6a0c12","693fb07800e60c99a1b2906e","unknown","Uncategorized","No","No","Yes",0,0,"2025-12-15 07:11:31"
"690054c6fb26e417408f72a7","693faf5bab825b23c883beb4","unknown","Uncategorized","No","No","Yes",0,0,"2025-12-15 07:10:45"
"690054c6fb26e417408f72a7","693fafe700e60c99a1b28def","unknown","Uncategorized","No","No","Yes",0,0,"2025-12-15 07:10:44"
"690054c6fb26e417408f72a7","693faf89ab825b23c883bf9c","unknown","Uncategorized","No","No","Yes",0,0,"2025-12-15 07:10:44"
"690054c6fb26e417408f72a7","693fb07800e60c99a1b2906e","unknown","Uncategorized","No","No","Yes",0,0,"2025-12-15 07:10:40"
"691583f6f4af6c516dc1ab5f","693fb07800e60c99a1b2906e","unknown","Uncategorized","No","No","Yes",0,0,"2025-12-15 07:07:30"
"691583f6f4af6c516dc1ab5f","693faf5bab825b23c883beb4","unknown","Uncategorized","No","No","Yes",0,0,"2025-12-15 07:07:29"
"691583f6f4af6c516dc1ab5f","693fafe700e60c99a1b28def","unknown","Uncategorized","No","No","Yes",0,0,"2025-12-15 07:07:29"
"691583f6f4af6c516dc1ab5f","693faf89ab825b23c883bf9c","unknown","Uncategorized","No","No","Yes",0,0,"2025-12-15 07:07:29"
"6909ef4b3c6874ef786b2267","693fb07800e60c99a1b2906e","unknown","Uncategorized","No","No","Yes",0,0,"2025-12-15 06:54:23"
"6920058aae218bc0c556b770","693fafe700e60c99a1b28def","unknown","Uncategorized","No","No","Yes",0,0,"2025-12-15 06:53:48"
"6920058aae218bc0c556b770","693fb07800e60c99a1b2906e","unknown","Uncategorized","No","No","Yes",0,0,"2025-12-15 06:53:44"
"693faf85ab825b23c883bf85","6933ed2a9de99402231df7d4","unknown","Uncategorized","No","No","Yes",0,0,"2025-12-15 06:53:17"
"693faf85ab825b23c883bf85","6933fbac3eb6c35f69778a37","unknown","Uncategorized","No","No","Yes",0,0,"2025-12-15 06:53:14"
"693faf85ab825b23c883bf85","6933edc69de99402231df85f","unknown","Uncategorized","No","No","Yes",0,0,"2025-12-15 06:53:14"
"6909ef4b3c6874ef786b2267","693fafe700e60c99a1b28def","unknown","Uncategorized","No","No","Yes",0,0,"2025-12-15 06:51:37"
"693faf85ab825b23c883bf85","693fafe700e60c99a1b28def","unknown","Uncategorized","No","No","Yes",0,0,"2025-12-15 06:51:28"
"6920058aae218bc0c556b770","693faf89ab825b23c883bf9c","unknown","Uncategorized","No","No","Yes",0,0,"2025-12-15 06:51:09"
"6920058aae218bc0c556b770","69393ab3b5007de47d87c2c4","unknown","Uncategorized","No","No","Yes",0,0,"2025-12-15 06:51:05"
"6920058aae218bc0c556b770","69393c09b5007de47d87c494","unknown","Uncategorized","No","No","Yes",0,0,"2025-12-15 06:51:03"
"6920058aae218bc0c556b770","69393bc0b5007de47d87c3ec","unknown","Uncategorized","No","No","Yes",0,0,"2025-12-15 06:51:03"
"6920058aae218bc0c556b770","69393dc2e781430d3d573384","unknown","Uncategorized","No","No","Yes",0,0,"2025-12-15 06:51:02"
"6920058aae218bc0c556b770","693a832b5d38b982beb49913","unknown","Uncategorized","No","No","Yes",0,0,"2025-12-15 06:51:00"
"691c0b396b68b5bc9f69d209","69393ab3b5007de47d87c2c4","unknown","Uncategorized","No","No","Yes",0,0,"2025-12-15 06:50:54"
"6920058aae218bc0c556b770","693bbe77775b487926eed325","unknown","Uncategorized","No","No","Yes",0,0,"2025-12-15 06:50:53"
"691c0b396b68b5bc9f69d209","69393bc0b5007de47d87c3ec","unknown","Uncategorized","No","No","Yes",0,0,"2025-12-15 06:50:50"
"691c0b396b68b5bc9f69d209","69393c09b5007de47d87c494","unknown","Uncategorized","No","No","Yes",0,0,"2025-12-15 06:50:49"
"691c0b396b68b5bc9f69d209","693a832b5d38b982beb49913","unknown","Uncategorized","No","No","Yes",0,0,"2025-12-15 06:50:48"
"691c0b396b68b5bc9f69d209","69393dc2e781430d3d573384","unknown","Uncategorized","No","No","Yes",0,0,"2025-12-15 06:50:48"
"6909ef4b3c6874ef786b2267","693bbe77775b487926eed325","unknown","Uncategorized","No","No","Yes",0,0,"2025-12-15 06:50:48"
"693faf85ab825b23c883bf85","69393ab3b5007de47d87c2c4","unknown","Uncategorized","No","No","Yes",0,0,"2025-12-15 06:50:37"
"693faf85ab825b23c883bf85","69393bc0b5007de47d87c3ec","unknown","Uncategorized","No","No","Yes",0,0,"2025-12-15 06:50:36"
"6909ef4b3c6874ef786b2267","693fad3be554a986969ee386","unknown","Uncategorized","No","No","Yes",0,0,"2025-12-15 06:50:34"
"693faf85ab825b23c883bf85","69393c09b5007de47d87c494","unknown","Uncategorized","No","No","Yes",0,0,"2025-12-15 06:50:32"
"6909ef4b3c6874ef786b2267","693faf5bab825b23c883beb4","unknown","Uncategorized","No","No","Yes",0,0,"2025-12-15 06:50:30"
"6909ef4b3c6874ef786b2267","693faf89ab825b23c883bf9c","unknown","Uncategorized","No","No","Yes",0,0,"2025-12-15 06:50:30"
"693faf85ab825b23c883bf85","693a832b5d38b982beb49913","unknown","Uncategorized","No","No","Yes",0,0,"2025-12-15 06:50:26"
"693faf85ab825b23c883bf85","69393dc2e781430d3d573384","unknown","Uncategorized","No","No","Yes",0,0,"2025-12-15 06:50:26"
"693faf85ab825b23c883bf85","693bbe77775b487926eed325","unknown","Uncategorized","No","No","Yes",0,0,"2025-12-15 06:50:25"
"693faf85ab825b23c883bf85","693fad3be554a986969ee386","unknown","Uncategorized","No","No","Yes",0,0,"2025-12-15 06:50:22"
"693faf85ab825b23c883bf85","693faf5bab825b23c883beb4","unknown","Uncategorized","No","No","Yes",0,0,"2025-12-15 06:50:21"
"691583f6f4af6c516dc1ab5f","6933fbac3eb6c35f69778a37","unknown","Uncategorized","No","No","Yes",0,0,"2025-12-15 06:50:21"
"691583f6f4af6c516dc1ab5f","6933fc80959341fcad4b1d33","unknown","Uncategorized","No","No","Yes",0,0,"2025-12-15 06:50:20"
"693faf85ab825b23c883bf85","693faf89ab825b23c883bf9c","unknown","Uncategorized","No","No","Yes",0,0,"2025-12-15 06:50:12"
"691c0b396b68b5bc9f69d209","693bbe77775b487926eed325","unknown","Uncategorized","No","No","Yes",0,0,"2025-12-15 06:50:09"
"691583f6f4af6c516dc1ab5f","6938f20c447698bc65553f5b","unknown","Uncategorized","No","No","Yes",0,0,"2025-12-15 06:50:09"
"691583f6f4af6c516dc1ab5f","69386b8810998c02c4ce63a9","unknown","Uncategorized","No","No","Yes",0,0,"2025-12-15 06:50:09"
"691583f6f4af6c516dc1ab5f","6938fd2d5aacf66cbd33edcc","unknown","Uncategorized","No","No","Yes",0,0,"2025-12-15 06:50:03"
"691583f6f4af6c516dc1ab5f","6938fced5aacf66cbd33ed67","unknown","Uncategorized","No","No","Yes",0,0,"2025-12-15 06:50:03"
"691583f6f4af6c516dc1ab5f","69393ab3b5007de47d87c2c4","unknown","Uncategorized","No","No","Yes",0,0,"2025-12-15 06:50:02"
"691583f6f4af6c516dc1ab5f","69393bc0b5007de47d87c3ec","unknown","Uncategorized","No","No","Yes",0,0,"2025-12-15 06:49:58"
"691583f6f4af6c516dc1ab5f","69393c09b5007de47d87c494","unknown","Uncategorized","No","No","Yes",0,0,"2025-12-15 06:49:53"
"691583f6f4af6c516dc1ab5f","69393dc2e781430d3d573384","unknown","Uncategorized","No","No","Yes",0,0,"2025-12-15 06:49:47"
"691c0b396b68b5bc9f69d209","693faf89ab825b23c883bf9c","unknown","Uncategorized","No","No","Yes",0,0,"2025-12-15 06:49:46"
"691583f6f4af6c516dc1ab5f","693a832b5d38b982beb49913","unknown","Uncategorized","No","No","Yes",0,0,"2025-12-15 06:49:27"
"6920058aae218bc0c556b770","693fad3be554a986969ee386","unknown","Uncategorized","No","No","Yes",0,0,"2025-12-15 06:49:26"
"691583f6f4af6c516dc1ab5f","693bbe77775b487926eed325","unknown","Uncategorized","No","No","Yes",0,0,"2025-12-15 06:49:25"
"6920058aae218bc0c556b770","693faf5bab825b23c883beb4","unknown","Uncategorized","No","No","Yes",0,0,"2025-12-15 06:49:22"
"691c0b396b68b5bc9f69d209","693faf5bab825b23c883beb4","unknown","Uncategorized","No","No","Yes",0,0,"2025-12-15 06:49:18"
"691c0b396b68b5bc9f69d209","693fad3be554a986969ee386","unknown","Uncategorized","No","No","Yes",0,0,"2025-12-15 06:49:18"
"691583f6f4af6c516dc1ab5f","693fad3be554a986969ee386","unknown","Uncategorized","No","No","Yes",0,0,"2025-12-15 06:48:42"
"69159c06f4af6c516dc1ff21","693fad3be554a986969ee386","unknown","Uncategorized","No","No","Yes",0,0,"2025-12-15 06:48:26"
"690054c6fb26e417408f72a7","693fad3be554a986969ee386","unknown","Uncategorized","No","No","Yes",0,0,"2025-12-15 06:40:02"
"693fa5f7babd01d0768b569d","69393c09b5007de47d87c494","unknown","Uncategorized","No","No","Yes",0,0,"2025-12-15 06:09:25"
"693fa5f7babd01d0768b569d","69393dc2e781430d3d573384","unknown","Uncategorized","No","No","Yes",0,0,"2025-12-15 06:09:24"
"693fa5f7babd01d0768b569d","693bbe77775b487926eed325","unknown","Uncategorized","No","No","Yes",0,0,"2025-12-15 06:09:16"
"693fa5f7babd01d0768b569d","693a832b5d38b982beb49913","unknown","Uncategorized","No","No","Yes",0,0,"2025-12-15 06:09:16"
"693fa445babd01d0768b4c25","69393bc0b5007de47d87c3ec","unknown","Uncategorized","No","No","Yes",0,0,"2025-12-15 06:07:24"
"693fa445babd01d0768b4c25","69393ab3b5007de47d87c2c4","unknown","Uncategorized","No","No","Yes",0,0,"2025-12-15 06:07:24"
"693fa445babd01d0768b4c25","69393dc2e781430d3d573384","unknown","Uncategorized","No","No","Yes",0,0,"2025-12-15 06:07:23"
"693fa445babd01d0768b4c25","69393c09b5007de47d87c494","unknown","Uncategorized","No","No","Yes",0,0,"2025-12-15 06:07:23"
"693fa55cbabd01d0768b529a","69393dc2e781430d3d573384","unknown","Uncategorized","No","No","Yes",0,0,"2025-12-15 06:07:06"
"693fa55cbabd01d0768b529a","69393c09b5007de47d87c494","unknown","Uncategorized","No","No","Yes",0,0,"2025-12-15 06:07:06"
"693fa55cbabd01d0768b529a","693bbe77775b487926eed325","unknown","Uncategorized","No","No","Yes",0,0,"2025-12-15 06:06:42"
"693fa55cbabd01d0768b529a","693a832b5d38b982beb49913","unknown","Uncategorized","No","No","Yes",0,0,"2025-12-15 06:06:42"
"693fa48fbabd01d0768b4e3d","6938fd2d5aacf66cbd33edcc","unknown","Uncategorized","No","No","Yes",0,0,"2025-12-15 06:05:07"
"693fa48fbabd01d0768b4e3d","69393ab3b5007de47d87c2c4","unknown","Uncategorized","No","No","Yes",0,0,"2025-12-15 06:05:05"
"6937d54174569ea3440a7bc1","69393ab3b5007de47d87c2c4","unknown","Uncategorized","No","No","Yes",0,0,"2025-12-15 06:04:39"
"6937d54174569ea3440a7bc1","6938fd2d5aacf66cbd33edcc","unknown","Uncategorized","No","No","Yes",0,0,"2025-12-15 06:04:39"
"693fa40cbabd01d0768b4bce","6933eb19cd92fc1a91cb0acc","unknown","Uncategorized","No","No","Yes",0,0,"2025-12-15 06:04:37"
"693fa40cbabd01d0768b4bce","6933dccf93243f9a10fe6ced","unknown","Uncategorized","No","No","Yes",0,0,"2025-12-15 06:04:37"
"693fa40cbabd01d0768b4bce","6933edc69de99402231df85f","unknown","Uncategorized","No","No","Yes",0,0,"2025-12-15 06:04:36"
"693fa40cbabd01d0768b4bce","6933ed2a9de99402231df7d4","unknown","Uncategorized","No","No","Yes",0,0,"2025-12-15 06:04:36"
"693fa40cbabd01d0768b4bce","6933fbac3eb6c35f69778a37","unknown","Uncategorized","No","No","Yes",0,0,"2025-12-15 06:04:35"
"693fa40cbabd01d0768b4bce","6933fc80959341fcad4b1d33","unknown","Uncategorized","No","No","Yes",0,0,"2025-12-15 06:04:32"
"693fa40cbabd01d0768b4bce","6938fced5aacf66cbd33ed67","unknown","Uncategorized","No","No","Yes",0,0,"2025-12-15 06:04:31"
"693fa40cbabd01d0768b4bce","6938f20c447698bc65553f5b","unknown","Uncategorized","No","No","Yes",0,0,"2025-12-15 06:04:31"
"693fa40cbabd01d0768b4bce","69386b8810998c02c4ce63a9","unknown","Uncategorized","No","No","Yes",0,0,"2025-12-15 06:04:31"
"693fa48fbabd01d0768b4e3d","69393bc0b5007de47d87c3ec","unknown","Uncategorized","No","No","Yes",0,0,"2025-12-15 06:04:26"
"693fa48fbabd01d0768b4e3d","69393c09b5007de47d87c494","unknown","Uncategorized","No","No","Yes",0,0,"2025-12-15 06:04:23"
"693fa48fbabd01d0768b4e3d","69393dc2e781430d3d573384","unknown","Uncategorized","No","No","Yes",0,0,"2025-12-15 06:04:19"
"693fa451babd01d0768b4c91","69393c09b5007de47d87c494","unknown","Uncategorized","No","No","Yes",0,0,"2025-12-15 06:03:40"
"693fa451babd01d0768b4c91","6938fd2d5aacf66cbd33edcc","unknown","Uncategorized","No","No","Yes",0,0,"2025-12-15 06:03:40"
"693fa451babd01d0768b4c91","6938fced5aacf66cbd33ed67","unknown","Uncategorized","No","No","Yes",0,0,"2025-12-15 06:03:40"
"693fa451babd01d0768b4c91","69386b8810998c02c4ce63a9","unknown","Uncategorized","No","No","Yes",0,0,"2025-12-15 06:03:40"
"693fa451babd01d0768b4c91","69393bc0b5007de47d87c3ec","unknown","Uncategorized","No","No","Yes",0,0,"2025-12-15 06:03:37"
"693fa451babd01d0768b4c91","6938f20c447698bc65553f5b","unknown","Uncategorized","No","No","Yes",0,0,"2025-12-15 06:03:37"
"693fa451babd01d0768b4c91","69393ab3b5007de47d87c2c4","unknown","Uncategorized","No","No","Yes",0,0,"2025-12-15 06:03:37"
"693fa48fbabd01d0768b4e3d","693bbe77775b487926eed325","unknown","Uncategorized","No","No","Yes",0,0,"2025-12-15 06:03:34"
"693fa48fbabd01d0768b4e3d","693a832b5d38b982beb49913","unknown","Uncategorized","No","No","Yes",0,0,"2025-12-15 06:03:34"
"693fa451babd01d0768b4c91","69393dc2e781430d3d573384","unknown","Uncategorized","No","No","Yes",0,0,"2025-12-15 06:03:26"
"693fa451babd01d0768b4c91","693a832b5d38b982beb49913","unknown","Uncategorized","No","No","Yes",0,0,"2025-12-15 06:03:00"
"693fa451babd01d0768b4c91","693bbe77775b487926eed325","unknown","Uncategorized","No","No","Yes",0,0,"2025-12-15 06:02:58"
"693fa425babd01d0768b4bf7","6933fc80959341fcad4b1d33","unknown","Uncategorized","No","No","Yes",0,0,"2025-12-15 06:02:38"
"693fa425babd01d0768b4bf7","69386b8810998c02c4ce63a9","unknown","Uncategorized","No","No","Yes",0,0,"2025-12-15 06:02:25"
"693fa425babd01d0768b4bf7","6938f20c447698bc65553f5b","unknown","Uncategorized","No","No","Yes",0,0,"2025-12-15 06:02:24"
"693fa425babd01d0768b4bf7","6938fced5aacf66cbd33ed67","unknown","Uncategorized","No","No","Yes",0,0,"2025-12-15 06:02:23"
"693fa425babd01d0768b4bf7","6938fd2d5aacf66cbd33edcc","unknown","Uncategorized","No","No","Yes",0,0,"2025-12-15 06:02:20"
"693fa425babd01d0768b4bf7","69393ab3b5007de47d87c2c4","unknown","Uncategorized","No","No","Yes",0,0,"2025-12-15 06:02:16"
"693fa425babd01d0768b4bf7","69393bc0b5007de47d87c3ec","unknown","Uncategorized","No","No","Yes",0,0,"2025-12-15 06:02:14"
"693fa425babd01d0768b4bf7","69393c09b5007de47d87c494","unknown","Uncategorized","No","No","Yes",0,0,"2025-12-15 06:02:10"
"693fa445babd01d0768b4c25","693bbe77775b487926eed325","unknown","Uncategorized","No","No","Yes",0,0,"2025-12-15 06:02:09"
"693fa445babd01d0768b4c25","693a832b5d38b982beb49913","unknown","Uncategorized","No","No","Yes",0,0,"2025-12-15 06:02:09"
"693fa40cbabd01d0768b4bce","6938fd2d5aacf66cbd33edcc","unknown","Uncategorized","No","No","Yes",0,0,"2025-12-15 06:02:09"
"693fa40cbabd01d0768b4bce","69393bc0b5007de47d87c3ec","unknown","Uncategorized","No","No","Yes",0,0,"2025-12-15 06:02:08"
"693fa40cbabd01d0768b4bce","69393ab3b5007de47d87c2c4","unknown","Uncategorized","No","No","Yes",0,0,"2025-12-15 06:02:08"
"693fa425babd01d0768b4bf7","69393dc2e781430d3d573384","unknown","Uncategorized","No","No","Yes",0,0,"2025-12-15 06:02:06"
"693fa40cbabd01d0768b4bce","69393c09b5007de47d87c494","unknown","Uncategorized","No","No","Yes",0,0,"2025-12-15 06:02:04"
"693fa40cbabd01d0768b4bce","69393dc2e781430d3d573384","unknown","Uncategorized","No","No","Yes",0,0,"2025-12-15 06:02:01"
"693fa40cbabd01d0768b4bce","693a832b5d38b982beb49913","unknown","Uncategorized","No","No","Yes",0,0,"2025-12-15 06:01:51"
"693fa40cbabd01d0768b4bce","693bbe77775b487926eed325","unknown","Uncategorized","No","No","Yes",0,0,"2025-12-15 06:01:51"
"693fa425babd01d0768b4bf7","693bbe77775b487926eed325","unknown","Uncategorized","No","No","Yes",0,0,"2025-12-15 06:01:44"
"693fa425babd01d0768b4bf7","693a832b5d38b982beb49913","unknown","Uncategorized","No","No","Yes",0,0,"2025-12-15 06:01:44"
"6937d54174569ea3440a7bc1","69393bc0b5007de47d87c3ec","unknown","Uncategorized","No","No","Yes",0,0,"2025-12-15 06:01:18"
"6937d54174569ea3440a7bc1","69393c09b5007de47d87c494","unknown","Uncategorized","No","No","Yes",0,0,"2025-12-15 06:01:14"
"6937d54174569ea3440a7bc1","69393dc2e781430d3d573384","unknown","Uncategorized","No","No","Yes",0,0,"2025-12-15 06:01:13"
"6937d54174569ea3440a7bc1","693bbe77775b487926eed325","unknown","Uncategorized","No","No","Yes",0,0,"2025-12-15 06:01:07"
"6937d54174569ea3440a7bc1","693a832b5d38b982beb49913","unknown","Uncategorized","No","No","Yes",0,0,"2025-12-15 06:01:07"
"693d3e5ebabd01d0768b415f","6933dccf93243f9a10fe6ced","unknown","Uncategorized","No","No","Yes",0,0,"2025-12-13 10:24:25"
"693d3e5ebabd01d0768b415f","6933ed2a9de99402231df7d4","unknown","Uncategorized","No","No","Yes",0,0,"2025-12-13 10:24:23"
"693d3e5ebabd01d0768b415f","6933eb19cd92fc1a91cb0acc","unknown","Uncategorized","No","No","Yes",0,0,"2025-12-13 10:24:23"
"693d3e5ebabd01d0768b415f","6933edc69de99402231df85f","unknown","Uncategorized","No","No","Yes",0,0,"2025-12-13 10:24:21"
"693d3e5ebabd01d0768b415f","6933fbac3eb6c35f69778a37","unknown","Uncategorized","No","No","Yes",0,0,"2025-12-13 10:24:20"
"693d3e5ebabd01d0768b415f","6933fc80959341fcad4b1d33","unknown","Uncategorized","No","No","Yes",0,0,"2025-12-13 10:24:14"
"693d3e5ebabd01d0768b415f","69386b8810998c02c4ce63a9","unknown","Uncategorized","No","No","Yes",0,0,"2025-12-13 10:23:17"
"693d3e5ebabd01d0768b415f","6938f20c447698bc65553f5b","unknown","Uncategorized","No","No","Yes",0,0,"2025-12-13 10:23:13"
"693d3e5ebabd01d0768b415f","6938fced5aacf66cbd33ed67","unknown","Uncategorized","No","No","Yes",0,0,"2025-12-13 10:23:11"
"693d3e5ebabd01d0768b415f","6938fd2d5aacf66cbd33edcc","unknown","Uncategorized","No","No","Yes",0,0,"2025-12-13 10:23:10"
"693d3e5ebabd01d0768b415f","69393ab3b5007de47d87c2c4","unknown","Uncategorized","No","No","Yes",0,0,"2025-12-13 10:23:09"
"693d3e5ebabd01d0768b415f","69393bc0b5007de47d87c3ec","unknown","Uncategorized","No","No","Yes",0,0,"2025-12-13 10:23:07"
"693d3e5ebabd01d0768b415f","69393c09b5007de47d87c494","unknown","Uncategorized","No","No","Yes",0,0,"2025-12-13 10:23:03"
"693d3e5ebabd01d0768b415f","69393dc2e781430d3d573384","unknown","Uncategorized","No","No","Yes",0,0,"2025-12-13 10:22:59"
"693d3e5ebabd01d0768b415f","693a832b5d38b982beb49913","unknown","Uncategorized","No","No","Yes",0,0,"2025-12-13 10:22:53"
"693d3e5ebabd01d0768b415f","693a83745d38b982beb49956","unknown","Uncategorized","No","No","Yes",0,0,"2025-12-13 10:22:43"
"693d3e5ebabd01d0768b415f","693bbe77775b487926eed325","unknown","Uncategorized","No","No","Yes",0,0,"2025-12-13 10:22:43"
"693d37fdbabd01d0768b4041","6938fd2d5aacf66cbd33edcc","unknown","Uncategorized","No","No","Yes",0,0,"2025-12-13 09:56:02"
"693d37fdbabd01d0768b4041","6938fced5aacf66cbd33ed67","unknown","Uncategorized","No","No","Yes",0,0,"2025-12-13 09:56:02"
"693d37fdbabd01d0768b4041","69393ab3b5007de47d87c2c4","unknown","Uncategorized","No","No","Yes",0,0,"2025-12-13 09:55:56"
"693d37fdbabd01d0768b4041","69393bc0b5007de47d87c3ec","unknown","Uncategorized","No","No","Yes",0,0,"2025-12-13 09:55:53"
"693d37fdbabd01d0768b4041","69393dc2e781430d3d573384","unknown","Uncategorized","No","No","Yes",0,0,"2025-12-13 09:55:51"
"693d37fdbabd01d0768b4041","69393c09b5007de47d87c494","unknown","Uncategorized","No","No","Yes",0,0,"2025-12-13 09:55:51"
"693d37fdbabd01d0768b4041","693a832b5d38b982beb49913","unknown","Uncategorized","No","No","Yes",0,0,"2025-12-13 09:55:46"
"693d37fdbabd01d0768b4041","693bbe77775b487926eed325","unknown","Uncategorized","No","No","Yes",0,0,"2025-12-13 09:55:42"
"693d37fdbabd01d0768b4041","693a83745d38b982beb49956","unknown","Uncategorized","No","No","Yes",0,0,"2025-12-13 09:55:42"
"693d374ababd01d0768b3fb0","69393ab3b5007de47d87c2c4","unknown","Uncategorized","No","No","Yes",0,0,"2025-12-13 09:52:45"
"693d374ababd01d0768b3fb0","69393bc0b5007de47d87c3ec","unknown","Uncategorized","No","No","Yes",0,0,"2025-12-13 09:52:44"
"693d374ababd01d0768b3fb0","69393c09b5007de47d87c494","unknown","Uncategorized","No","No","Yes",0,0,"2025-12-13 09:52:38"
"693d374ababd01d0768b3fb0","69393dc2e781430d3d573384","unknown","Uncategorized","No","No","Yes",0,0,"2025-12-13 09:52:37"
"693d374ababd01d0768b3fb0","693a832b5d38b982beb49913","unknown","Uncategorized","No","No","Yes",0,0,"2025-12-13 09:52:33"
"693d374ababd01d0768b3fb0","693bbe77775b487926eed325","unknown","Uncategorized","No","No","Yes",0,0,"2025-12-13 09:52:25"
"693d374ababd01d0768b3fb0","693a83745d38b982beb49956","unknown","Uncategorized","No","No","Yes",0,0,"2025-12-13 09:52:25"
"691eac03220f0a6610479006","693a832b5d38b982beb49913","unknown","Uncategorized","No","No","Yes",0,0,"2025-12-12 12:36:35"
"691eac03220f0a6610479006","693a83745d38b982beb49956","unknown","Uncategorized","No","No","Yes",0,0,"2025-12-12 12:35:56"
"691eac03220f0a6610479006","693bbe77775b487926eed325","unknown","Uncategorized","No","No","Yes",0,0,"2025-12-12 12:35:35"
"690054c6fb26e417408f72a7","693bef08018527c60d2059ef","unknown","Uncategorized","No","No","Yes",0,0,"2025-12-12 10:32:22"
"690054c6fb26e417408f72a7","693bef08018527c60d2059f3","unknown","Uncategorized","No","No","Yes",0,0,"2025-12-12 10:32:21"
"690054c6fb26e417408f72a7","693bef08018527c60d2059f7","unknown","Uncategorized","No","No","Yes",0,0,"2025-12-12 10:32:19"
"690054c6fb26e417408f72a7","693be5524364142edd286e07","unknown","Uncategorized","No","No","Yes",0,0,"2025-12-12 09:51:05"
"691474336f3817fc8d6a0c12","693be4474364142edd286c35","unknown","Uncategorized","No","No","Yes",0,0,"2025-12-12 09:48:51"
"691474336f3817fc8d6a0c12","693bbe77775b487926eed325","unknown","Uncategorized","No","No","Yes",0,0,"2025-12-12 09:48:51"
"690054c6fb26e417408f72a7","693be4474364142edd286c35","unknown","Uncategorized","No","No","Yes",0,0,"2025-12-12 09:48:18"
"690054c6fb26e417408f72a7","693bdef0df445d08634d057f","unknown","Uncategorized","No","No","Yes",0,0,"2025-12-12 09:22:57"
"691587aef4af6c516dc1caed","693a832b5d38b982beb49913","unknown","Uncategorized","No","No","Yes",0,0,"2025-12-12 09:11:21"
"691587aef4af6c516dc1caed","693bbe77775b487926eed325","unknown","Uncategorized","No","No","Yes",0,0,"2025-12-12 09:11:16"
"690054c6fb26e417408f72a7","693bbe77775b487926eed325","unknown","Uncategorized","No","No","Yes",0,0,"2025-12-12 07:26:25"
"691c0bf06b68b5bc9f69d70b","693bbe77775b487926eed325","unknown","Uncategorized","No","No","Yes",0,0,"2025-12-12 07:04:27"
"693654e6f48d239aa6de5ad2","693a832b5d38b982beb49913","unknown","Uncategorized","No","No","Yes",0,0,"2025-12-12 05:35:59"
"693654e6f48d239aa6de5ad2","693a83745d38b982beb49956","unknown","Uncategorized","No","No","Yes",0,0,"2025-12-12 05:35:59"
"691c0bf06b68b5bc9f69d70b","6938f20c447698bc65553f5b","unknown","Uncategorized","No","No","Yes",0,0,"2025-12-12 04:27:50"
"691c0bf06b68b5bc9f69d70b","6938fced5aacf66cbd33ed67","unknown","Uncategorized","No","No","Yes",0,0,"2025-12-12 04:27:45"
"691c0bf06b68b5bc9f69d70b","69393ab3b5007de47d87c2c4","unknown","Uncategorized","No","No","Yes",0,0,"2025-12-12 04:18:06"
"691c0bf06b68b5bc9f69d70b","6938fd2d5aacf66cbd33edcc","unknown","Uncategorized","No","No","Yes",0,0,"2025-12-12 04:18:06"
"691c0bf06b68b5bc9f69d70b","69393bc0b5007de47d87c3ec","unknown","Uncategorized","No","No","Yes",0,0,"2025-12-12 04:18:05"
"691c0bf06b68b5bc9f69d70b","69393c09b5007de47d87c494","unknown","Uncategorized","No","No","Yes",0,0,"2025-12-12 04:18:04"
"691c0bf06b68b5bc9f69d70b","69393dc2e781430d3d573384","unknown","Uncategorized","No","No","Yes",0,0,"2025-12-12 04:18:00"
"691c0bf06b68b5bc9f69d70b","693a83745d38b982beb49956","unknown","Uncategorized","No","No","Yes",0,0,"2025-12-12 04:17:04"
"691c0bf06b68b5bc9f69d70b","693a832b5d38b982beb49913","unknown","Uncategorized","No","No","Yes",0,0,"2025-12-12 04:17:04"
"68f9c645a19761a5faf0ef8e","693a83745d38b982beb49956","unknown","Uncategorized","No","No","Yes",0,0,"2025-12-11 19:08:41"
"68f9c645a19761a5faf0ef8e","693a832b5d38b982beb49913","unknown","Uncategorized","No","No","Yes",0,0,"2025-12-11 19:08:41"
"691587aef4af6c516dc1caed","693a83745d38b982beb49956","unknown","Uncategorized","No","No","Yes",0,0,"2025-12-11 18:35:56"
"6909ef4b3c6874ef786b2267","69386b8810998c02c4ce63a9","unknown","Uncategorized","No","No","Yes",0,0,"2025-12-11 16:09:33"
"6909ef4b3c6874ef786b2267","6938f20c447698bc65553f5b","unknown","Uncategorized","No","No","Yes",0,0,"2025-12-11 16:09:32"
"6909ef4b3c6874ef786b2267","6938fced5aacf66cbd33ed67","unknown","Uncategorized","No","No","Yes",0,0,"2025-12-11 16:09:29"
"6909ef4b3c6874ef786b2267","6938fd2d5aacf66cbd33edcc","unknown","Uncategorized","No","No","Yes",0,0,"2025-12-11 16:09:28"
"6909ef4b3c6874ef786b2267","69393bc0b5007de47d87c3ec","unknown","Uncategorized","No","No","Yes",0,0,"2025-12-11 16:09:27"
"6909ef4b3c6874ef786b2267","69393ab3b5007de47d87c2c4","unknown","Uncategorized","No","No","Yes",0,0,"2025-12-11 16:09:27"
"6909ef4b3c6874ef786b2267","69393c09b5007de47d87c494","unknown","Uncategorized","No","No","Yes",0,0,"2025-12-11 16:09:25"
"6909ef4b3c6874ef786b2267","69393dc2e781430d3d573384","unknown","Uncategorized","No","No","Yes",0,0,"2025-12-11 16:09:24"
"6909ef4b3c6874ef786b2267","693a83745d38b982beb49956","unknown","Uncategorized","No","No","Yes",0,0,"2025-12-11 16:09:20"
"6909ef4b3c6874ef786b2267","693a832b5d38b982beb49913","unknown","Uncategorized","No","No","Yes",0,0,"2025-12-11 16:09:20"
"6915845ff4af6c516dc1ae90","6938fd2d5aacf66cbd33edcc","unknown","Uncategorized","No","No","Yes",0,0,"2025-12-11 09:49:00"
"6915845ff4af6c516dc1ae90","69393ab3b5007de47d87c2c4","unknown","Uncategorized","No","No","Yes",0,0,"2025-12-11 09:48:57"
"6915845ff4af6c516dc1ae90","693a83745d38b982beb49956","unknown","Uncategorized","No","No","Yes",0,0,"2025-12-11 09:48:36"
"6915845ff4af6c516dc1ae90","693a832b5d38b982beb49913","unknown","Uncategorized","No","No","Yes",0,0,"2025-12-11 09:48:36"
"690054c6fb26e417408f72a7","693a83745d38b982beb49956","unknown","Uncategorized","No","No","Yes",0,0,"2025-12-11 08:41:21"
"690054c6fb26e417408f72a7","693a832b5d38b982beb49913","unknown","Uncategorized","No","No","Yes",0,0,"2025-12-11 08:41:21"
"691474336f3817fc8d6a0c12","693a832b5d38b982beb49913","unknown","Uncategorized","No","No","Yes",0,0,"2025-12-11 08:40:51"
"691474336f3817fc8d6a0c12","693a83745d38b982beb49956","unknown","Uncategorized","No","No","Yes",0,0,"2025-12-11 08:40:51"
"691474336f3817fc8d6a0c12","693a82b15d38b982beb497e8","unknown","Uncategorized","No","No","Yes",0,0,"2025-12-11 08:37:15"
"690054c6fb26e417408f72a7","69393ab3b5007de47d87c2c4","unknown","Uncategorized","No","No","Yes",0,0,"2025-12-11 07:29:48"
"690054c6fb26e417408f72a7","69393bc0b5007de47d87c3ec","unknown","Uncategorized","No","No","Yes",0,0,"2025-12-11 07:29:47"
"690054c6fb26e417408f72a7","69393c09b5007de47d87c494","unknown","Uncategorized","No","No","Yes",0,0,"2025-12-11 04:49:15"
"68f9c645a19761a5faf0ef8e","6933eb19cd92fc1a91cb0acc","unknown","Uncategorized","No","No","Yes",0,0,"2025-12-10 18:15:04"
"68f9c645a19761a5faf0ef8e","6933dccf93243f9a10fe6ced","unknown","Uncategorized","No","No","Yes",0,0,"2025-12-10 18:15:04"
"68f9c645a19761a5faf0ef8e","6933ed2a9de99402231df7d4","unknown","Uncategorized","No","No","Yes",0,0,"2025-12-10 18:15:02"
"68f9c645a19761a5faf0ef8e","6933edc69de99402231df85f","unknown","Uncategorized","No","No","Yes",0,0,"2025-12-10 18:15:00"
"68f9c645a19761a5faf0ef8e","6933fbac3eb6c35f69778a37","unknown","Uncategorized","No","No","Yes",0,0,"2025-12-10 18:14:58"
"68f9c645a19761a5faf0ef8e","6933fc80959341fcad4b1d33","unknown","Uncategorized","No","No","Yes",0,0,"2025-12-10 18:14:51"
"68f9c645a19761a5faf0ef8e","69386b8810998c02c4ce63a9","unknown","Uncategorized","No","No","Yes",0,0,"2025-12-10 18:14:50"
"68f9c645a19761a5faf0ef8e","6938f20c447698bc65553f5b","unknown","Uncategorized","No","No","Yes",0,0,"2025-12-10 18:06:45"
"68f9c645a19761a5faf0ef8e","6938fced5aacf66cbd33ed67","unknown","Uncategorized","No","No","Yes",0,0,"2025-12-10 18:06:44"
"68f9c645a19761a5faf0ef8e","6938fd2d5aacf66cbd33edcc","unknown","Uncategorized","No","No","Yes",0,0,"2025-12-10 18:06:43"
"68f9c645a19761a5faf0ef8e","69393ab3b5007de47d87c2c4","unknown","Uncategorized","No","No","Yes",0,0,"2025-12-10 18:06:40"
"68f9c645a19761a5faf0ef8e","69393bc0b5007de47d87c3ec","unknown","Uncategorized","No","No","Yes",0,0,"2025-12-10 18:06:39"
"68f9c645a19761a5faf0ef8e","69393c09b5007de47d87c494","unknown","Uncategorized","No","No","Yes",0,0,"2025-12-10 18:06:36"
"68f9c645a19761a5faf0ef8e","69393dc2e781430d3d573384","unknown","Uncategorized","No","No","Yes",0,0,"2025-12-10 18:06:19"
"69395d5e7e46920d32ce18b6","6933fc80959341fcad4b1d33","unknown","Uncategorized","No","No","Yes",0,0,"2025-12-10 15:06:46"
"69395d5e7e46920d32ce18b6","69386b8810998c02c4ce63a9","unknown","Uncategorized","No","No","Yes",0,0,"2025-12-10 15:06:45"
"69395d5e7e46920d32ce18b6","6938f20c447698bc65553f5b","unknown","Uncategorized","No","No","Yes",0,0,"2025-12-10 15:06:38"
"69395d5e7e46920d32ce18b6","6938fced5aacf66cbd33ed67","unknown","Uncategorized","No","No","Yes",0,0,"2025-12-10 15:06:35"
"69395d5e7e46920d32ce18b6","6938fd2d5aacf66cbd33edcc","unknown","Uncategorized","No","No","Yes",0,0,"2025-12-10 15:06:34"
"69395d5e7e46920d32ce18b6","69393bc0b5007de47d87c3ec","unknown","Uncategorized","No","No","Yes",0,0,"2025-12-10 15:06:29"
"69395d5e7e46920d32ce18b6","69393ab3b5007de47d87c2c4","unknown","Uncategorized","No","No","Yes",0,0,"2025-12-10 15:06:29"
"69395d96f0a45dd338e8c592","69393dc2e781430d3d573384","unknown","Uncategorized","No","No","Yes",0,0,"2025-12-10 11:46:45"
"69395d5e7e46920d32ce18b6","69393c09b5007de47d87c494","unknown","Uncategorized","No","No","Yes",0,0,"2025-12-10 11:46:20"
"69395d5e7e46920d32ce18b6","69393dc2e781430d3d573384","unknown","Uncategorized","No","No","Yes",0,0,"2025-12-10 11:46:04"
"691587aef4af6c516dc1caed","6938f20c447698bc65553f5b","unknown","Uncategorized","No","No","Yes",0,0,"2025-12-10 10:49:08"
"691587aef4af6c516dc1caed","69393ab3b5007de47d87c2c4","unknown","Uncategorized","No","No","Yes",0,0,"2025-12-10 10:48:45"
"691587aef4af6c516dc1caed","69393bc0b5007de47d87c3ec","unknown","Uncategorized","No","No","Yes",0,0,"2025-12-10 10:48:38"
"691587aef4af6c516dc1caed","69393c09b5007de47d87c494","unknown","Uncategorized","No","No","Yes",0,0,"2025-12-10 10:47:46"
"691587aef4af6c516dc1caed","69393dc2e781430d3d573384","unknown","Uncategorized","No","No","Yes",0,0,"2025-12-10 10:47:46"
"6915845ff4af6c516dc1ae90","69393bc0b5007de47d87c3ec","unknown","Uncategorized","No","No","Yes",0,0,"2025-12-10 10:05:20"
"6915845ff4af6c516dc1ae90","69393c09b5007de47d87c494","unknown","Uncategorized","No","No","Yes",0,0,"2025-12-10 10:01:30"
"6915845ff4af6c516dc1ae90","69393dc2e781430d3d573384","unknown","Uncategorized","No","No","Yes",0,0,"2025-12-10 10:01:03"
"690054c6fb26e417408f72a7","69393dc2e781430d3d573384","unknown","Uncategorized","No","No","Yes",0,0,"2025-12-10 09:38:26"
"691474336f3817fc8d6a0c12","69393dc2e781430d3d573384","unknown","Uncategorized","No","No","Yes",0,0,"2025-12-10 09:30:53"
"691474336f3817fc8d6a0c12","69393c09b5007de47d87c494","unknown","Uncategorized","No","No","Yes",0,0,"2025-12-10 09:23:33"
"691474336f3817fc8d6a0c12","69393bc0b5007de47d87c3ec","unknown","Uncategorized","No","No","Yes",0,0,"2025-12-10 09:22:13"
"691474336f3817fc8d6a0c12","69393ab3b5007de47d87c2c4","unknown","Uncategorized","No","No","Yes",0,0,"2025-12-10 09:17:47"
"69381d92d910a3df494fda01","6938f20c447698bc65553f5b","unknown","Uncategorized","No","No","Yes",0,0,"2025-12-10 07:45:29"
"69381d92d910a3df494fda01","69386b8810998c02c4ce63a9","unknown","Uncategorized","No","No","Yes",0,0,"2025-12-10 07:45:29"
"69381d92d910a3df494fda01","6938fced5aacf66cbd33ed67","unknown","Uncategorized","No","No","Yes",0,0,"2025-12-10 07:45:08"
"69381d92d910a3df494fda01","6938fd2d5aacf66cbd33edcc","unknown","Uncategorized","No","No","Yes",0,0,"2025-12-10 07:45:08"
"691587aef4af6c516dc1caed","6938fced5aacf66cbd33ed67","unknown","Uncategorized","No","No","Yes",0,0,"2025-12-10 07:14:50"
"691587aef4af6c516dc1caed","6938fd2d5aacf66cbd33edcc","unknown","Uncategorized","No","No","Yes",0,0,"2025-12-10 07:14:48"
"690054c6fb26e417408f72a7","69386b8810998c02c4ce63a9","unknown","Uncategorized","No","No","Yes",0,0,"2025-12-10 05:17:24"
"690054c6fb26e417408f72a7","6938f20c447698bc65553f5b","unknown","Uncategorized","No","No","Yes",0,0,"2025-12-10 05:17:23"
"690054c6fb26e417408f72a7","6938fced5aacf66cbd33ed67","unknown","Uncategorized","No","No","Yes",0,0,"2025-12-10 05:17:21"
"690054c6fb26e417408f72a7","6938fd2d5aacf66cbd33edcc","unknown","Uncategorized","No","No","Yes",0,0,"2025-12-10 05:17:18"
"691474336f3817fc8d6a0c12","6933edc69de99402231df85f","unknown","Uncategorized","No","No","Yes",0,0,"2025-12-10 04:56:10"
"691474336f3817fc8d6a0c12","6933ed2a9de99402231df7d4","unknown","Uncategorized","No","No","Yes",0,0,"2025-12-10 04:56:10"
"691474336f3817fc8d6a0c12","6938fd2d5aacf66cbd33edcc","unknown","Uncategorized","No","No","Yes",0,0,"2025-12-10 04:55:13"
"691474336f3817fc8d6a0c12","6938fced5aacf66cbd33ed67","unknown","Uncategorized","No","No","Yes",0,0,"2025-12-10 04:54:16"
"691474336f3817fc8d6a0c12","69386b8810998c02c4ce63a9","unknown","Uncategorized","No","No","Yes",0,0,"2025-12-10 04:52:15"
"691474336f3817fc8d6a0c12","6938f20c447698bc65553f5b","unknown","Uncategorized","No","No","Yes",0,0,"2025-12-10 04:52:15"
"691474336f3817fc8d6a0c12","693802e5aa46ec3fde231530","unknown","Uncategorized","No","No","Yes",0,9,"2025-12-10 04:51:55"
"68edd60dff4c9aa0a69663ba","6938f20c447698bc65553f5b","unknown","Uncategorized","No","No","Yes",0,0,"2025-12-10 04:47:54"
"68edd60dff4c9aa0a69663ba","69386b8810998c02c4ce63a9","unknown","Uncategorized","No","No","Yes",0,0,"2025-12-10 04:47:54"
"6936c23fac0a820db83812f2","693802e5aa46ec3fde231530","unknown","Uncategorized","No","No","Yes",0,9,"2025-12-10 04:19:32"
"6937c1f8983b04cf1063bb15","6933eb19cd92fc1a91cb0acc","unknown","Uncategorized","No","No","Yes",0,0,"2025-12-10 04:13:51"
"6937c1f8983b04cf1063bb15","6933dccf93243f9a10fe6ced","unknown","Uncategorized","No","No","Yes",0,0,"2025-12-10 04:13:51"
"6937c1f8983b04cf1063bb15","6933ed2a9de99402231df7d4","unknown","Uncategorized","No","No","Yes",0,0,"2025-12-10 04:13:50"
"6937c1f8983b04cf1063bb15","6938f20c447698bc65553f5b","unknown","Uncategorized","No","No","Yes",0,0,"2025-12-10 04:13:25"
"6937c1f8983b04cf1063bb15","69386b8810998c02c4ce63a9","unknown","Uncategorized","No","No","Yes",0,0,"2025-12-10 04:13:25"
"6936c23fac0a820db83812f2","6938f20c447698bc65553f5b","unknown","Uncategorized","No","No","Yes",0,0,"2025-12-10 04:07:50"
"6936c23fac0a820db83812f2","69386b8810998c02c4ce63a9","unknown","Uncategorized","No","No","Yes",0,0,"2025-12-10 04:05:42"
"691587aef4af6c516dc1caed","69386b8810998c02c4ce63a9","unknown","Uncategorized","No","No","Yes",0,0,"2025-12-09 18:33:45"
"691587aef4af6c516dc1caed","693869470efea9bf419dcdb1","unknown","Uncategorized","No","No","Yes",0,0,"2025-12-09 18:24:08"
"6915845ff4af6c516dc1ae90","693802e5aa46ec3fde231530","unknown","Uncategorized","No","No","Yes",0,9,"2025-12-09 13:39:53"
"692fe09aab31c9cd9da14cef","6933dccf93243f9a10fe6ced","unknown","Uncategorized","No","No","Yes",0,0,"2025-12-09 13:08:06"
"692fe09aab31c9cd9da14cef","6933eb19cd92fc1a91cb0acc","unknown","Uncategorized","No","No","Yes",0,0,"2025-12-09 13:08:05"
"692fe09aab31c9cd9da14cef","6933ed2a9de99402231df7d4","unknown","Uncategorized","No","No","Yes",0,0,"2025-12-09 13:08:03"
"692fe09aab31c9cd9da14cef","6933edc69de99402231df85f","unknown","Uncategorized","No","No","Yes",0,0,"2025-12-09 13:08:00"
"692fe09aab31c9cd9da14cef","6933fbac3eb6c35f69778a37","unknown","Uncategorized","No","No","Yes",0,0,"2025-12-09 13:07:58"
"692fe09aab31c9cd9da14cef","6933fc80959341fcad4b1d33","unknown","Uncategorized","No","No","Yes",0,0,"2025-12-09 13:07:55"
"69381d92d910a3df494fda01","6933fbac3eb6c35f69778a37","unknown","Uncategorized","No","No","Yes",0,0,"2025-12-09 13:01:51"
"69381d92d910a3df494fda01","6933fc80959341fcad4b1d33","unknown","Uncategorized","No","No","Yes",0,0,"2025-12-09 13:01:40"
"69381a11f2f973a0c1e56090","6933dccf93243f9a10fe6ced","unknown","Uncategorized","No","No","Yes",0,0,"2025-12-09 12:46:38"
"69381a11f2f973a0c1e56090","6933eb19cd92fc1a91cb0acc","unknown","Uncategorized","No","No","Yes",0,0,"2025-12-09 12:46:37"
"69381a11f2f973a0c1e56090","6933ed2a9de99402231df7d4","unknown","Uncategorized","No","No","Yes",0,0,"2025-12-09 12:46:36"
"69381a11f2f973a0c1e56090","6933edc69de99402231df85f","unknown","Uncategorized","No","No","Yes",0,0,"2025-12-09 12:46:35"
"69381a11f2f973a0c1e56090","6933fbac3eb6c35f69778a37","unknown","Uncategorized","No","No","Yes",0,0,"2025-12-09 12:46:34"
"69381a11f2f973a0c1e56090","6933fc80959341fcad4b1d33","unknown","Uncategorized","No","No","Yes",0,0,"2025-12-09 12:46:28"
"6937d60174569ea3440a7c1a","6933dccf93243f9a10fe6ced","unknown","Uncategorized","No","No","Yes",0,0,"2025-12-09 07:56:39"
"6937d60174569ea3440a7c1a","6933eb19cd92fc1a91cb0acc","unknown","Uncategorized","No","No","Yes",0,0,"2025-12-09 07:56:37"
"6937d60174569ea3440a7c1a","6933edc69de99402231df85f","unknown","Uncategorized","No","No","Yes",0,0,"2025-12-09 07:56:35"
"6937d60174569ea3440a7c1a","6933ed2a9de99402231df7d4","unknown","Uncategorized","No","No","Yes",0,0,"2025-12-09 07:56:35"
"6937d60174569ea3440a7c1a","6933fc80959341fcad4b1d33","unknown","Uncategorized","No","No","Yes",0,0,"2025-12-09 07:56:26"
"6937d60174569ea3440a7c1a","6933fbac3eb6c35f69778a37","unknown","Uncategorized","No","No","Yes",0,0,"2025-12-09 07:56:26"
"6937d54174569ea3440a7bc1","6933fc80959341fcad4b1d33","unknown","Uncategorized","No","No","Yes",0,0,"2025-12-09 07:53:04"
"6937d318cf808e0095af1d73","6933eb19cd92fc1a91cb0acc","unknown","Uncategorized","No","No","Yes",0,0,"2025-12-09 07:49:30"
"6937d318cf808e0095af1d73","6933dccf93243f9a10fe6ced","unknown","Uncategorized","No","No","Yes",0,0,"2025-12-09 07:49:28"
"6937d318cf808e0095af1d73","6933ed2a9de99402231df7d4","unknown","Uncategorized","No","No","Yes",0,0,"2025-12-09 07:48:24"
"6937d318cf808e0095af1d73","6933fbac3eb6c35f69778a37","unknown","Uncategorized","No","No","Yes",0,0,"2025-12-09 07:48:22"
"6937d318cf808e0095af1d73","6933edc69de99402231df85f","unknown","Uncategorized","No","No","Yes",0,0,"2025-12-09 07:48:22"
"6937d318cf808e0095af1d73","6933fc80959341fcad4b1d33","unknown","Uncategorized","No","No","Yes",0,0,"2025-12-09 07:48:11"
"6937d2cacf808e0095af1d6a","6933ed2a9de99402231df7d4","unknown","Uncategorized","No","No","Yes",0,0,"2025-12-09 07:48:00"
"6937d2cacf808e0095af1d6a","6933dccf93243f9a10fe6ced","unknown","Uncategorized","No","No","Yes",0,0,"2025-12-09 07:47:50"
"6937d2cacf808e0095af1d6a","6933eb19cd92fc1a91cb0acc","unknown","Uncategorized","No","No","Yes",0,0,"2025-12-09 07:47:50"
"6937d2cacf808e0095af1d6a","6933fbac3eb6c35f69778a37","unknown","Uncategorized","No","No","Yes",0,0,"2025-12-09 07:47:43"
"6937d2cacf808e0095af1d6a","6933edc69de99402231df85f","unknown","Uncategorized","No","No","Yes",0,0,"2025-12-09 07:47:43"
"6937d2cacf808e0095af1d6a","6933fc80959341fcad4b1d33","unknown","Uncategorized","No","No","Yes",0,0,"2025-12-09 07:47:36"
"6937c32b983b04cf1063c096","6933fbac3eb6c35f69778a37","unknown","Uncategorized","No","No","Yes",0,0,"2025-12-09 06:37:53"
"6937c32b983b04cf1063c096","6933fc80959341fcad4b1d33","unknown","Uncategorized","No","No","Yes",0,0,"2025-12-09 06:37:44"
"6937c325983b04cf1063c08c","6933fbac3eb6c35f69778a37","unknown","Uncategorized","No","No","Yes",0,0,"2025-12-09 06:36:08"
"6937c329983b04cf1063c091","6933fbac3eb6c35f69778a37","unknown","Uncategorized","No","No","Yes",0,0,"2025-12-09 06:36:08"
"6937c325983b04cf1063c08c","6933fc80959341fcad4b1d33","unknown","Uncategorized","No","No","Yes",0,0,"2025-12-09 06:35:56"
"6937c329983b04cf1063c091","6933fc80959341fcad4b1d33","unknown","Uncategorized","No","No","Yes",0,0,"2025-12-09 06:35:45"
"6937c312983b04cf1063c04b","6933fc80959341fcad4b1d33","unknown","Uncategorized","No","No","Yes",0,0,"2025-12-09 06:35:17"
"6931ab3c4786350cb3f6821d","6933fc80959341fcad4b1d33","unknown","Uncategorized","No","No","Yes",0,0,"2025-12-09 06:34:48"
"6937c2bf983b04cf1063bdd3","6933dccf93243f9a10fe6ced","unknown","Uncategorized","No","No","Yes",0,0,"2025-12-09 06:34:35"
"6937c2bf983b04cf1063bdd3","6933eb19cd92fc1a91cb0acc","unknown","Uncategorized","No","No","Yes",0,0,"2025-12-09 06:34:35"
"6937c2bf983b04cf1063bdd3","6933edc69de99402231df85f","unknown","Uncategorized","No","No","Yes",0,0,"2025-12-09 06:34:35"
"6937c2bf983b04cf1063bdd3","6933ed2a9de99402231df7d4","unknown","Uncategorized","No","No","Yes",0,0,"2025-12-09 06:34:35"
"6937c2bf983b04cf1063bdd3","6933fbac3eb6c35f69778a37","unknown","Uncategorized","No","No","Yes",0,0,"2025-12-09 06:34:35"
"6937c2dc983b04cf1063bf69","6933fc80959341fcad4b1d33","unknown","Uncategorized","No","No","Yes",0,0,"2025-12-09 06:34:32"
"6937c2c8983b04cf1063be13","6933eb19cd92fc1a91cb0acc","unknown","Uncategorized","No","No","Yes",0,0,"2025-12-09 06:34:24"
"6937c2c8983b04cf1063be13","6933dccf93243f9a10fe6ced","unknown","Uncategorized","No","No","Yes",0,0,"2025-12-09 06:34:24"
"6937c2c8983b04cf1063be13","6933ed2a9de99402231df7d4","unknown","Uncategorized","No","No","Yes",0,0,"2025-12-09 06:34:15"
"6937c2c8983b04cf1063be13","6933edc69de99402231df85f","unknown","Uncategorized","No","No","Yes",0,0,"2025-12-09 06:34:15"
"6937c2c8983b04cf1063be13","6933fbac3eb6c35f69778a37","unknown","Uncategorized","No","No","Yes",0,0,"2025-12-09 06:34:15"
"6937c2bf983b04cf1063bdd3","6933fc80959341fcad4b1d33","unknown","Uncategorized","No","No","Yes",0,0,"2025-12-09 06:34:00"
"6937c2c8983b04cf1063be13","6933fc80959341fcad4b1d33","unknown","Uncategorized","No","No","Yes",0,0,"2025-12-09 06:33:56"
"6937c2b3983b04cf1063bdbd","6933edc69de99402231df85f","unknown","Uncategorized","No","No","Yes",0,0,"2025-12-09 06:33:50"
"6937c2b3983b04cf1063bdbd","6933fbac3eb6c35f69778a37","unknown","Uncategorized","No","No","Yes",0,0,"2025-12-09 06:33:42"
"6937c2b3983b04cf1063bdbd","6933fc80959341fcad4b1d33","unknown","Uncategorized","No","No","Yes",0,0,"2025-12-09 06:33:36"
"6937c279983b04cf1063bd29","6933fbac3eb6c35f69778a37","unknown","Uncategorized","No","No","Yes",0,0,"2025-12-09 06:33:19"
"6937c234983b04cf1063bc2e","6933dccf93243f9a10fe6ced","unknown","Uncategorized","No","No","Yes",0,0,"2025-12-09 06:33:15"
"6937c279983b04cf1063bd29","6933fc80959341fcad4b1d33","unknown","Uncategorized","No","No","Yes",0,0,"2025-12-09 06:32:51"
"6937c234983b04cf1063bc2e","6933eb19cd92fc1a91cb0acc","unknown","Uncategorized","No","No","Yes",0,0,"2025-12-09 06:32:41"
"6937c234983b04cf1063bc2e","6933ed2a9de99402231df7d4","unknown","Uncategorized","No","No","Yes",0,0,"2025-12-09 06:32:34"
"6937c234983b04cf1063bc2e","6933edc69de99402231df85f","unknown","Uncategorized","No","No","Yes",0,0,"2025-12-09 06:32:30"
"6937c234983b04cf1063bc2e","6933fbac3eb6c35f69778a37","unknown","Uncategorized","No","No","Yes",0,0,"2025-12-09 06:32:29"
"6937c228983b04cf1063bbe7","6933ed2a9de99402231df7d4","unknown","Uncategorized","No","No","Yes",0,0,"2025-12-09 06:32:00"
"6937c228983b04cf1063bbe7","6933dccf93243f9a10fe6ced","unknown","Uncategorized","No","No","Yes",0,0,"2025-12-09 06:32:00"
"6937c246983b04cf1063bc46","6933fbac3eb6c35f69778a37","unknown","Uncategorized","No","No","Yes",0,0,"2025-12-09 06:32:00"
"6937c228983b04cf1063bbe7","6933eb19cd92fc1a91cb0acc","unknown","Uncategorized","No","No","Yes",0,0,"2025-12-09 06:31:59"
"6937c228983b04cf1063bbe7","6933edc69de99402231df85f","unknown","Uncategorized","No","No","Yes",0,0,"2025-12-09 06:31:55"
"6937c234983b04cf1063bc2e","6933fc80959341fcad4b1d33","unknown","Uncategorized","No","No","Yes",0,0,"2025-12-09 06:31:54"
"6937c228983b04cf1063bbe7","6933fbac3eb6c35f69778a37","unknown","Uncategorized","No","No","Yes",0,0,"2025-12-09 06:31:53"
"6937c246983b04cf1063bc46","6933fc80959341fcad4b1d33","unknown","Uncategorized","No","No","Yes",0,0,"2025-12-09 06:31:51"
"6937c228983b04cf1063bbe7","6933fc80959341fcad4b1d33","unknown","Uncategorized","No","No","Yes",0,0,"2025-12-09 06:31:36"
"6937c200983b04cf1063bb1f","6933eb19cd92fc1a91cb0acc","unknown","Uncategorized","No","No","Yes",0,0,"2025-12-09 06:30:49"
"6937c200983b04cf1063bb1f","6933dccf93243f9a10fe6ced","unknown","Uncategorized","No","No","Yes",0,0,"2025-12-09 06:30:49"
"6937c200983b04cf1063bb1f","6933ed2a9de99402231df7d4","unknown","Uncategorized","No","No","Yes",0,0,"2025-12-09 06:30:48"
"6937c200983b04cf1063bb1f","6933fbac3eb6c35f69778a37","unknown","Uncategorized","No","No","Yes",0,0,"2025-12-09 06:30:47"
"6937c1f8983b04cf1063bb15","6933edc69de99402231df85f","unknown","Uncategorized","No","No","Yes",0,0,"2025-12-09 06:30:47"
"6937c200983b04cf1063bb1f","6933edc69de99402231df85f","unknown","Uncategorized","No","No","Yes",0,0,"2025-12-09 06:30:47"
"6937c1f8983b04cf1063bb15","6933fbac3eb6c35f69778a37","unknown","Uncategorized","No","No","Yes",0,0,"2025-12-09 06:30:45"
"6937c1f8983b04cf1063bb15","6933fc80959341fcad4b1d33","unknown","Uncategorized","No","No","Yes",0,0,"2025-12-09 06:30:37"
"6937c200983b04cf1063bb1f","6933fc80959341fcad4b1d33","unknown","Uncategorized","No","No","Yes",0,0,"2025-12-09 06:30:37"
"692d422e47ee8ca6980865f4","6933eb19cd92fc1a91cb0acc","unknown","Uncategorized","No","No","Yes",0,0,"2025-12-09 06:29:15"
"692d422e47ee8ca6980865f4","6933dccf93243f9a10fe6ced","unknown","Uncategorized","No","No","Yes",0,0,"2025-12-09 06:29:15"
"692d422e47ee8ca6980865f4","6933ed2a9de99402231df7d4","unknown","Uncategorized","No","No","Yes",0,0,"2025-12-09 06:29:12"
"692d422e47ee8ca6980865f4","6933edc69de99402231df85f","unknown","Uncategorized","No","No","Yes",0,0,"2025-12-09 06:29:11"
"692d422e47ee8ca6980865f4","6933fbac3eb6c35f69778a37","unknown","Uncategorized","No","No","Yes",0,0,"2025-12-09 06:29:09"
"692d422e47ee8ca6980865f4","6933fc80959341fcad4b1d33","unknown","Uncategorized","No","No","Yes",0,0,"2025-12-09 06:28:41"
"692d3dcc0d9c292db83ac9f7","6933fbac3eb6c35f69778a37","unknown","Uncategorized","No","No","Yes",0,0,"2025-12-09 06:28:04"
"692d3dcc0d9c292db83ac9f7","6933fc80959341fcad4b1d33","unknown","Uncategorized","No","No","Yes",0,0,"2025-12-09 06:27:58"
"692d3dd50d9c292db83aca02","6933dccf93243f9a10fe6ced","unknown","Uncategorized","No","No","Yes",0,0,"2025-12-09 06:27:27"
"692d3dd50d9c292db83aca02","6933eb19cd92fc1a91cb0acc","unknown","Uncategorized","No","No","Yes",0,0,"2025-12-09 06:27:25"
"692d3dd50d9c292db83aca02","6933ed2a9de99402231df7d4","unknown","Uncategorized","No","No","Yes",0,0,"2025-12-09 06:22:15"
"692d3dd50d9c292db83aca02","6933edc69de99402231df85f","unknown","Uncategorized","No","No","Yes",0,0,"2025-12-09 06:22:08"
"692d3dd50d9c292db83aca02","6933fbac3eb6c35f69778a37","unknown","Uncategorized","No","No","Yes",0,0,"2025-12-09 06:21:54"
"692d3dd50d9c292db83aca02","6933fc80959341fcad4b1d33","unknown","Uncategorized","No","No","Yes",0,0,"2025-12-09 06:21:44"
"6937b41cfb12eeafa7cb1620","6933dccf93243f9a10fe6ced","unknown","Uncategorized","No","No","Yes",0,0,"2025-12-09 06:19:20"
"6937bee78cb0aa69d0857127","6933dccf93243f9a10fe6ced","unknown","Uncategorized","No","No","Yes",0,0,"2025-12-09 06:17:55"
"6937bee78cb0aa69d0857127","6933eb19cd92fc1a91cb0acc","unknown","Uncategorized","No","No","Yes",0,0,"2025-12-09 06:17:52"
"6937bee78cb0aa69d0857127","6933ed2a9de99402231df7d4","unknown","Uncategorized","No","No","Yes",0,0,"2025-12-09 06:17:51"
"6937bee78cb0aa69d0857127","6933edc69de99402231df85f","unknown","Uncategorized","No","No","Yes",0,0,"2025-12-09 06:17:48"
"6937bee78cb0aa69d0857127","6933fbac3eb6c35f69778a37","unknown","Uncategorized","No","No","Yes",0,0,"2025-12-09 06:17:40"
"6937bee78cb0aa69d0857127","6933fc80959341fcad4b1d33","unknown","Uncategorized","No","No","Yes",0,0,"2025-12-09 06:17:40"
"6937b41cfb12eeafa7cb1620","6933eb19cd92fc1a91cb0acc","unknown","Uncategorized","No","No","Yes",0,0,"2025-12-09 06:14:50"
"6937b41cfb12eeafa7cb1620","6933ed2a9de99402231df7d4","unknown","Uncategorized","No","No","Yes",0,0,"2025-12-09 06:14:48"
"6931ac7b4786350cb3f68268","6933dccf93243f9a10fe6ced","unknown","Uncategorized","No","No","Yes",0,0,"2025-12-09 05:45:13"
"6931ac7b4786350cb3f68268","6933eb19cd92fc1a91cb0acc","unknown","Uncategorized","No","No","Yes",0,0,"2025-12-09 05:45:11"
"6931ac7b4786350cb3f68268","6933ed2a9de99402231df7d4","unknown","Uncategorized","No","No","Yes",0,0,"2025-12-09 05:45:10"
"6931ac7b4786350cb3f68268","6933edc69de99402231df85f","unknown","Uncategorized","No","No","Yes",0,0,"2025-12-09 05:45:07"
"6931ac7b4786350cb3f68268","6933fbac3eb6c35f69778a37","unknown","Uncategorized","No","No","Yes",0,0,"2025-12-09 05:45:03"
"6931ac7b4786350cb3f68268","6933fc80959341fcad4b1d33","unknown","Uncategorized","No","No","Yes",0,0,"2025-12-09 05:44:47"
"6937b41cfb12eeafa7cb1620","6933fbac3eb6c35f69778a37","unknown","Uncategorized","No","No","Yes",0,0,"2025-12-09 05:42:17"
"6937b41cfb12eeafa7cb1620","6933edc69de99402231df85f","unknown","Uncategorized","No","No","Yes",0,0,"2025-12-09 05:42:17"
"6937b41cfb12eeafa7cb1620","6933fc80959341fcad4b1d33","unknown","Uncategorized","No","No","Yes",0,0,"2025-12-09 05:31:22"
"6933ece9c2d8b8efc857cbb2","6933edc69de99402231df85f","unknown","Uncategorized","No","No","Yes",0,0,"2025-12-09 05:19:48"
"6933ece9c2d8b8efc857cbb2","6933fbac3eb6c35f69778a37","unknown","Uncategorized","No","No","Yes",0,0,"2025-12-09 05:19:42"
"6933ece9c2d8b8efc857cbb2","6933fc80959341fcad4b1d33","unknown","Uncategorized","No","No","Yes",0,0,"2025-12-09 05:16:43"
"691c0e526b68b5bc9f69ffd3","6933eb19cd92fc1a91cb0acc","unknown","Uncategorized","No","No","Yes",0,0,"2025-12-08 18:03:18"
"691c0e526b68b5bc9f69ffd3","6933dccf93243f9a10fe6ced","unknown","Uncategorized","No","No","Yes",0,0,"2025-12-08 18:03:18"
"691c0e526b68b5bc9f69ffd3","6933fbac3eb6c35f69778a37","unknown","Uncategorized","No","No","Yes",0,0,"2025-12-08 18:03:02"
"691c0e526b68b5bc9f69ffd3","6933edc69de99402231df85f","unknown","Uncategorized","No","No","Yes",0,0,"2025-12-08 18:03:02"
"691c0e526b68b5bc9f69ffd3","6933ed2a9de99402231df7d4","unknown","Uncategorized","No","No","Yes",0,0,"2025-12-08 18:03:02"
"691c0e526b68b5bc9f69ffd3","6933fc80959341fcad4b1d33","unknown","Uncategorized","No","No","Yes",0,0,"2025-12-08 18:02:50"
"693062180d6b00925df07656","69370a02d6071b7141d133c4","unknown","Uncategorized","No","No","Yes",0,0,"2025-12-08 17:25:37"
"693062180d6b00925df07656","6933dccf93243f9a10fe6ced","unknown","Uncategorized","No","No","Yes",0,0,"2025-12-08 17:21:57"
"693062180d6b00925df07656","6933eb19cd92fc1a91cb0acc","unknown","Uncategorized","No","No","Yes",0,0,"2025-12-08 17:21:53"
"693062180d6b00925df07656","6933ed2a9de99402231df7d4","unknown","Uncategorized","No","No","Yes",0,0,"2025-12-08 17:21:48"
"693062180d6b00925df07656","6933edc69de99402231df85f","unknown","Uncategorized","No","No","Yes",0,0,"2025-12-08 17:21:33"
"6909ef4b3c6874ef786b2267","6933dccf93243f9a10fe6ced","unknown","Uncategorized","No","No","Yes",0,0,"2025-12-08 15:16:17"
"6909ef4b3c6874ef786b2267","6933eb19cd92fc1a91cb0acc","unknown","Uncategorized","No","No","Yes",0,0,"2025-12-08 15:14:48"
"6909ef4b3c6874ef786b2267","6933ed2a9de99402231df7d4","unknown","Uncategorized","No","No","Yes",0,0,"2025-12-08 15:14:37"
"6909ef4b3c6874ef786b2267","6933edc69de99402231df85f","unknown","Uncategorized","No","No","Yes",0,0,"2025-12-08 15:14:35"
"6909ef4b3c6874ef786b2267","6933fbac3eb6c35f69778a37","unknown","Uncategorized","No","No","Yes",0,0,"2025-12-08 15:14:34"
"6909ef4b3c6874ef786b2267","6933fc80959341fcad4b1d33","unknown","Uncategorized","No","No","Yes",0,0,"2025-12-08 15:13:58"
"6936c23fac0a820db83812f2","6933dccf93243f9a10fe6ced","unknown","Uncategorized","No","No","Yes",0,0,"2025-12-08 12:20:33"
"6936c23fac0a820db83812f2","6933eb19cd92fc1a91cb0acc","unknown","Uncategorized","No","No","Yes",0,0,"2025-12-08 12:20:30"
"6936c23fac0a820db83812f2","6933ed2a9de99402231df7d4","unknown","Uncategorized","No","No","Yes",0,0,"2025-12-08 12:20:16"
"6936c23fac0a820db83812f2","6933edc69de99402231df85f","unknown","Uncategorized","No","No","Yes",0,0,"2025-12-08 12:20:02"
"6936c23fac0a820db83812f2","6933fbac3eb6c35f69778a37","unknown","Uncategorized","No","No","Yes",0,0,"2025-12-08 12:19:58"
"6936c23fac0a820db83812f2","6933fc80959341fcad4b1d33","unknown","Uncategorized","No","No","Yes",0,0,"2025-12-08 12:19:41"
"693062180d6b00925df07656","6933fbac3eb6c35f69778a37","unknown","Uncategorized","No","No","Yes",0,0,"2025-12-08 10:36:20"
"693062180d6b00925df07656","6933fc80959341fcad4b1d33","unknown","Uncategorized","No","No","Yes",0,0,"2025-12-08 10:36:11"
"6936a497a148b2aae538ac89","6933ed2a9de99402231df7d4","unknown","Uncategorized","No","No","Yes",0,0,"2025-12-08 10:13:02"
"6936a497a148b2aae538ac89","6933edc69de99402231df85f","unknown","Uncategorized","No","No","Yes",0,0,"2025-12-08 10:13:01"
"6936a497a148b2aae538ac89","6933fbac3eb6c35f69778a37","unknown","Uncategorized","No","No","Yes",0,0,"2025-12-08 10:13:00"
"6936a497a148b2aae538ac89","6933fc80959341fcad4b1d33","unknown","Uncategorized","No","No","Yes",0,0,"2025-12-08 10:12:52"
"6936545652344ce5623fc626","6933dccf93243f9a10fe6ced","unknown","Uncategorized","No","No","Yes",0,0,"2025-12-08 04:43:35"
"693656911588a8f46e2c84cb","6933fc80959341fcad4b1d33","unknown","Uncategorized","No","No","Yes",0,0,"2025-12-08 04:39:59"
"6936545852344ce5623fc62b","6933fbac3eb6c35f69778a37","unknown","Uncategorized","No","No","Yes",0,0,"2025-12-08 04:33:43"
"693654e6f48d239aa6de5ad2","6933edc69de99402231df85f","unknown","Uncategorized","No","No","Yes",0,0,"2025-12-08 04:33:21"
"693654e6f48d239aa6de5ad2","6933fbac3eb6c35f69778a37","unknown","Uncategorized","No","No","Yes",0,0,"2025-12-08 04:33:20"
"693654e6f48d239aa6de5ad2","6933fc80959341fcad4b1d33","unknown","Uncategorized","No","No","Yes",0,0,"2025-12-08 04:33:02"
"6936545d52344ce5623fc631","6933eb19cd92fc1a91cb0acc","unknown","Uncategorized","No","No","Yes",0,0,"2025-12-08 04:32:05"
"6936545d52344ce5623fc631","6933dccf93243f9a10fe6ced","unknown","Uncategorized","No","No","Yes",0,0,"2025-12-08 04:32:05"
"6915845ff4af6c516dc1ae90","6933dccf93243f9a10fe6ced","unknown","Uncategorized","No","No","Yes",0,0,"2025-12-08 04:31:23"
"6915845ff4af6c516dc1ae90","6933ed2a9de99402231df7d4","unknown","Uncategorized","No","No","Yes",0,0,"2025-12-08 04:31:22"
"6915845ff4af6c516dc1ae90","6933eb19cd92fc1a91cb0acc","unknown","Uncategorized","No","No","Yes",0,0,"2025-12-08 04:31:22"
"6936545d52344ce5623fc631","6933ed2a9de99402231df7d4","unknown","Uncategorized","No","No","Yes",0,0,"2025-12-08 04:31:21"
"6936545d52344ce5623fc631","6933edc69de99402231df85f","unknown","Uncategorized","No","No","Yes",0,0,"2025-12-08 04:31:18"
"6915845ff4af6c516dc1ae90","6933edc69de99402231df85f","unknown","Uncategorized","No","No","Yes",0,0,"2025-12-08 04:31:09"
"6936545652344ce5623fc626","6933eb19cd92fc1a91cb0acc","unknown","Uncategorized","No","No","Yes",0,0,"2025-12-08 04:31:08"
"6915845ff4af6c516dc1ae90","6933fbac3eb6c35f69778a37","unknown","Uncategorized","No","No","Yes",0,0,"2025-12-08 04:31:05"
"6936545652344ce5623fc626","6933ed2a9de99402231df7d4","unknown","Uncategorized","No","No","Yes",0,0,"2025-12-08 04:30:58"
"6936545d52344ce5623fc631","6933fbac3eb6c35f69778a37","unknown","Uncategorized","No","No","Yes",0,0,"2025-12-08 04:30:56"
"6936545652344ce5623fc626","6933edc69de99402231df85f","unknown","Uncategorized","No","No","Yes",0,0,"2025-12-08 04:30:54"
"6936545652344ce5623fc626","6933fbac3eb6c35f69778a37","unknown","Uncategorized","No","No","Yes",0,0,"2025-12-08 04:30:49"
"6915845ff4af6c516dc1ae90","6933fc80959341fcad4b1d33","unknown","Uncategorized","No","No","Yes",0,0,"2025-12-08 04:30:48"
"6936545d52344ce5623fc631","6933fc80959341fcad4b1d33","unknown","Uncategorized","No","No","Yes",0,0,"2025-12-08 04:30:46"
"6936545852344ce5623fc62b","6933fc80959341fcad4b1d33","unknown","Uncategorized","No","No","Yes",0,0,"2025-12-08 04:30:36"
"6936545652344ce5623fc626","6933fc80959341fcad4b1d33","unknown","Uncategorized","No","No","Yes",0,0,"2025-12-08 04:30:31"
"690054c6fb26e417408f72a7","6933fc80959341fcad4b1d33","unknown","Uncategorized","No","No","Yes",0,0,"2025-12-06 09:53:03"
"691474336f3817fc8d6a0c12","6933fbac3eb6c35f69778a37","unknown","Uncategorized","No","No","Yes",0,0,"2025-12-06 09:52:21"
"691474336f3817fc8d6a0c12","6933fc80959341fcad4b1d33","unknown","Uncategorized","No","No","Yes",0,0,"2025-12-06 09:52:21"
"691587aef4af6c516dc1caed","6933fc80959341fcad4b1d33","unknown","Uncategorized","No","No","Yes",0,0,"2025-12-06 09:51:01"
"691587aef4af6c516dc1caed","6933fbac3eb6c35f69778a37","unknown","Uncategorized","No","No","Yes",0,0,"2025-12-06 09:50:11"
"690054c6fb26e417408f72a7","6933fbac3eb6c35f69778a37","unknown","Uncategorized","No","No","Yes",0,0,"2025-12-06 09:47:26"
"691587aef4af6c516dc1caed","6933dccf93243f9a10fe6ced","unknown","Uncategorized","No","No","Yes",0,0,"2025-12-06 09:43:08"
"691587aef4af6c516dc1caed","6933eb19cd92fc1a91cb0acc","unknown","Uncategorized","No","No","Yes",0,0,"2025-12-06 09:43:02"
"691587aef4af6c516dc1caed","6933ed2a9de99402231df7d4","unknown","Uncategorized","No","No","Yes",0,0,"2025-12-06 09:43:00"
"691587aef4af6c516dc1caed","6933edc69de99402231df85f","unknown","Uncategorized","No","No","Yes",0,0,"2025-12-06 09:42:29"
"690054c6fb26e417408f72a7","6933edc69de99402231df85f","unknown","Uncategorized","No","No","Yes",0,0,"2025-12-06 08:56:00"
"692fe8270885146babcbd23f","6933ed2a9de99402231df7d4","unknown","Uncategorized","No","No","Yes",0,0,"2025-12-06 08:49:57"
"690054c6fb26e417408f72a7","6933ed2a9de99402231df7d4","unknown","Uncategorized","No","No","Yes",0,0,"2025-12-06 08:46:04"
"6933ece9c2d8b8efc857cbb2","6933eb19cd92fc1a91cb0acc","unknown","Uncategorized","No","No","Yes",0,0,"2025-12-06 08:44:56"
"6933ece9c2d8b8efc857cbb2","6933dccf93243f9a10fe6ced","unknown","Uncategorized","No","No","Yes",0,0,"2025-12-06 08:44:56"
"692fe8230885146babcbd238","6933eb19cd92fc1a91cb0acc","unknown","Uncategorized","No","No","Yes",0,0,"2025-12-06 08:42:32"
"692fe8230885146babcbd238","6933dccf93243f9a10fe6ced","unknown","Uncategorized","No","No","Yes",0,0,"2025-12-06 08:42:32"
"691474336f3817fc8d6a0c12","6933eb19cd92fc1a91cb0acc","unknown","Uncategorized","No","No","Yes",0,0,"2025-12-06 08:38:06"
"692fe85e0885146babcbd2df","6933eb19cd92fc1a91cb0acc","unknown","Uncategorized","No","No","Yes",0,0,"2025-12-06 08:36:57"
"692fe85e0885146babcbd2df","6933dccf93243f9a10fe6ced","unknown","Uncategorized","No","No","Yes",0,0,"2025-12-06 08:36:57"
"692fe83e0885146babcbd251","6933eb19cd92fc1a91cb0acc","unknown","Uncategorized","No","No","Yes",0,0,"2025-12-06 08:36:45"
"692fe83e0885146babcbd251","6933dccf93243f9a10fe6ced","unknown","Uncategorized","No","No","Yes",0,0,"2025-12-06 08:36:45"
"692fe8270885146babcbd23f","6933eb19cd92fc1a91cb0acc","unknown","Uncategorized","No","No","Yes",0,0,"2025-12-06 08:36:42"
"692fe8270885146babcbd23f","6933dccf93243f9a10fe6ced","unknown","Uncategorized","No","No","Yes",0,0,"2025-12-06 08:36:42"
"691474336f3817fc8d6a0c12","6933dccf93243f9a10fe6ced","unknown","Uncategorized","No","No","Yes",0,0,"2025-12-06 08:35:51"
"690054c6fb26e417408f72a7","6933eb19cd92fc1a91cb0acc","unknown","Uncategorized","No","No","Yes",0,0,"2025-12-06 08:34:55"
"690054c6fb26e417408f72a7","6933dccf93243f9a10fe6ced","unknown","Uncategorized","No","No","Yes",0,0,"2025-12-06 07:35:48"
"690054c6fb26e417408f72a7","6933bdad9de99402231de3a3","unknown","Uncategorized","No","No","Yes",0,0,"2025-12-06 05:23:05"
"69325c66245f445b9e2409d2","692fbee337d405cd33a8ef9e","unknown","Uncategorized","No","No","Yes",0,0,"2025-12-05 04:16:26"
"69325c66245f445b9e2409d2","692fbe8b37d405cd33a8ef9a","unknown","Uncategorized","No","No","Yes",0,0,"2025-12-05 04:16:26"
"6931ac7b4786350cb3f68268","692701792a72cd99b2b77c52","unknown","Uncategorized","No","No","Yes",0,0,"2025-12-04 15:46:29"
"6931ac7b4786350cb3f68268","6927033c93c40cf8032c746f","unknown","Uncategorized","No","No","Yes",0,0,"2025-12-04 15:46:28"
"6931ac7b4786350cb3f68268","6927d47657b0a83f177eeed3","unknown","Uncategorized","No","No","Yes",0,0,"2025-12-04 15:46:21"
"6931ac7b4786350cb3f68268","692fbee337d405cd33a8ef9e","unknown","Uncategorized","No","No","Yes",0,0,"2025-12-04 15:46:04"
"6931ac7b4786350cb3f68268","692fbe8b37d405cd33a8ef9a","unknown","Uncategorized","No","No","Yes",0,0,"2025-12-04 15:46:04"
"6931ab3c4786350cb3f6821d","6927033c93c40cf8032c746f","unknown","Uncategorized","No","No","Yes",0,0,"2025-12-04 15:41:31"
"6931ab3c4786350cb3f6821d","6927d47657b0a83f177eeed3","unknown","Uncategorized","No","No","Yes",0,0,"2025-12-04 15:40:59"
"6931ab3c4786350cb3f6821d","692fbee337d405cd33a8ef9e","unknown","Uncategorized","No","No","Yes",0,0,"2025-12-04 15:40:42"
"6931ab3c4786350cb3f6821d","692fbe8b37d405cd33a8ef9a","unknown","Uncategorized","No","No","Yes",0,0,"2025-12-04 15:40:42"
"692fe85e0885146babcbd2df","6927033c93c40cf8032c746f","unknown","Uncategorized","No","No","Yes",0,0,"2025-12-04 07:14:00"
"692fe85e0885146babcbd2df","692fbee337d405cd33a8ef9e","unknown","Uncategorized","No","No","Yes",0,0,"2025-12-04 07:13:49"
"692fe85e0885146babcbd2df","692fbe8b37d405cd33a8ef9a","unknown","Uncategorized","No","No","Yes",0,0,"2025-12-04 07:13:49"
"691474336f3817fc8d6a0c12","692fbe8b37d405cd33a8ef9a","unknown","Uncategorized","No","No","Yes",0,0,"2025-12-04 04:52:54"
"691474336f3817fc8d6a0c12","692fbee337d405cd33a8ef9e","unknown","Uncategorized","No","No","Yes",0,0,"2025-12-04 04:52:54"
"6909ef4b3c6874ef786b2267","692fbee337d405cd33a8ef9e","unknown","Uncategorized","No","No","Yes",0,0,"2025-12-03 18:45:02"
"6909ef4b3c6874ef786b2267","692fbe8b37d405cd33a8ef9a","unknown","Uncategorized","No","No","Yes",0,0,"2025-12-03 18:45:02"
"6930636d0d6b00925df07745","6925ba00b228bd632a2c6aa3","unknown","Uncategorized","No","No","Yes",0,0,"2025-12-03 16:44:36"
"6930636d0d6b00925df07745","692682c990374dac3474179a","unknown","Uncategorized","No","No","Yes",0,0,"2025-12-03 16:44:34"
"6930636d0d6b00925df07745","6926888cb3a19a14b8182426","unknown","Uncategorized","No","No","Yes",0,0,"2025-12-03 16:44:33"
"6930636d0d6b00925df07745","692700835e85385a659d27d8","unknown","Uncategorized","No","No","Yes",0,0,"2025-12-03 16:44:31"
"6930636d0d6b00925df07745","692701792a72cd99b2b77c52","unknown","Uncategorized","No","No","Yes",0,0,"2025-12-03 16:44:30"
"6930636d0d6b00925df07745","6927033c93c40cf8032c746f","unknown","Uncategorized","No","No","Yes",0,0,"2025-12-03 16:44:27"
"6930636d0d6b00925df07745","6927d47657b0a83f177eeed3","unknown","Uncategorized","No","No","Yes",0,0,"2025-12-03 16:44:24"
"6930636d0d6b00925df07745","692fbe8b37d405cd33a8ef9a","unknown","Uncategorized","No","No","Yes",0,0,"2025-12-03 16:44:21"
"6930636d0d6b00925df07745","692fbee337d405cd33a8ef9e","unknown","Uncategorized","No","No","Yes",0,0,"2025-12-03 16:43:18"
"693063df90e4378aed0e51dd","6923f2e697388df402832902","unknown","Uncategorized","No","No","Yes",0,0,"2025-12-03 16:25:01"
"693063df90e4378aed0e51dd","6923f2c097388df4028328db","unknown","Uncategorized","No","No","Yes",0,0,"2025-12-03 16:25:01"
"693063df90e4378aed0e51dd","6923f2a597388df40283282f","unknown","Uncategorized","No","No","Yes",0,0,"2025-12-03 16:25:01"
"693063df90e4378aed0e51dd","6923f20a7f49e85123855e84","unknown","Uncategorized","No","No","Yes",0,0,"2025-12-03 16:25:01"
"693063df90e4378aed0e51dd","692428b3245b159f8dfd55dd","unknown","Uncategorized","No","No","Yes",0,0,"2025-12-03 16:25:00"
"693063df90e4378aed0e51dd","6923fb8097388df402832ef6","unknown","Uncategorized","No","No","Yes",0,0,"2025-12-03 16:25:00"
"693063df90e4378aed0e51dd","69253f7a97388df40283a842","unknown","Uncategorized","No","No","Yes",0,0,"2025-12-03 16:24:59"
"693063df90e4378aed0e51dd","69253a29b4a29881e7af7d1b","unknown","Uncategorized","No","No","Yes",0,0,"2025-12-03 16:24:59"
"693063df90e4378aed0e51dd","69254b2697388df40283d709","unknown","Uncategorized","No","No","Yes",0,0,"2025-12-03 16:24:58"
"693063df90e4378aed0e51dd","692701792a72cd99b2b77c52","unknown","Uncategorized","No","No","Yes",0,0,"2025-12-03 16:24:44"
"693063df90e4378aed0e51dd","692700835e85385a659d27d8","unknown","Uncategorized","No","No","Yes",0,0,"2025-12-03 16:24:44"
"693063df90e4378aed0e51dd","6925ba00b228bd632a2c6aa3","unknown","Uncategorized","No","No","Yes",0,0,"2025-12-03 16:24:44"
"693063df90e4378aed0e51dd","692682c990374dac3474179a","unknown","Uncategorized","No","No","Yes",0,0,"2025-12-03 16:24:44"
"693063df90e4378aed0e51dd","6926888cb3a19a14b8182426","unknown","Uncategorized","No","No","Yes",0,0,"2025-12-03 16:24:44"
"693063df90e4378aed0e51dd","6927033c93c40cf8032c746f","unknown","Uncategorized","No","No","Yes",0,0,"2025-12-03 16:23:56"
"693063df90e4378aed0e51dd","6927d47657b0a83f177eeed3","unknown","Uncategorized","No","No","Yes",0,0,"2025-12-03 16:23:52"
"693063df90e4378aed0e51dd","692fbe8b37d405cd33a8ef9a","unknown","Uncategorized","No","No","Yes",0,0,"2025-12-03 16:23:33"
"693063df90e4378aed0e51dd","692fbee337d405cd33a8ef9e","unknown","Uncategorized","No","No","Yes",0,0,"2025-12-03 16:23:31"
"693062180d6b00925df07656","6927033c93c40cf8032c746f","unknown","Uncategorized","No","No","Yes",0,0,"2025-12-03 16:18:56"
"693062180d6b00925df07656","6927d47657b0a83f177eeed3","unknown","Uncategorized","No","No","Yes",0,0,"2025-12-03 16:17:57"
"693062180d6b00925df07656","692fbe8b37d405cd33a8ef9a","unknown","Uncategorized","No","No","Yes",0,0,"2025-12-03 16:17:45"
"693062180d6b00925df07656","692fbee337d405cd33a8ef9e","unknown","Uncategorized","No","No","Yes",0,0,"2025-12-03 16:17:38"
"691587aef4af6c516dc1caed","692fbe8b37d405cd33a8ef9a","unknown","Uncategorized","No","No","Yes",0,0,"2025-12-03 14:56:57"
"691587aef4af6c516dc1caed","692fbee337d405cd33a8ef9e","unknown","Uncategorized","No","No","Yes",0,0,"2025-12-03 14:56:47"
"6930120c29865c0d09e02253","6927d47657b0a83f177eeed3","unknown","Uncategorized","No","No","Yes",0,0,"2025-12-03 10:35:23"
"6930120c29865c0d09e02253","692fbe8b37d405cd33a8ef9a","unknown","Uncategorized","No","No","Yes",0,0,"2025-12-03 10:35:21"
"6930120c29865c0d09e02253","692fbee337d405cd33a8ef9e","unknown","Uncategorized","No","No","Yes",0,0,"2025-12-03 10:34:31"
"690054c6fb26e417408f72a7","692fbee337d405cd33a8ef9e","unknown","Uncategorized","No","No","Yes",0,0,"2025-12-03 10:28:33"
"690054c6fb26e417408f72a7","692fbe8b37d405cd33a8ef9a","unknown","Uncategorized","No","No","Yes",0,0,"2025-12-03 10:28:33"
"690054c6fb26e417408f72a7","691c0ee26b68b5bc9f6a0fea","unknown","Uncategorized","No","No","Yes",0,0,"2025-12-03 10:00:39"
"690054c6fb26e417408f72a7","691c0ebc6b68b5bc9f6a0cc1","unknown","Uncategorized","No","No","Yes",0,0,"2025-12-03 10:00:39"
"690054c6fb26e417408f72a7","691c346ab0be9ff13f760d05","unknown","Uncategorized","No","No","Yes",0,0,"2025-12-03 10:00:38"
"690054c6fb26e417408f72a7","691c10786b68b5bc9f6a42a8","unknown","Uncategorized","No","No","Yes",0,0,"2025-12-03 10:00:38"
"690054c6fb26e417408f72a7","691c0fdc6b68b5bc9f6a27e5","unknown","Uncategorized","No","No","Yes",0,0,"2025-12-03 10:00:38"
"692fe7e70885146babcbd215","6927d47657b0a83f177eeed3","unknown","Uncategorized","No","No","Yes",0,0,"2025-12-03 07:40:09"
"692fe8a13e489fef56341c27","6927d47657b0a83f177eeed3","unknown","Uncategorized","No","No","Yes",0,0,"2025-12-03 07:37:53"
"692fe8880885146babcbd47c","6927d47657b0a83f177eeed3","unknown","Uncategorized","No","No","Yes",0,0,"2025-12-03 07:37:52"
"692fe8973e489fef56341bf6","6927d47657b0a83f177eeed3","unknown","Uncategorized","No","No","Yes",0,0,"2025-12-03 07:37:10"
"692fe85e0885146babcbd2df","6927d47657b0a83f177eeed3","unknown","Uncategorized","No","No","Yes",0,0,"2025-12-03 07:36:32"
"692fe86f0885146babcbd3e7","6927d47657b0a83f177eeed3","unknown","Uncategorized","No","No","Yes",0,0,"2025-12-03 07:36:29"
"692fe83e0885146babcbd251","6927d47657b0a83f177eeed3","unknown","Uncategorized","No","No","Yes",0,0,"2025-12-03 07:36:14"
"692fe8510885146babcbd262","6927d47657b0a83f177eeed3","unknown","Uncategorized","No","No","Yes",0,0,"2025-12-03 07:36:09"
"692fe84d0885146babcbd25a","6927d47657b0a83f177eeed3","unknown","Uncategorized","No","No","Yes",0,0,"2025-12-03 07:36:05"
"692fe8270885146babcbd23f","6927033c93c40cf8032c746f","unknown","Uncategorized","No","No","Yes",0,0,"2025-12-03 07:36:03"
"692fe8230885146babcbd238","692701792a72cd99b2b77c52","unknown","Uncategorized","No","No","Yes",0,0,"2025-12-03 07:36:03"
"692fe8230885146babcbd238","6927033c93c40cf8032c746f","unknown","Uncategorized","No","No","Yes",0,0,"2025-12-03 07:36:02"
"692fe8230885146babcbd238","6927d47657b0a83f177eeed3","unknown","Uncategorized","No","No","Yes",0,0,"2025-12-03 07:35:51"
"692fe8270885146babcbd23f","6927d47657b0a83f177eeed3","unknown","Uncategorized","No","No","Yes",0,0,"2025-12-03 07:35:49"
"68f9c645a19761a5faf0ef8e","6927d47657b0a83f177eeed3","unknown","Uncategorized","No","No","Yes",0,0,"2025-12-03 07:13:05"
"692fe09aab31c9cd9da14cef","6927d47657b0a83f177eeed3","unknown","Uncategorized","No","No","Yes",0,0,"2025-12-03 07:04:06"
"692fe0a1ab31c9cd9da14d24","6927033c93c40cf8032c746f","unknown","Uncategorized","No","No","Yes",0,0,"2025-12-03 07:03:44"
"692fe0a1ab31c9cd9da14d24","6927d47657b0a83f177eeed3","unknown","Uncategorized","No","No","Yes",0,0,"2025-12-03 07:03:17"
"692fe072ab31c9cd9da14cea","6927033c93c40cf8032c746f","unknown","Uncategorized","No","No","Yes",0,0,"2025-12-03 07:03:03"
"692fe072ab31c9cd9da14cea","6927d47657b0a83f177eeed3","unknown","Uncategorized","No","No","Yes",0,0,"2025-12-03 07:02:52"
"692fcfb67541ecee9027e311","692682c990374dac3474179a","unknown","Uncategorized","No","No","Yes",0,0,"2025-12-03 06:02:33"
"692fcfb67541ecee9027e311","691c346ab0be9ff13f760d05","unknown","Uncategorized","No","No","Yes",0,0,"2025-12-03 06:02:31"
"692fcfb67541ecee9027e311","691d479b5260f38b741acf2d","unknown","Uncategorized","No","No","Yes",0,0,"2025-12-03 06:02:31"
"692fcfb67541ecee9027e311","69253a29b4a29881e7af7d1b","unknown","Uncategorized","No","No","Yes",0,0,"2025-12-03 06:02:23"
"692fcfb67541ecee9027e311","691b2ea96b68b5bc9f695d15","unknown","Uncategorized","No","No","Yes",0,0,"2025-12-03 06:02:01"
"692fcfb67541ecee9027e311","691c5e24b0be9ff13f765733","unknown","Uncategorized","No","No","Yes",0,0,"2025-12-03 06:01:50"
"692fcfb67541ecee9027e311","691f1f2d98f746576d927e51","unknown","Uncategorized","No","No","Yes",0,0,"2025-12-03 05:59:33"
"692fcfb67541ecee9027e311","6921d4d9f5399cbed96d82f2","unknown","Uncategorized","No","No","Yes",0,0,"2025-12-03 05:59:33"
"692fcfb67541ecee9027e311","6927d47657b0a83f177eeed3","unknown","Uncategorized","No","No","Yes",0,0,"2025-12-03 05:51:14"
"6909ef4b3c6874ef786b2267","691f1f2d98f746576d927e51","unknown","Uncategorized","No","No","Yes",0,0,"2025-12-03 02:59:41"
"6909ef4b3c6874ef786b2267","691c5e24b0be9ff13f765733","unknown","Uncategorized","No","No","Yes",0,0,"2025-12-03 02:59:41"
"6909ef4b3c6874ef786b2267","6921d4d9f5399cbed96d82f2","unknown","Uncategorized","No","No","Yes",0,0,"2025-12-03 02:59:41"
"6909ef4b3c6874ef786b2267","692108a35e022efc3d4d7cf9","unknown","Uncategorized","No","No","Yes",0,0,"2025-12-03 02:59:37"
"6909ef4b3c6874ef786b2267","6923e77d97388df402830be2","unknown","Uncategorized","No","No","Yes",0,0,"2025-12-03 02:59:37"
"6909ef4b3c6874ef786b2267","6921473f145a5aabefe584d8","unknown","Uncategorized","No","No","Yes",0,0,"2025-12-03 02:59:37"
"6909ef4b3c6874ef786b2267","6927d47657b0a83f177eeed3","unknown","Uncategorized","No","No","Yes",0,0,"2025-12-03 02:58:39"
"691474336f3817fc8d6a0c12","692701792a72cd99b2b77c52","unknown","Uncategorized","No","No","Yes",0,0,"2025-12-02 05:11:59"
"691474336f3817fc8d6a0c12","6927033c93c40cf8032c746f","unknown","Uncategorized","No","No","Yes",0,0,"2025-12-02 05:11:59"
"691474336f3817fc8d6a0c12","6927d47657b0a83f177eeed3","unknown","Uncategorized","No","No","Yes",0,0,"2025-12-02 05:09:20"
"68edd60dff4c9aa0a69663ba","6927d47657b0a83f177eeed3","unknown","Uncategorized","No","No","Yes",0,0,"2025-12-01 09:06:01"
"692d422e47ee8ca6980865f4","6927d47657b0a83f177eeed3","unknown","Uncategorized","No","No","Yes",0,0,"2025-12-01 07:23:28"
"692d418673d1c41ebbdb466b","69253a29b4a29881e7af7d1b","unknown","Uncategorized","No","No","Yes",0,0,"2025-12-01 07:20:58"
"692d418673d1c41ebbdb466b","692700835e85385a659d27d8","unknown","Uncategorized","No","No","Yes",0,0,"2025-12-01 07:20:37"
"692d418673d1c41ebbdb466b","692682c990374dac3474179a","unknown","Uncategorized","No","No","Yes",0,0,"2025-12-01 07:20:37"
"692d418673d1c41ebbdb466b","6926888cb3a19a14b8182426","unknown","Uncategorized","No","No","Yes",0,0,"2025-12-01 07:20:37"
"692d418673d1c41ebbdb466b","69253f7a97388df40283a842","unknown","Uncategorized","No","No","Yes",0,0,"2025-12-01 07:20:37"
"692d418673d1c41ebbdb466b","692701792a72cd99b2b77c52","unknown","Uncategorized","No","No","Yes",0,0,"2025-12-01 07:20:32"
"692d418673d1c41ebbdb466b","6927033c93c40cf8032c746f","unknown","Uncategorized","No","No","Yes",0,0,"2025-12-01 07:20:32"
"692d418673d1c41ebbdb466b","6927d47657b0a83f177eeed3","unknown","Uncategorized","No","No","Yes",0,0,"2025-12-01 07:20:13"
"692d415473d1c41ebbdb4558","692700835e85385a659d27d8","unknown","Uncategorized","No","No","Yes",0,0,"2025-12-01 07:19:51"
"692d415473d1c41ebbdb4558","692682c990374dac3474179a","unknown","Uncategorized","No","No","Yes",0,0,"2025-12-01 07:19:45"
"692d415473d1c41ebbdb4558","6926888cb3a19a14b8182426","unknown","Uncategorized","No","No","Yes",0,0,"2025-12-01 07:19:45"
"692d415473d1c41ebbdb4558","692701792a72cd99b2b77c52","unknown","Uncategorized","No","No","Yes",0,0,"2025-12-01 07:19:44"
"692d415473d1c41ebbdb4558","6927033c93c40cf8032c746f","unknown","Uncategorized","No","No","Yes",0,0,"2025-12-01 07:19:31"
"692d415073d1c41ebbdb4549","69253a29b4a29881e7af7d1b","unknown","Uncategorized","No","No","Yes",0,0,"2025-12-01 07:19:29"
"692d415073d1c41ebbdb4549","69254b2697388df40283d709","unknown","Uncategorized","No","No","Yes",0,0,"2025-12-01 07:19:28"
"692d415073d1c41ebbdb4549","69253f7a97388df40283a842","unknown","Uncategorized","No","No","Yes",0,0,"2025-12-01 07:19:28"
"692d415073d1c41ebbdb4549","6926888cb3a19a14b8182426","unknown","Uncategorized","No","No","Yes",0,0,"2025-12-01 07:19:27"
"692d415073d1c41ebbdb4549","692682c990374dac3474179a","unknown","Uncategorized","No","No","Yes",0,0,"2025-12-01 07:19:27"
"692d415073d1c41ebbdb4549","6925ba00b228bd632a2c6aa3","unknown","Uncategorized","No","No","Yes",0,0,"2025-12-01 07:19:27"
"692d415073d1c41ebbdb4549","692700835e85385a659d27d8","unknown","Uncategorized","No","No","Yes",0,0,"2025-12-01 07:19:26"
"692d415473d1c41ebbdb4558","6927d47657b0a83f177eeed3","unknown","Uncategorized","No","No","Yes",0,0,"2025-12-01 07:19:11"
"692d415073d1c41ebbdb4549","692701792a72cd99b2b77c52","unknown","Uncategorized","No","No","Yes",0,0,"2025-12-01 07:19:10"
"692d415073d1c41ebbdb4549","6927033c93c40cf8032c746f","unknown","Uncategorized","No","No","Yes",0,0,"2025-12-01 07:19:08"
"692d415373d1c41ebbdb454e","6927033c93c40cf8032c746f","unknown","Uncategorized","No","No","Yes",0,0,"2025-12-01 07:19:06"
"692d415073d1c41ebbdb4549","6927d47657b0a83f177eeed3","unknown","Uncategorized","No","No","Yes",0,0,"2025-12-01 07:19:03"
"692d415373d1c41ebbdb454e","6927d47657b0a83f177eeed3","unknown","Uncategorized","No","No","Yes",0,0,"2025-12-01 07:19:02"
"692d3dcc0d9c292db83ac9f7","6923e77d97388df402830be2","unknown","Uncategorized","No","No","Yes",0,0,"2025-12-01 07:14:34"
"692d3f8cd4786474d96b76f7","6925ba00b228bd632a2c6aa3","unknown","Uncategorized","No","No","Yes",0,0,"2025-12-01 07:12:12"
"692d3f8cd4786474d96b76f7","69254b2697388df40283d709","unknown","Uncategorized","No","No","Yes",0,0,"2025-12-01 07:12:12"
"692d3f8cd4786474d96b76f7","69253f7a97388df40283a842","unknown","Uncategorized","No","No","Yes",0,0,"2025-12-01 07:12:12"
"692d3f8cd4786474d96b76f7","692700835e85385a659d27d8","unknown","Uncategorized","No","No","Yes",0,0,"2025-12-01 07:12:09"
"692d3f8cd4786474d96b76f7","692682c990374dac3474179a","unknown","Uncategorized","No","No","Yes",0,0,"2025-12-01 07:12:09"
"692d3f8cd4786474d96b76f7","6926888cb3a19a14b8182426","unknown","Uncategorized","No","No","Yes",0,0,"2025-12-01 07:12:09"
"692d3f8cd4786474d96b76f7","692701792a72cd99b2b77c52","unknown","Uncategorized","No","No","Yes",0,0,"2025-12-01 07:12:09"
"692d3f8cd4786474d96b76f7","6927033c93c40cf8032c746f","unknown","Uncategorized","No","No","Yes",0,0,"2025-12-01 07:12:09"
"692d3f8cd4786474d96b76f7","6927d47657b0a83f177eeed3","unknown","Uncategorized","No","No","Yes",0,0,"2025-12-01 07:11:49"
"692d3dcc0d9c292db83ac9f7","69253a29b4a29881e7af7d1b","unknown","Uncategorized","No","No","Yes",0,0,"2025-12-01 07:08:47"
"692d3dcc0d9c292db83ac9f7","69253f7a97388df40283a842","unknown","Uncategorized","No","No","Yes",0,0,"2025-12-01 07:08:45"
"692d3dcc0d9c292db83ac9f7","69254b2697388df40283d709","unknown","Uncategorized","No","No","Yes",0,0,"2025-12-01 07:08:44"
"692d3e3fd4786474d96b72db","692700835e85385a659d27d8","unknown","Uncategorized","No","No","Yes",0,0,"2025-12-01 07:08:21"
"692d3e3fd4786474d96b72db","6927033c93c40cf8032c746f","unknown","Uncategorized","No","No","Yes",0,0,"2025-12-01 07:08:17"
"692d3e3fd4786474d96b72db","692701792a72cd99b2b77c52","unknown","Uncategorized","No","No","Yes",0,0,"2025-12-01 07:08:17"
"692d3e290d9c292db83acb46","692700835e85385a659d27d8","unknown","Uncategorized","No","No","Yes",0,0,"2025-12-01 07:07:55"
"692d3e290d9c292db83acb46","692701792a72cd99b2b77c52","unknown","Uncategorized","No","No","Yes",0,0,"2025-12-01 07:07:53"
"692d3e290d9c292db83acb46","6927033c93c40cf8032c746f","unknown","Uncategorized","No","No","Yes",0,0,"2025-12-01 07:07:52"
"692d3e3fd4786474d96b72db","6927d47657b0a83f177eeed3","unknown","Uncategorized","No","No","Yes",0,0,"2025-12-01 07:07:48"
"692d3e290d9c292db83acb46","6927d47657b0a83f177eeed3","unknown","Uncategorized","No","No","Yes",0,0,"2025-12-01 07:07:41"
"692d3dd50d9c292db83aca02","6923f20a7f49e85123855e84","unknown","Uncategorized","No","No","Yes",0,0,"2025-12-01 07:07:19"
"692d3e64d4786474d96b7362","69254b2697388df40283d709","unknown","Uncategorized","No","No","Yes",0,0,"2025-12-01 07:07:19"
"692d3dd50d9c292db83aca02","6923e7db97388df402830d03","unknown","Uncategorized","No","No","Yes",0,0,"2025-12-01 07:07:15"
"692d3e64d4786474d96b7362","6925ba00b228bd632a2c6aa3","unknown","Uncategorized","No","No","Yes",0,0,"2025-12-01 07:07:02"
"692d3e64d4786474d96b7362","692682c990374dac3474179a","unknown","Uncategorized","No","No","Yes",0,0,"2025-12-01 07:07:00"
"692d3e64d4786474d96b7362","6926888cb3a19a14b8182426","unknown","Uncategorized","No","No","Yes",0,0,"2025-12-01 07:06:58"
"692d3e64d4786474d96b7362","692700835e85385a659d27d8","unknown","Uncategorized","No","No","Yes",0,0,"2025-12-01 07:06:55"
"692d3e64d4786474d96b7362","6927033c93c40cf8032c746f","unknown","Uncategorized","No","No","Yes",0,0,"2025-12-01 07:06:46"
"692d3e64d4786474d96b7362","692701792a72cd99b2b77c52","unknown","Uncategorized","No","No","Yes",0,0,"2025-12-01 07:06:46"
"692d3e42d4786474d96b72e3","692682c990374dac3474179a","unknown","Uncategorized","No","No","Yes",0,0,"2025-12-01 07:06:44"
"692d3e42d4786474d96b72e3","6926888cb3a19a14b8182426","unknown","Uncategorized","No","No","Yes",0,0,"2025-12-01 07:06:43"
"692d3e42d4786474d96b72e3","692700835e85385a659d27d8","unknown","Uncategorized","No","No","Yes",0,0,"2025-12-01 07:06:43"
"692d3e64d4786474d96b7362","6927d47657b0a83f177eeed3","unknown","Uncategorized","No","No","Yes",0,0,"2025-12-01 07:06:40"
"692d3dd50d9c292db83aca02","6923e8c997388df402831074","unknown","Uncategorized","No","No","Yes",0,0,"2025-12-01 07:06:38"
"692d3e42d4786474d96b72e3","692701792a72cd99b2b77c52","unknown","Uncategorized","No","No","Yes",0,0,"2025-12-01 07:06:38"
"692d3dd50d9c292db83aca02","6923e8db97388df4028310aa","unknown","Uncategorized","No","No","Yes",0,0,"2025-12-01 07:06:38"
"692d3e42d4786474d96b72e3","6927033c93c40cf8032c746f","unknown","Uncategorized","No","No","Yes",0,0,"2025-12-01 07:06:38"
"692d3dd50d9c292db83aca02","6923ea9797388df402831768","unknown","Uncategorized","No","No","Yes",0,0,"2025-12-01 07:06:36"
"692d3dd50d9c292db83aca02","6923e83097388df402830d8c","unknown","Uncategorized","No","No","Yes",0,0,"2025-12-01 07:06:31"
"692d3dd50d9c292db83aca02","6923e81c97388df402830d44","unknown","Uncategorized","No","No","Yes",0,0,"2025-12-01 07:06:31"
"692d3dd50d9c292db83aca02","6923eba497388df402831b6c","unknown","Uncategorized","No","No","Yes",0,1,"2025-12-01 07:06:17"
"692d3e42d4786474d96b72e3","6927d47657b0a83f177eeed3","unknown","Uncategorized","No","No","Yes",0,0,"2025-12-01 07:06:12"
"692d3dd50d9c292db83aca02","6923eb7889723afc63e1b727","unknown","Uncategorized","No","No","Yes",0,0,"2025-12-01 07:05:58"
"692d3dd50d9c292db83aca02","6923ead797388df4028318fa","unknown","Uncategorized","No","No","Yes",0,0,"2025-12-01 07:05:58"
"692d3dd50d9c292db83aca02","6923f2c097388df4028328db","unknown","Uncategorized","No","No","Yes",0,0,"2025-12-01 07:05:57"
"692d3dd50d9c292db83aca02","6923f2a597388df40283282f","unknown","Uncategorized","No","No","Yes",0,0,"2025-12-01 07:05:57"
"692d3dd50d9c292db83aca02","69253a29b4a29881e7af7d1b","unknown","Uncategorized","No","No","Yes",0,0,"2025-12-01 07:05:56"
"692d3dd50d9c292db83aca02","6923fb8097388df402832ef6","unknown","Uncategorized","No","No","Yes",0,0,"2025-12-01 07:05:56"
"692d3dd50d9c292db83aca02","692428b3245b159f8dfd55dd","unknown","Uncategorized","No","No","Yes",0,0,"2025-12-01 07:05:56"
"692d3dd50d9c292db83aca02","6923f2e697388df402832902","unknown","Uncategorized","No","No","Yes",0,0,"2025-12-01 07:05:56"
"692d3dcc0d9c292db83ac9f7","6925ba00b228bd632a2c6aa3","unknown","Uncategorized","No","No","Yes",0,0,"2025-12-01 07:04:50"
"692d3dcc0d9c292db83ac9f7","6926888cb3a19a14b8182426","unknown","Uncategorized","No","No","Yes",0,0,"2025-12-01 07:04:48"
"692d3dcc0d9c292db83ac9f7","692682c990374dac3474179a","unknown","Uncategorized","No","No","Yes",0,0,"2025-12-01 07:04:48"
"692d3dd50d9c292db83aca02","6925ba00b228bd632a2c6aa3","unknown","Uncategorized","No","No","Yes",0,0,"2025-12-01 07:04:28"
"692d3dd50d9c292db83aca02","69254b2697388df40283d709","unknown","Uncategorized","No","No","Yes",0,0,"2025-12-01 07:04:28"
"692d3dd50d9c292db83aca02","69253f7a97388df40283a842","unknown","Uncategorized","No","No","Yes",0,0,"2025-12-01 07:04:28"
"692d3dd50d9c292db83aca02","6926888cb3a19a14b8182426","unknown","Uncategorized","No","No","Yes",0,0,"2025-12-01 07:04:27"
"692d3dd50d9c292db83aca02","692700835e85385a659d27d8","unknown","Uncategorized","No","No","Yes",0,0,"2025-12-01 07:04:27"
"692d3dd50d9c292db83aca02","692682c990374dac3474179a","unknown","Uncategorized","No","No","Yes",0,0,"2025-12-01 07:04:27"
"692d3dcc0d9c292db83ac9f7","692700835e85385a659d27d8","unknown","Uncategorized","No","No","Yes",0,0,"2025-12-01 07:04:26"
"692d3dcc0d9c292db83ac9f7","692701792a72cd99b2b77c52","unknown","Uncategorized","No","No","Yes",0,0,"2025-12-01 07:04:18"
"692d3dcc0d9c292db83ac9f7","6927033c93c40cf8032c746f","unknown","Uncategorized","No","No","Yes",0,0,"2025-12-01 07:04:17"
"692d3dd50d9c292db83aca02","6927033c93c40cf8032c746f","unknown","Uncategorized","No","No","Yes",0,0,"2025-12-01 07:04:11"
"692d3dd50d9c292db83aca02","692701792a72cd99b2b77c52","unknown","Uncategorized","No","No","Yes",0,0,"2025-12-01 07:04:11"
"692d3dcc0d9c292db83ac9f7","6927d47657b0a83f177eeed3","unknown","Uncategorized","No","No","Yes",0,0,"2025-12-01 07:04:06"
"692d3dd50d9c292db83aca02","6927d47657b0a83f177eeed3","unknown","Uncategorized","No","No","Yes",0,0,"2025-12-01 07:04:00"
"691587aef4af6c516dc1caed","691eac6d220f0a6610479583","unknown","Uncategorized","No","No","Yes",0,0,"2025-11-27 16:41:37"
"691587aef4af6c516dc1caed","691eb0da220f0a661047bdcf","unknown","Uncategorized","No","No","Yes",0,0,"2025-11-27 16:40:16"
"691587aef4af6c516dc1caed","69254b2697388df40283d709","unknown","Uncategorized","No","No","Yes",0,0,"2025-11-27 16:39:58"
"691587aef4af6c516dc1caed","6925ba00b228bd632a2c6aa3","unknown","Uncategorized","No","No","Yes",0,0,"2025-11-27 16:39:18"
"691587aef4af6c516dc1caed","692682c990374dac3474179a","unknown","Uncategorized","No","No","Yes",0,0,"2025-11-27 16:39:07"
"691587aef4af6c516dc1caed","6926888cb3a19a14b8182426","unknown","Uncategorized","No","No","Yes",0,0,"2025-11-27 16:39:05"
"691587aef4af6c516dc1caed","692700835e85385a659d27d8","unknown","Uncategorized","No","No","Yes",0,0,"2025-11-27 16:39:04"
"691587aef4af6c516dc1caed","692701792a72cd99b2b77c52","unknown","Uncategorized","No","No","Yes",0,0,"2025-11-27 16:38:57"
"691587aef4af6c516dc1caed","69215cffae218bc0c5572b1c","unknown","Uncategorized","No","No","Yes",0,0,"2025-11-27 14:05:43"
"691587aef4af6c516dc1caed","6923ead797388df4028318fa","unknown","Uncategorized","No","No","Yes",0,0,"2025-11-27 14:05:43"
"691587aef4af6c516dc1caed","6927033c93c40cf8032c746f","unknown","Uncategorized","No","No","Yes",0,0,"2025-11-27 14:00:56"
"691587aef4af6c516dc1caed","6927d47657b0a83f177eeed3","unknown","Uncategorized","No","No","Yes",0,0,"2025-11-27 13:59:42"
"690054c6fb26e417408f72a7","691c3185110779734b309b7a","unknown","Uncategorized","No","No","Yes",0,0,"2025-11-27 04:35:55"
"690054c6fb26e417408f72a7","691bfe376b68b5bc9f69a3a2","unknown","Uncategorized","No","No","Yes",0,0,"2025-11-27 04:35:55"
"690054c6fb26e417408f72a7","6927d3b96449c4f884df4e76","unknown","Uncategorized","No","No","Yes",0,1,"2025-11-27 04:35:33"
"690054c6fb26e417408f72a7","6927d47657b0a83f177eeed3","unknown","Uncategorized","No","No","Yes",0,0,"2025-11-27 04:34:50"
"69159968f4af6c516dc1f88f","6927033c93c40cf8032c746f","unknown","Uncategorized","No","No","Yes",0,0,"2025-11-27 04:33:01"
"6909ef4b3c6874ef786b2267","6923ea9797388df402831768","unknown","Uncategorized","No","No","Yes",0,0,"2025-11-26 16:51:26"
"6909ef4b3c6874ef786b2267","6923ead797388df4028318fa","unknown","Uncategorized","No","No","Yes",0,0,"2025-11-26 16:51:25"
"6909ef4b3c6874ef786b2267","6923f2a597388df40283282f","unknown","Uncategorized","No","No","Yes",0,0,"2025-11-26 16:51:16"
"6909ef4b3c6874ef786b2267","6923f2c097388df4028328db","unknown","Uncategorized","No","No","Yes",0,0,"2025-11-26 16:51:13"
"6909ef4b3c6874ef786b2267","692700835e85385a659d27d8","unknown","Uncategorized","No","No","Yes",0,0,"2025-11-26 16:50:49"
"6909ef4b3c6874ef786b2267","6927033c93c40cf8032c746f","unknown","Uncategorized","No","No","Yes",0,0,"2025-11-26 16:50:41"
"6909ef4b3c6874ef786b2267","692701792a72cd99b2b77c52","unknown","Uncategorized","No","No","Yes",0,0,"2025-11-26 16:50:41"
"6926ae69a27fa44e1e85eb02","692701792a72cd99b2b77c52","unknown","Uncategorized","No","No","Yes",0,0,"2025-11-26 13:53:35"
"6926ae69a27fa44e1e85eb02","6927033c93c40cf8032c746f","unknown","Uncategorized","No","No","Yes",0,0,"2025-11-26 13:53:35"
"690054c6fb26e417408f72a7","692700835e85385a659d27d8","unknown","Uncategorized","No","No","Yes",0,0,"2025-11-26 13:40:32"
"690054c6fb26e417408f72a7","6927033c93c40cf8032c746f","unknown","Uncategorized","No","No","Yes",0,0,"2025-11-26 13:40:20"
"690054c6fb26e417408f72a7","692701792a72cd99b2b77c52","unknown","Uncategorized","No","No","Yes",0,0,"2025-11-26 13:40:20"
"69060df714606eb751eac37e","692700835e85385a659d27d8","unknown","Uncategorized","No","No","Yes",0,0,"2025-11-26 13:30:39"
"69243f16245b159f8dfd79d2","692700835e85385a659d27d8","unknown","Uncategorized","No","No","Yes",0,0,"2025-11-26 13:29:13"
"68f9c645a19761a5faf0ef8e","6925ba00b228bd632a2c6aa3","unknown","Uncategorized","No","No","Yes",0,0,"2025-11-26 13:24:12"
"68f9c645a19761a5faf0ef8e","69253a29b4a29881e7af7d1b","unknown","Uncategorized","No","No","Yes",0,0,"2025-11-26 13:24:12"
"68f9c645a19761a5faf0ef8e","692682c990374dac3474179a","unknown","Uncategorized","No","No","Yes",0,0,"2025-11-26 13:24:10"
"69159968f4af6c516dc1f88f","6926888cb3a19a14b8182426","unknown","Uncategorized","No","No","Yes",0,0,"2025-11-26 13:04:02"
"6909ef4b3c6874ef786b2267","6923e7db97388df402830d03","unknown","Uncategorized","No","No","Yes",0,0,"2025-11-26 10:44:53"
"6909ef4b3c6874ef786b2267","6923f20a7f49e85123855e84","unknown","Uncategorized","No","No","Yes",0,0,"2025-11-26 10:44:50"
"6909ef4b3c6874ef786b2267","6923eb7889723afc63e1b727","unknown","Uncategorized","No","No","Yes",0,0,"2025-11-26 10:44:50"
"691c30f2110779734b30990e","69253f7a97388df40283a842","unknown","Uncategorized","No","No","Yes",0,0,"2025-11-26 10:28:16"
"691c30f2110779734b30990e","69253a29b4a29881e7af7d1b","unknown","Uncategorized","No","No","Yes",0,0,"2025-11-26 10:28:16"
"691c30f2110779734b30990e","6925ba00b228bd632a2c6aa3","unknown","Uncategorized","No","No","Yes",0,0,"2025-11-26 10:28:15"
"691c30f2110779734b30990e","69254b2697388df40283d709","unknown","Uncategorized","No","No","Yes",0,0,"2025-11-26 10:28:15"
"691c30f2110779734b30990e","692682c990374dac3474179a","unknown","Uncategorized","No","No","Yes",0,0,"2025-11-26 10:28:10"
"691c30f2110779734b30990e","6926888cb3a19a14b8182426","unknown","Uncategorized","No","No","Yes",0,0,"2025-11-26 10:27:36"
"6909ef4b3c6874ef786b2267","6923fb8097388df402832ef6","unknown","Uncategorized","No","No","Yes",0,0,"2025-11-26 10:07:32"
"6909ef4b3c6874ef786b2267","6923f2e697388df402832902","unknown","Uncategorized","No","No","Yes",0,0,"2025-11-26 10:07:32"
"6909ef4b3c6874ef786b2267","692428b3245b159f8dfd55dd","unknown","Uncategorized","No","No","Yes",0,0,"2025-11-26 10:06:39"
"6909ef4b3c6874ef786b2267","69253a29b4a29881e7af7d1b","unknown","Uncategorized","No","No","Yes",0,0,"2025-11-26 10:06:34"
"6909ef4b3c6874ef786b2267","69253f7a97388df40283a842","unknown","Uncategorized","No","No","Yes",0,0,"2025-11-26 10:06:33"
"6909ef4b3c6874ef786b2267","69254b2697388df40283d709","unknown","Uncategorized","No","No","Yes",0,0,"2025-11-26 10:06:26"
"6909ef4b3c6874ef786b2267","6925ba00b228bd632a2c6aa3","unknown","Uncategorized","No","No","Yes",0,0,"2025-11-26 10:06:25"
"6909ef4b3c6874ef786b2267","692682c990374dac3474179a","unknown","Uncategorized","No","No","Yes",0,0,"2025-11-26 10:06:24"
"6909ef4b3c6874ef786b2267","6926888cb3a19a14b8182426","unknown","Uncategorized","No","No","Yes",0,0,"2025-11-26 10:06:06"
"691474336f3817fc8d6a0c12","692682c990374dac3474179a","unknown","Uncategorized","No","No","Yes",0,0,"2025-11-26 08:31:27"
"691474336f3817fc8d6a0c12","6926888cb3a19a14b8182426","unknown","Uncategorized","No","No","Yes",0,0,"2025-11-26 08:31:24"
"69243f16245b159f8dfd79d2","69254b2697388df40283d709","unknown","Uncategorized","No","No","Yes",0,0,"2025-11-26 08:28:11"
"69243f16245b159f8dfd79d2","6925ba00b228bd632a2c6aa3","unknown","Uncategorized","No","No","Yes",0,0,"2025-11-26 08:26:16"
"69243f16245b159f8dfd79d2","692682c990374dac3474179a","unknown","Uncategorized","No","No","Yes",0,0,"2025-11-26 08:26:13"
"69243f16245b159f8dfd79d2","6926888cb3a19a14b8182426","unknown","Uncategorized","No","No","Yes",0,0,"2025-11-26 08:26:11"
"6926ae69a27fa44e1e85eb02","6923fb8097388df402832ef6","unknown","Uncategorized","No","No","Yes",0,0,"2025-11-26 07:44:05"
"6926af65a27fa44e1e85eeff","6923f2e697388df402832902","unknown","Uncategorized","No","No","Yes",0,0,"2025-11-26 07:43:37"
"6926af65a27fa44e1e85eeff","6923fb8097388df402832ef6","unknown","Uncategorized","No","No","Yes",0,0,"2025-11-26 07:43:36"
"6926af65a27fa44e1e85eeff","69253a29b4a29881e7af7d1b","unknown","Uncategorized","No","No","Yes",0,0,"2025-11-26 07:43:35"
"6926af65a27fa44e1e85eeff","692428b3245b159f8dfd55dd","unknown","Uncategorized","No","No","Yes",0,0,"2025-11-26 07:43:35"
"6926af65a27fa44e1e85eeff","69254b2697388df40283d709","unknown","Uncategorized","No","No","Yes",0,0,"2025-11-26 07:43:33"
"6926af65a27fa44e1e85eeff","69253f7a97388df40283a842","unknown","Uncategorized","No","No","Yes",0,0,"2025-11-26 07:43:33"
"6926af65a27fa44e1e85eeff","6925ba00b228bd632a2c6aa3","unknown","Uncategorized","No","No","Yes",0,0,"2025-11-26 07:43:30"
"6926af65a27fa44e1e85eeff","692682c990374dac3474179a","unknown","Uncategorized","No","No","Yes",0,0,"2025-11-26 07:43:29"
"6926af65a27fa44e1e85eeff","6926888cb3a19a14b8182426","unknown","Uncategorized","No","No","Yes",0,0,"2025-11-26 07:42:48"
"6926ae23a27fa44e1e85e9fa","6923edc597388df402831f11","unknown","Uncategorized","No","No","Yes",0,1,"2025-11-26 07:41:40"
"6926ae23a27fa44e1e85e9fa","6923ea9797388df402831768","unknown","Uncategorized","No","No","Yes",0,0,"2025-11-26 07:41:38"
"6926ae23a27fa44e1e85e9fa","6923eb7889723afc63e1b727","unknown","Uncategorized","No","No","Yes",0,0,"2025-11-26 07:41:37"
"6926ae23a27fa44e1e85e9fa","6923ead797388df4028318fa","unknown","Uncategorized","No","No","Yes",0,0,"2025-11-26 07:41:37"
"6926ae69a27fa44e1e85eb02","69253a29b4a29881e7af7d1b","unknown","Uncategorized","No","No","Yes",0,0,"2025-11-26 07:41:23"
"6926ae69a27fa44e1e85eb02","692428b3245b159f8dfd55dd","unknown","Uncategorized","No","No","Yes",0,0,"2025-11-26 07:41:23"
"6926ae69a27fa44e1e85eb02","69253f7a97388df40283a842","unknown","Uncategorized","No","No","Yes",0,0,"2025-11-26 07:41:21"
"6926ae5ea27fa44e1e85ead4","69254b2697388df40283d709","unknown","Uncategorized","No","No","Yes",0,0,"2025-11-26 07:40:10"
"6926ae5ea27fa44e1e85ead4","6925ba00b228bd632a2c6aa3","unknown","Uncategorized","No","No","Yes",0,0,"2025-11-26 07:40:09"
"6926ae69a27fa44e1e85eb02","69254b2697388df40283d709","unknown","Uncategorized","No","No","Yes",0,0,"2025-11-26 07:40:08"
"6926ae5ea27fa44e1e85ead4","692682c990374dac3474179a","unknown","Uncategorized","No","No","Yes",0,0,"2025-11-26 07:40:08"
"6926ae23a27fa44e1e85e9fa","6923f20a7f49e85123855e84","unknown","Uncategorized","No","No","Yes",0,0,"2025-11-26 07:40:04"
"6926ae23a27fa44e1e85e9fa","6923f2a597388df40283282f","unknown","Uncategorized","No","No","Yes",0,0,"2025-11-26 07:39:53"
"6926ae5ea27fa44e1e85ead4","6926888cb3a19a14b8182426","unknown","Uncategorized","No","No","Yes",0,0,"2025-11-26 07:39:53"
"6926ae23a27fa44e1e85e9fa","6923f2c097388df4028328db","unknown","Uncategorized","No","No","Yes",0,0,"2025-11-26 07:39:52"
"6926ae69a27fa44e1e85eb02","6925ba00b228bd632a2c6aa3","unknown","Uncategorized","No","No","Yes",0,0,"2025-11-26 07:39:30"
"6926ae17a27fa44e1e85e9ee","69253f7a97388df40283a842","unknown","Uncategorized","No","No","Yes",0,0,"2025-11-26 07:39:30"
"6926ae17a27fa44e1e85e9ee","69253a29b4a29881e7af7d1b","unknown","Uncategorized","No","No","Yes",0,0,"2025-11-26 07:39:30"
"6926ae69a27fa44e1e85eb02","692682c990374dac3474179a","unknown","Uncategorized","No","No","Yes",0,0,"2025-11-26 07:39:29"
"6926ae17a27fa44e1e85e9ee","6925ba00b228bd632a2c6aa3","unknown","Uncategorized","No","No","Yes",0,0,"2025-11-26 07:39:28"
"6926ae17a27fa44e1e85e9ee","69254b2697388df40283d709","unknown","Uncategorized","No","No","Yes",0,0,"2025-11-26 07:39:28"
"6926ae17a27fa44e1e85e9ee","692682c990374dac3474179a","unknown","Uncategorized","No","No","Yes",0,0,"2025-11-26 07:39:26"
"6926ae17a27fa44e1e85e9ee","6926888cb3a19a14b8182426","unknown","Uncategorized","No","No","Yes",0,0,"2025-11-26 07:39:22"
"6926ae29a27fa44e1e85ea01","6923f2e697388df402832902","unknown","Uncategorized","No","No","Yes",0,0,"2025-11-26 07:39:21"
"6926ae29a27fa44e1e85ea01","6923fb8097388df402832ef6","unknown","Uncategorized","No","No","Yes",0,0,"2025-11-26 07:39:15"
"6926ae29a27fa44e1e85ea01","69253f7a97388df40283a842","unknown","Uncategorized","No","No","Yes",0,0,"2025-11-26 07:39:14"
"6926ae29a27fa44e1e85ea01","69253a29b4a29881e7af7d1b","unknown","Uncategorized","No","No","Yes",0,0,"2025-11-26 07:39:14"
"6926ae29a27fa44e1e85ea01","692428b3245b159f8dfd55dd","unknown","Uncategorized","No","No","Yes",0,0,"2025-11-26 07:39:14"
"6926ae29a27fa44e1e85ea01","69254b2697388df40283d709","unknown","Uncategorized","No","No","Yes",0,0,"2025-11-26 07:39:13"
"6926ae88a27fa44e1e85eb32","692682c990374dac3474179a","unknown","Uncategorized","No","No","Yes",0,0,"2025-11-26 07:39:12"
"6926ae29a27fa44e1e85ea01","692682c990374dac3474179a","unknown","Uncategorized","No","No","Yes",0,0,"2025-11-26 07:39:11"
"6926ae29a27fa44e1e85ea01","6925ba00b228bd632a2c6aa3","unknown","Uncategorized","No","No","Yes",0,0,"2025-11-26 07:39:11"
"6926ae88a27fa44e1e85eb32","6926888cb3a19a14b8182426","unknown","Uncategorized","No","No","Yes",0,0,"2025-11-26 07:39:11"
"6926ae69a27fa44e1e85eb02","6926888cb3a19a14b8182426","unknown","Uncategorized","No","No","Yes",0,0,"2025-11-26 07:39:05"
"6926ad98f70bdd75a6b74105","6923f2c097388df4028328db","unknown","Uncategorized","No","No","Yes",0,0,"2025-11-26 07:38:41"
"6926ad98f70bdd75a6b74105","6923f2a597388df40283282f","unknown","Uncategorized","No","No","Yes",0,0,"2025-11-26 07:38:41"
"6926ae23a27fa44e1e85e9fa","6923f2e697388df402832902","unknown","Uncategorized","No","No","Yes",0,0,"2025-11-26 07:38:14"
"6926ae23a27fa44e1e85e9fa","6923fb8097388df402832ef6","unknown","Uncategorized","No","No","Yes",0,0,"2025-11-26 07:38:13"
"6926ae23a27fa44e1e85e9fa","692428b3245b159f8dfd55dd","unknown","Uncategorized","No","No","Yes",0,0,"2025-11-26 07:38:11"
"6926ae23a27fa44e1e85e9fa","69253a29b4a29881e7af7d1b","unknown","Uncategorized","No","No","Yes",0,0,"2025-11-26 07:38:10"
"6926ae29a27fa44e1e85ea01","6926888cb3a19a14b8182426","unknown","Uncategorized","No","No","Yes",0,0,"2025-11-26 07:38:09"
"6926ae23a27fa44e1e85e9fa","69253f7a97388df40283a842","unknown","Uncategorized","No","No","Yes",0,0,"2025-11-26 07:38:09"
"6926ae23a27fa44e1e85e9fa","69254b2697388df40283d709","unknown","Uncategorized","No","No","Yes",0,0,"2025-11-26 07:37:59"
"6926ae23a27fa44e1e85e9fa","6925ba00b228bd632a2c6aa3","unknown","Uncategorized","No","No","Yes",0,0,"2025-11-26 07:37:58"
"6926ae23a27fa44e1e85e9fa","692682c990374dac3474179a","unknown","Uncategorized","No","No","Yes",0,0,"2025-11-26 07:37:57"
"6926ad98f70bdd75a6b74105","692428b3245b159f8dfd55dd","unknown","Uncategorized","No","No","Yes",0,0,"2025-11-26 07:37:49"
"6926ad98f70bdd75a6b74105","6923fb8097388df402832ef6","unknown","Uncategorized","No","No","Yes",0,0,"2025-11-26 07:37:49"
"6926ad98f70bdd75a6b74105","6923f2e697388df402832902","unknown","Uncategorized","No","No","Yes",0,0,"2025-11-26 07:37:49"
"6926ae23a27fa44e1e85e9fa","6926888cb3a19a14b8182426","unknown","Uncategorized","No","No","Yes",0,0,"2025-11-26 07:37:26"
"6926add4a27fa44e1e85e89d","69254b2697388df40283d709","unknown","Uncategorized","No","No","Yes",0,0,"2025-11-26 07:36:32"
"6926add4a27fa44e1e85e89d","692682c990374dac3474179a","unknown","Uncategorized","No","No","Yes",0,0,"2025-11-26 07:36:32"
"6926add4a27fa44e1e85e89d","6925ba00b228bd632a2c6aa3","unknown","Uncategorized","No","No","Yes",0,0,"2025-11-26 07:36:32"
"6926add4a27fa44e1e85e89d","6926888cb3a19a14b8182426","unknown","Uncategorized","No","No","Yes",0,0,"2025-11-26 07:36:23"
"6926ad9df70bdd75a6b7410b","69254b2697388df40283d709","unknown","Uncategorized","No","No","Yes",0,0,"2025-11-26 07:36:11"
"6926ad98f70bdd75a6b74105","69253a29b4a29881e7af7d1b","unknown","Uncategorized","No","No","Yes",0,0,"2025-11-26 07:36:10"
"6926ad98f70bdd75a6b74105","69253f7a97388df40283a842","unknown","Uncategorized","No","No","Yes",0,0,"2025-11-26 07:36:01"
"6926ad98f70bdd75a6b74105","69254b2697388df40283d709","unknown","Uncategorized","No","No","Yes",0,0,"2025-11-26 07:35:55"
"6926ad98f70bdd75a6b74105","6925ba00b228bd632a2c6aa3","unknown","Uncategorized","No","No","Yes",0,0,"2025-11-26 07:35:53"
"6926ad9df70bdd75a6b7410b","6925ba00b228bd632a2c6aa3","unknown","Uncategorized","No","No","Yes",0,0,"2025-11-26 07:35:32"
"6926ad9df70bdd75a6b7410b","692682c990374dac3474179a","unknown","Uncategorized","No","No","Yes",0,0,"2025-11-26 07:35:31"
"6926ad9df70bdd75a6b7410b","6926888cb3a19a14b8182426","unknown","Uncategorized","No","No","Yes",0,0,"2025-11-26 07:35:16"
"6926ad98f70bdd75a6b74105","692682c990374dac3474179a","unknown","Uncategorized","No","No","Yes",0,0,"2025-11-26 07:35:11"
"6926ad98f70bdd75a6b74105","6926888cb3a19a14b8182426","unknown","Uncategorized","No","No","Yes",0,0,"2025-11-26 07:35:07"
"690054c6fb26e417408f72a7","68fb8e0f6f44f170cbf4bbe1","unknown","Uncategorized","No","No","Yes",0,0,"2025-11-26 06:10:27"
"690054c6fb26e417408f72a7","68f9d311a19761a5faf0fb71","unknown","Uncategorized","No","No","Yes",0,0,"2025-11-26 06:10:27"
"690054c6fb26e417408f72a7","691c07a1b936afe79d7b768a","unknown","Uncategorized","No","No","Yes",0,0,"2025-11-26 06:10:26"
"690054c6fb26e417408f72a7","690ee4f0b12ebf4672831667","unknown","Uncategorized","No","No","Yes",0,0,"2025-11-26 06:10:26"
"690054c6fb26e417408f72a7","690dcd71ae3230d3cdb037ce","unknown","Uncategorized","No","No","Yes",0,0,"2025-11-26 06:10:26"
"690054c6fb26e417408f72a7","690613a714606eb751eac988","unknown","Uncategorized","No","No","Yes",0,0,"2025-11-26 06:10:26"
"68f9c645a19761a5faf0ef8e","692692f2b3a19a14b8182808","unknown","Uncategorized","No","No","Yes",0,0,"2025-11-26 05:41:45"
"68f9c645a19761a5faf0ef8e","6926888cb3a19a14b8182426","unknown","Uncategorized","No","No","Yes",0,0,"2025-11-26 05:41:45"
"690054c6fb26e417408f72a7","6926888cb3a19a14b8182426","unknown","Uncategorized","No","No","Yes",0,0,"2025-11-26 05:09:44"
"690054c6fb26e417408f72a7","692682c990374dac3474179a","unknown","Uncategorized","No","No","Yes",0,0,"2025-11-26 04:32:21"
"690054c6fb26e417408f72a7","6925ba00b228bd632a2c6aa3","unknown","Uncategorized","No","No","Yes",0,0,"2025-11-25 14:41:11"
"690054c6fb26e417408f72a7","691b2cd75b6174cfcc80070a","unknown","Uncategorized","No","No","Yes",0,0,"2025-11-25 13:24:24"
"690054c6fb26e417408f72a7","691b2ea96b68b5bc9f695d15","unknown","Uncategorized","No","No","Yes",0,0,"2025-11-25 13:24:23"
"690054c6fb26e417408f72a7","691c3e21807f23b528ba9c75","unknown","Uncategorized","No","No","Yes",0,1,"2025-11-25 09:59:05"
"690054c6fb26e417408f72a7","691c3e7c807f23b528ba9f04","unknown","Uncategorized","No","No","Yes",0,1,"2025-11-25 09:58:46"
"690054c6fb26e417408f72a7","691c5e24b0be9ff13f765733","unknown","Uncategorized","No","No","Yes",0,0,"2025-11-25 09:58:30"
"690054c6fb26e417408f72a7","691c44e5807f23b528baba66","unknown","Uncategorized","No","No","Yes",0,0,"2025-11-25 09:58:30"
"690054c6fb26e417408f72a7","691c6246807f23b528baeefd","unknown","Uncategorized","No","No","Yes",0,0,"2025-11-25 09:58:29"
"690054c6fb26e417408f72a7","691c8fc9807f23b528bb12e9","unknown","Uncategorized","No","No","Yes",0,0,"2025-11-25 09:58:26"
"690054c6fb26e417408f72a7","691d9b51220f0a6610472da7","unknown","Uncategorized","No","No","Yes",0,1,"2025-11-25 09:58:21"
"690054c6fb26e417408f72a7","691d479b5260f38b741acf2d","unknown","Uncategorized","No","No","Yes",0,0,"2025-11-25 09:58:21"
"690054c6fb26e417408f72a7","691d9df1220f0a66104731bb","unknown","Uncategorized","No","No","Yes",0,0,"2025-11-25 09:58:10"
"690054c6fb26e417408f72a7","691d9e07220f0a66104731cc","unknown","Uncategorized","No","No","Yes",0,0,"2025-11-25 09:50:56"
"690054c6fb26e417408f72a7","691da340220f0a6610473c6d","unknown","Uncategorized","No","No","Yes",0,0,"2025-11-25 09:50:52"
"690054c6fb26e417408f72a7","691eb00b220f0a661047b33d","unknown","Uncategorized","No","No","Yes",0,0,"2025-11-25 09:46:49"
"690054c6fb26e417408f72a7","691eafee220f0a661047b329","unknown","Uncategorized","No","No","Yes",0,0,"2025-11-25 09:46:49"
"690054c6fb26e417408f72a7","691eae13220f0a6610479f95","unknown","Uncategorized","No","No","Yes",0,0,"2025-11-25 09:46:49"
"690054c6fb26e417408f72a7","691eac6d220f0a6610479583","unknown","Uncategorized","No","No","Yes",0,0,"2025-11-25 09:46:49"
"690054c6fb26e417408f72a7","691da35f220f0a6610473c83","unknown","Uncategorized","No","No","Yes",0,0,"2025-11-25 09:46:49"
"690054c6fb26e417408f72a7","691eb0da220f0a661047bdcf","unknown","Uncategorized","No","No","Yes",0,0,"2025-11-25 09:46:43"
"690054c6fb26e417408f72a7","691f1f2d98f746576d927e51","unknown","Uncategorized","No","No","Yes",0,0,"2025-11-25 09:46:42"
"690054c6fb26e417408f72a7","691eb91a220f0a661047f25e","unknown","Uncategorized","No","No","Yes",0,0,"2025-11-25 09:46:42"
"690054c6fb26e417408f72a7","6921473f145a5aabefe584d8","unknown","Uncategorized","No","No","Yes",0,0,"2025-11-25 09:46:41"
"690054c6fb26e417408f72a7","692108a35e022efc3d4d7cf9","unknown","Uncategorized","No","No","Yes",0,0,"2025-11-25 09:46:41"
"690054c6fb26e417408f72a7","6920697bb6b7028ff7542c37","unknown","Uncategorized","No","No","Yes",0,0,"2025-11-25 09:46:41"
"690054c6fb26e417408f72a7","692147ba145a5aabefe5856f","unknown","Uncategorized","No","No","Yes",0,0,"2025-11-25 09:46:40"
"690054c6fb26e417408f72a7","69215442b61f46402b1981d9","unknown","Uncategorized","No","No","Yes",0,0,"2025-11-25 09:46:11"
"690054c6fb26e417408f72a7","69215cffae218bc0c5572b1c","unknown","Uncategorized","No","No","Yes",0,0,"2025-11-25 09:46:00"
"690054c6fb26e417408f72a7","692198b9db4e0b97da7e84b3","unknown","Uncategorized","No","No","Yes",0,0,"2025-11-25 09:45:48"
"690054c6fb26e417408f72a7","6921d4d9f5399cbed96d82f2","unknown","Uncategorized","No","No","Yes",0,0,"2025-11-25 09:43:33"
"690054c6fb26e417408f72a7","6923e6856bc53297d302ec0c","unknown","Uncategorized","No","No","Yes",0,0,"2025-11-25 09:43:30"
"690054c6fb26e417408f72a7","6923e77d97388df402830be2","unknown","Uncategorized","No","No","Yes",0,0,"2025-11-25 09:40:36"
"690054c6fb26e417408f72a7","6923e79497388df402830c89","unknown","Uncategorized","No","No","Yes",0,0,"2025-11-25 09:39:39"
"690054c6fb26e417408f72a7","6923e7db97388df402830d03","unknown","Uncategorized","No","No","Yes",0,0,"2025-11-25 09:39:37"
"690054c6fb26e417408f72a7","6923e81c97388df402830d44","unknown","Uncategorized","No","No","Yes",0,0,"2025-11-25 09:39:30"
"690054c6fb26e417408f72a7","6923e83097388df402830d8c","unknown","Uncategorized","No","No","Yes",0,0,"2025-11-25 09:39:28"
"690054c6fb26e417408f72a7","6923e8c997388df402831074","unknown","Uncategorized","No","No","Yes",0,0,"2025-11-25 09:39:20"
"690054c6fb26e417408f72a7","6923e8db97388df4028310aa","unknown","Uncategorized","No","No","Yes",0,0,"2025-11-25 09:39:19"
"690054c6fb26e417408f72a7","6923ea9797388df402831768","unknown","Uncategorized","No","No","Yes",0,0,"2025-11-25 09:39:16"
"690054c6fb26e417408f72a7","6923ead797388df4028318fa","unknown","Uncategorized","No","No","Yes",0,0,"2025-11-25 09:39:15"
"690054c6fb26e417408f72a7","6923eb7889723afc63e1b727","unknown","Uncategorized","No","No","Yes",0,0,"2025-11-25 09:39:14"
"690054c6fb26e417408f72a7","69251ab997388df4028397fd","unknown","Uncategorized","No","No","Yes",0,2,"2025-11-25 09:34:55"
"690054c6fb26e417408f72a7","69254b2697388df40283d709","unknown","Uncategorized","No","No","Yes",0,0,"2025-11-25 09:12:55"
"690054c6fb26e417408f72a7","69253f7a97388df40283a842","unknown","Uncategorized","No","No","Yes",0,0,"2025-11-25 09:12:55"
"690054c6fb26e417408f72a7","69253a29b4a29881e7af7d1b","unknown","Uncategorized","No","No","Yes",0,0,"2025-11-25 09:12:55"
"690054c6fb26e417408f72a7","692428b3245b159f8dfd55dd","unknown","Uncategorized","No","No","Yes",0,0,"2025-11-25 09:12:55"
"690054c6fb26e417408f72a7","6923fb8097388df402832ef6","unknown","Uncategorized","No","No","Yes",0,0,"2025-11-25 09:12:55"
"690054c6fb26e417408f72a7","6923f2e697388df402832902","unknown","Uncategorized","No","No","Yes",0,0,"2025-11-25 09:12:55"
"690054c6fb26e417408f72a7","6923f2c097388df4028328db","unknown","Uncategorized","No","No","Yes",0,0,"2025-11-25 09:12:55"
"690054c6fb26e417408f72a7","6923f2a597388df40283282f","unknown","Uncategorized","No","No","Yes",0,0,"2025-11-25 09:12:55"
"690054c6fb26e417408f72a7","6923f20a7f49e85123855e84","unknown","Uncategorized","No","No","Yes",0,0,"2025-11-25 09:12:55"